chebi	drugbank
48042	DB11848
5130	DB00712
44612	DB08323
35863	DB09276
267413	DB01014
26836	DB11309
4781	DB13393
17418	DB02406
9605	DB00775
30111	DB04444
16881	DB04532
30863	DB03209
17486	DB00424
50992	DB11898
9398	DB00706
28085	DB01687
16830	DB01828
61076	DB05015
41378	DB02779
22066	DB03544
30831	DB04553
3745	DB01190
16332	DB04034
31530	DB12243
61745	DB04386
3537	DB09008
58375	DB08847
59898	DB01758
28794	DB04665
50815	DB00957
6030	DB00951
33216	DB06973
6704	DB00643
17597	DB03560
28490	DB14103
59118	DB12710
32589	DB14500
157175	DB00467
4910	DB00292
55486	DB13553
9711	DB00508
16828	DB00150
57952	DB03484
61058	DB00968
15714	DB08587
17431	DB08838
62166	DB13005
34761	DB11412
18397	DB04325
44348	DB01902
9150	DB00641
30069	DB06783
9753	DB00197
16946	DB02070
61074	DB09177
3479	DB01140
5100	DB01099
8069	DB01174
50567	DB00922
39505	DB04577
59477	DB01243
35114	DB04279
36751	DB02543
2674	DB00613
6456	DB00281
61936	DB03847
17682	DB14020
57972	DB00160
27919	DB14031
31677	DB14545
17929	DB01686
17394	DB12444
51038	DB00805
3558	DB00439
8597	DB00344
50199	DB00487
15686	DB04364
43081	DB07881
41965	DB04429
29002	DB04349
27997	DB04224
7514	DB01400
8711	DB01103
568021	DB13343
15793	DB03644
30841	DB02951
8884	DB00728
45927	DB03347
58773	DB02235
60799	DB11823
3761	DB00628
28984	DB01370
41607	DB04381
17606	DB05382
71223	DB06813
71019	DB04865
68478	DB01590
68606	DB08864
43040	DB02109
68855	DB08824
68845	DB08822
68590	DB08874
71229	DB06402
70746	DB06695
82716	DB08990
82722	DB12472
45353	DB02557
82941	DB01319
47344	DB03496
90851	DB05239
90929	DB11560
90933	DB06016
90942	DB09570
93307	DB13056
93414	DB04905
94490	DB11778
94513	DB00703
94563	DB09084
94598	DB13790
94646	DB06623
94661	DB05022
94773	DB13759
94777	DB08922
94793	DB14904
94796	DB01033
94805	DB05016
94807	DB00507
94820	DB11502
95001	DB12181
95016	DB12980
95043	DB12254
124965	DB12764
125628	DB05220
125354	DB06809
91325	DB07970
91359	DB14980
91383	DB07794
91407	DB11763
91408	DB12500
91437	DB12432
43208	DB04079
67168	DB02196
67040	DB00118
65345	DB12601
43978	DB03799
40070	DB03410
41183	DB03886
63630	DB00323
64213	DB12328
64310	DB08865
63637	DB08881
63082	DB00983
63334	DB01301
64028	DB04844
25879	DB06154
63605	DB04845
63624	DB01265
40909	DB07401
50212	DB06153
63580	DB00811
63450	DB11526
64564	DB12856
40799	DB07373
44616	DB04468
51043	DB01079
40940	DB07441
64341	DB07880
63635	DB01610
59030	DB12843
65552	DB04886
66913	DB05013
68595	DB05521
45409	DB00503
46229	DB01861
78825	DB15254
87826	DB14103
88176	DB11279
94398	DB13583
133584	DB12856
131762	DB04147
137948	DB03364
45086	DB04484
75399	DB02690
75501	DB04806
75902	DB14008
75984	DB01195
76252	DB13629
76399	DB08283
76565	DB02688
76917	DB00401
77148	DB14815
77319	DB12539
9139	DB00203
9362	DB00870
21412	DB03380
82975	DB09049
83531	DB01171
83719	DB15580
84043	DB14524
84050	DB05109
6896	DB08805
7566	DB11820
90529	DB07601
90544	DB07811
9336	DB13248
9466	DB01420
9658	DB08074
9695	DB06753
7865	DB01192
7954	DB01359
79699	DB06287
79878	DB01479
79995	DB03791
2150	DB07447
80630	DB00762
2965	DB12054
31306	DB13960
31426	DB01553
31561	DB13956
80765	DB06461
32162	DB00664
32229	DB06823
32321	DB14002
34689	DB11396
81685	DB11335
81717	DB13800
34888	DB04552
34896	DB13533
35064	DB11478
40444	DB03623
40953	DB03044
82155	DB05377
4712	DB06410
47188	DB03084
49	DB14066
82460	DB13837
5543	DB00365
6690	DB00934
6712	DB13758
6755	DB01365
8869	DB00884
133023	DB11611
137236	DB02255
139334	DB12979
17224	DB07118
27701	DB00595
29474	DB04228
32058	DB13431
35434	DB03346
37050	DB03612
39408	DB03814
39839	DB04052
40071	DB07096
40279	DB00437
40407	DB03232
41200	DB02982
41218	DB03345
41934	DB01245
42101	DB04419
42191	DB00974
42223	DB07715
43415	DB09213
43661	DB04726
44230	DB03779
44356	DB02371
44409	DB03461
44492	DB03037
44811	DB02261
45230	DB03760
45262	DB03726
48765	DB02994
48786	DB07551
48814	DB02650
49000	DB02192
49003	DB03108
49132	DB04282
49509	DB03259
49713	DB01356
50025	DB15574
50729	DB01204
623918	DB12939
6698	DB04200
28498	DB04944
31524	DB06262
39764	DB01635
43078	DB02210
43580	DB02758
45165	DB02749
45425	DB04352
7496	DB00220
77734	DB14063
77822	DB13787
78408	DB02082
78420	DB12052
78886	DB07726
8654	DB11156
41384	DB03999
87690	DB00243
3231	DB11148
86290	DB03444
86384	DB08956
86541	DB11323
71952	DB11651
72690	DB08910
73788	DB11876
3763	DB04017
79369	DB05719
85204	DB14111
31034	DB08541
4631	DB08995
86204	DB14527
8633	DB12290
45773	DB04785
85083	DB08934
85161	DB00377
85164	DB09079
85182	DB09183
85269	DB08972
9997	DB01669
78292	DB13381
85545	DB14572
90677	DB12745
134677	DB05219
134699	DB11632
134732	DB13645
134742	DB11637
134744	DB13344
134769	DB13572
134774	DB13244
134788	DB13601
134796	DB13285
134813	DB11386
134824	DB08969
134838	DB01546
134859	DB09011
134875	DB13577
134939	DB08953
135034	DB13272
135061	DB13219
135066	DB13291
135069	DB13561
135104	DB13255
135118	DB13406
135119	DB01531
135121	DB13445
135128	DB13457
135129	DB01423
135136	DB13855
135144	DB13808
135165	DB13489
135175	DB13630
135192	DB12314
135205	DB13488
135210	DB01500
135222	DB08801
135275	DB13545
135303	DB13497
135306	DB13316
135315	DB13335
135328	DB13675
135358	DB04823
135361	DB11315
135379	DB09000
135387	DB13767
135396	DB01461
135400	DB15596
135408	DB13820
135432	DB13234
135445	DB12221
135447	DB13695
135489	DB01475
135491	DB01433
135517	DB13794
135531	DB08997
135535	DB08983
135560	DB13555
135573	DB09383
135610	DB13670
135613	DB06213
135616	DB08967
135619	DB13843
135624	DB09095
135628	DB13367
135662	DB13552
135673	DB11614
135676	DB12123
135692	DB13258
135706	DB13760
135726	DB13591
135745	DB14633
135747	DB04856
135771	DB08836
135781	DB08978
135789	DB13239
135811	DB09090
135813	DB11935
135830	DB09534
135840	DB13490
135847	DB04851
135862	DB09340
135863	DB11618
135888	DB00337
135931	DB05351
135944	DB11368
135948	DB11640
135950	DB13517
135970	DB13383
135978	DB11594
135994	DB13718
136002	DB09443
136023	DB13267
136029	DB13204
136051	DB13125
31296	DB09223
31302	DB01558
31531	DB13333
31650	DB14677
31663	DB06786
31715	DB09487
31827	DB00463
31940	DB13185
32071	DB11892
32163	DB13485
5128	DB00690
6761	DB00371
31194	DB13780
31221	DB13853
3125	DB09020
31424	DB13256
3668	DB14006
5127	DB00846
6538	DB00455
83101	DB01747
47564	DB14512
37510	DB11157
27808	DB01452
32374	DB04066
45969	DB04562
35045	DB11117
30935	DB02522
36373	DB00309
42088	DB04678
6402	DB01097
41917	DB01756
17270	DB01779
57726	DB02853
60562	DB03317
59170	DB00272
17336	DB00162
37574	DB03416
59514	DB01594
27565	DB00233
6541	DB00678
46837	DB04267
7465	DB00704
17859	DB03553
32130	DB11080
46557	DB00399
18300	DB04299
3918	DB05974
16827	DB04652
28775	DB04703
17015	DB00140
5683	DB00739
32111	DB12418
9169	DB12604
29133	DB14682
5098	DB00301
17134	DB13251
17196	DB00174
15603	DB00149
28689	DB01708
32404	DB03848
50659	DB04855
48645	DB02561
16330	DB02901
17741	DB01844
27827	DB13495
42819	DB03237
29377	DB09460
16356	DB02315
28479	DB03839
16750	DB02857
45457	DB03474
48574	DB00812
27931	DB03277
16933	DB04038
84069	DB01919
84883	DB08887
85010	DB06210
102167	DB13083
113451	DB14482
131716	DB06160
131729	DB13461
141530	DB11956
144319	DB14191
17816	DB03158
28933	DB05450
7983	DB00312
6650	DB12751
52289	DB08059
15695	DB04308
17455	DB02710
41804	DB07621
43088	DB03144
28230	DB01094
30027	DB03350
26710	DB09153
1391	DB01454
4885	DB00609
16836	DB04417
46785	DB14000
6888	DB00959
17905	DB09110
15729	DB00129
102265	DB01582
15551	DB00917
4513	DB00266
28666	DB11858
53486	DB00154
52015	DB09319
47819	DB03144
34496	DB07302
31898	DB13145
17939	DB08437
15760	DB08841
28362	DB07918
40118	DB07127
16433	DB01880
4630	DB11259
50156	DB09015
50782	DB01134
41323	DB04233
2675	DB00543
15768	DB03374
27594	DB09278
6942	DB00350
18225	DB02942
53763	DB01439
51368	DB04948
33375	DB12091
31597	DB07477
21371	DB04029
18358	DB00553
18353	DB12087
18263	DB01661
61448	DB01862
135538	DB13524
15782	DB06827
6605	DB04829
28125	DB03756
15397	DB11345
15382	DB08921
53292	DB07701
17750	DB06756
59692	DB00942
31448	DB00606
52172	DB04868
61033	DB00569
16092	DB04329
28487	DB00206
4638	DB01231
27732	DB00201
7492	DB00716
32285	DB09510
9908	DB15588
8871	DB00734
9123	DB01104
8247	DB00670
37580	DB14623
59059	DB12765
18335	DB02142
15842	DB02957
31981	DB01608
28201	DB11457
6636	DB09407
57843	DB02345
28716	DB04257
34584	DB01541
17440	DB04214
45783	DB00619
30813	DB03600
16880	DB03947
28885	DB02145
16867	DB02893
17592	DB03473
51805	DB14075
48273	DB00953
35696	DB14206
8404	DB00750
5834	DB01892
3044	DB00865
6123	DB12465
9445	DB01162
4887	DB00593
32139	DB01390
49956	DB13453
8772	DB00481
17200	DB03041
16905	DB13863
518413	DB01616
59560	DB00360
9321	DB09324
4325	DB00250
132842	DB00891
16742	DB02262
17661	DB02547
46938	DB03068
3093	DB15056
40521	DB01985
59788	DB01146
27810	DB11085
17997	DB09152
553827	DB01408
4822	DB01253
53776	DB00240
17697	DB04275
16031	DB08652
15672	DB01694
53351	DB09129
45496	DB08547
51052	DB04967
35247	DB03929
585948	DB01023
10056	DB15357
46814	DB08844
60257	DB11815
18071	DB03517
46372	DB08690
48339	DB01026
32184	DB00799
27436	DB06710
30794	DB02175
40538	DB02464
27899	DB00515
29608	DB04202
66331	DB15359
74848	DB02045
75037	DB09082
75247	DB13642
75261	DB02877
75283	DB09031
145590	DB01936
145412	DB13918
145429	DB06365
145435	DB11667
131156	DB12242
91662	DB09403
92833	DB12478
95178	DB13844
94339	DB08958
94380	DB13309
94433	DB12834
17122	DB12536
141213	DB12938
16236	DB00898
5441	DB01016
30347	DB14189
49166	DB13848
58128	DB12444
43060	DB07892
32588	DB00761
44939	DB08410
4024	DB00979
17594	DB09526
2637	DB00479
32315	DB01198
38927	DB05524
9464	DB13944
17552	DB04315
147675	DB00249
45126	DB03304
28946	DB01412
35669	DB02924
28499	DB01852
28078	DB13154
101085	DB01144
4027	DB00531
27666	DB00970
28838	DB00137
16857	DB00156
37867	DB11290
439329	DB01191
16919	DB00148
18050	DB00130
39397	DB13752
29033	DB14510
15380	DB03699
4551	DB00390
33681	DB09155
17364	DB02655
2788	DB00964
4814	DB00876
8346	DB06715
17549	DB00855
30754	DB04166
2955	DB00207
8888	DB00268
37333	DB00225
6343	DB00598
32902	DB07815
47727	DB08719
50662	DB00786
17712	DB02134
62881	DB11933
18406	DB01700
4868	DB01196
5062	DB01216
35854	DB00577
16908	DB00157
7936	DB00715
28827	DB06727
18305	DB11217
17650	DB00741
59213	DB00430
51817	DB12343
15440	DB11460
195280	DB06697
17924	DB01638
58251	DB02083
3172	DB01158
42024	DB04676
39901	DB03018
4888	DB00754
28864	DB00684
24757	DB14135
16530	DB04074
38666	DB05289
404903	DB00303
16664	DB00518
42976	DB04526
28876	DB01042
31523	DB14655
30805	DB03017
16422	DB01536
15468	DB03170
42539	DB02767
102524	DB00241
30050	DB14154
18145	DB00163
40893	DB07391
43575	DB03801
8214	DB00960
50161	DB05428
3750	DB00636
16474	DB02338
18185	DB15394
15918	DB03798
691037	DB00547
17568	DB03419
28659	DB14151
490877	DB00900
31183	DB13167
71200	DB08895
68643	DB14674
21563	DB11102
67272	DB06641
68534	DB08899
82699	DB04911
82702	DB09030
82720	DB09038
31781	DB01601
82708	DB07859
82714	DB08349
90879	DB09343
90943	DB09330
90960	DB01409
107660	DB01931
92070	DB12518
93363	DB06711
94510	DB04820
94562	DB11958
94615	DB13573
94686	DB01083
94714	DB09273
94723	DB11426
94731	DB08984
94758	DB08806
103932	DB14068
94843	DB06652
125484	DB13070
125535	DB12395
125562	DB02565
91353	DB12429
91398	DB12200
91414	DB11740
91433	DB05913
92269	DB13740
92338	DB13550
132041	DB14213
47566	DB03328
140421	DB12364
140621	DB00565
143080	DB04419
143120	DB07267
66910	DB06626
41611	DB03415
65148	DB01818
67033	DB14706
5893	DB00808
64610	DB01520
7575	DB00393
63223	DB02023
63623	DB00566
63748	DB08409
64089	DB03701
63612	DB01280
64187	DB12783
31832	DB09543
64216	DB13520
63845	DB00634
57981	DB02556
63918	DB09274
63560	DB09091
63584	DB06772
57743	DB00155
46295	DB00862
63451	DB11886
39959	DB07072
31644	DB00538
33322	DB11346
64301	DB09116
15640	DB00650
70752	DB14726
65408	DB05767
88339	DB15399
132767	DB09147
132774	DB04847
133530	DB14630
138033	DB06446
27960	DB04223
75384	DB04331
75922	DB06802
76005	DB06395
76010	DB08930
76138	DB11518
76160	DB08955
76263	DB13527
76612	DB09053
77013	DB06732
77092	DB11410
77152	DB06748
77325	DB02127
77397	DB00215
77431	DB00297
8435	DB00433
3493	DB01329
45141	DB02756
83527	DB06700
84073	DB05128
6931	DB00683
8985	DB11869
90205	DB04977
90241	DB11641
7773	DB00904
9747	DB12025
10607	DB12450
125	DB13153
79988	DB07425
8056	DB13606
8059	DB01579
29710	DB14109
31675	DB14543
31683	DB05683
32289	DB13459
32322	DB12911
34208	DB11221
81005	DB15565
81292	DB13637
81293	DB13690
81301	DB13531
81302	DB13224
34745	DB13954
34772	DB12923
34791	DB00473
34831	DB14659
34930	DB14626
3646	DB01556
40300	DB07217
4109	DB01486
81896	DB13347
81987	DB15230
4609	DB13336
4650	DB01548
4800	DB13757
5856	DB00308
6709	DB00737
31638	DB00947
132082	DB11841
132233	DB00182
133013	DB05541
140408	DB15445
140478	DB11692
116735	DB01086
15963	DB14704
27575	DB02930
3087	DB12480
31413	DB00349
31783	DB06725
33198	DB13180
34687	DB13716
35290	DB13963
35940	DB09421
3716	DB00827
40154	DB01629
40326	DB02662
40618	DB05383
40836	DB03926
40968	DB06543
41341	DB04501
41928	DB03722
41948	DB06243
42040	DB07661
42255	DB03823
42394	DB03500
42492	DB07764
42566	DB02087
42820	DB00536
43136	DB02486
43433	DB01739
43943	DB01979
43960	DB02810
44303	DB03552
44932	DB01614
45373	DB00259
45931	DB01987
46195	DB00316
46322	DB03448
46534	DB04436
46788	DB02249
47395	DB04529
47980	DB04538
48790	DB07552
48828	DB14205
48950	DB03817
49145	DB02228
49375	DB01254
49468	DB14521
49477	DB03006
49544	DB14525
49644	DB01671
49701	DB14579
50305	DB01179
51246	DB02166
52717	DB00188
546274	DB08294
566274	DB03057
5864	DB01181
593538	DB04761
599928	DB04570
6741	DB00814
68236	DB08407
6997	DB00680
34910	DB13415
40443	DB07331
47249	DB02277
6520	DB01206
7025	DB00410
77780	DB06729
77942	DB09041
78549	DB09286
79042	DB09071
87184	DB03808
87738	DB14055
87738	DB02507
139151	DB04362
72297	DB08827
72322	DB09563
73112	DB04333
73172	DB07338
102029	DB02712
9449	DB00871
9667	DB00620
40477	DB02299
41039	DB11748
44278	DB03740
44841	DB02119
45257	DB03615
45558	DB03853
49339	DB06838
78948	DB03915
78290	DB03552
600103	DB00080
85089	DB09027
85183	DB09296
85202	DB06614
27644	DB09093
29673	DB11753
85609	DB04996
90620	DB04879
90683	DB05412
90721	DB02044
134716	DB09128
134823	DB13662
134828	DB13604
134844	DB14159
134892	DB06261
134936	DB00885
134961	DB13817
134992	DB13768
135048	DB13810
135074	DB08988
135083	DB13358
135089	DB09288
135105	DB13435
135124	DB13801
135156	DB09290
135187	DB04826
135191	DB13819
135223	DB12727
135272	DB08986
135295	DB01511
135309	DB13623
135342	DB00234
135364	DB13463
135381	DB12902
135392	DB13652
135443	DB13507
135461	DB13692
135465	DB08928
135466	DB12598
135495	DB13542
135569	DB09204
135630	DB06751
135635	DB08796
135654	DB11783
135660	DB00886
135666	DB01349
135685	DB13684
135708	DB13788
135710	DB09206
135716	DB13821
135736	DB06268
135754	DB13643
135762	DB14643
135775	DB13676
135778	DB09003
135779	DB06263
135780	DB13500
135787	DB08973
135793	DB09227
135810	DB06199
135821	DB14001
135841	DB01419
135845	DB04834
135848	DB13631
135876	DB00385
135893	DB13861
135894	DB06763
135899	DB09059
135927	DB11275
135930	DB00528
135964	DB06683
135980	DB09326
136000	DB13389
136008	DB11260
136010	DB11327
136017	DB13614
136021	DB13388
136036	DB13674
31331	DB13452
31397	DB01410
31421	DB13617
31583	DB09166
31689	DB12233
31845	DB13456
31952	DB13403
32152	DB11998
32255	DB13311
5109	DB01047
5603	DB00801
6810	DB13586
134066	DB04083
29708	DB11248
31360	DB09010
31605	DB13582
31911	DB06712
32097	DB14727
32278	DB12661
6757	DB00532
9727	DB00347
138865	DB05501
29746	DB02691
16704	DB02745
3176	DB01194
50369	DB11255
31991	DB13212
347401	DB01090
17957	DB02969
49993	DB11589
4530	DB00937
48080	DB07348
9086	DB01037
3165	DB12126
16977	DB00160
59177	DB01237
17660	DB08768
17061	DB02174
7466	DB13169
42575	DB02066
3638	DB00608
18019	DB00123
40432	DB07297
1712	DB12308
2208	DB01033
46823	DB08844
28475	DB03026
16584	DB04714
17823	DB00136
4974	DB00426
15687	DB02788
4356	DB00746
50648	DB00523
16015	DB00142
16985	DB07375
17053	DB00128
44061	DB03071
15465	DB04045
9437	DB11630
391960	DB00496
503442	DB13584
45068	DB08412
367163	DB01264
2791	DB01352
58401	DB03542
18289	DB04745
34892	DB08313
9544	DB00372
4450	DB00035
32354	DB14739
40356	DB03567
145791	DB00209
45626	DB03303
131723	DB13699
131726	DB13795
131731	DB13778
131733	DB13739
131753	DB07938
131527	DB09414
132084	DB08009
42156	DB07702
553473	DB01332
39634	DB06876
27698	DB13971
17276	DB07810
46311	DB04059
17665	DB02007
50931	DB01239
8736	DB03322
46068	DB04503
3374	DB06774
251412	DB00546
15873	DB02657
9334	DB00795
3216	DB00921
16480	DB00435
16675	DB01796
10642	DB03106
5615	DB01159
17630	DB01172
16632	DB02130
17287	DB13191
30796	DB03499
28052	DB00414
31205	DB01025
30751	DB01942
10782	DB15289
18404	DB03454
59141	DB13469
39585	DB00190
57476	DB04193
28837	DB04519
36229	DB04116
15533	DB02910
8713	DB00881
17407	DB07780
53770	DB01615
17241	DB02757
355510	DB00229
15776	DB03313
53621	DB14197
3654	DB00310
16929	DB03484
30769	DB04272
31414	DB01013
17303	DB00295
41189	DB01955
16414	DB00161
17252	DB14570
3988	DB04838
17113	DB04481
2922	DB00995
27617	DB11430
9587	DB01607
28099	DB02304
33629	DB01370
10125	DB00425
473990	DB00442
17688	DB00184
38677	DB11408
43577	DB03548
15978	DB02515
36795	DB00476
2877	DB00168
15903	DB02379
42090	DB03278
47821	DB03144
2972	DB00181
34918	DB11071
16057	DB01785
30763	DB04242
27632	DB04619
57912	DB00150
9774	DB01199
17754	DB09462
16533	DB04537
3605	DB14658
3720	DB00604
9546	DB11590
48213	DB13908
16217	DB04564
27704	DB04132
412516	DB12298
17621	DB03247
27961	DB03852
16238	DB03147
59540	DB03606
8768	DB01129
160246	DB01424
38945	DB11497
52427	DB13337
24814	DB12881
472552	DB12028
43786	DB02470
28972	DB02159
26689	DB09140
9738	DB00726
27779	DB00400
9337	DB06147
174690	DB01407
161680	DB00355
3089	DB13028
3614	DB00878
575568	DB01117
37945	DB13270
18224	DB14188
3131	DB04813
35553	DB01074
44480	DB08296
31980	DB00556
37788	DB01962
119915	DB00813
43711	DB08120
4911	DB00773
53753	DB13038
45412	DB04778
15544	DB00770
8357	DB09345
38545	DB01098
16243	DB04216
30429	DB11659
39455	DB06826
44722	DB03354
9130	DB01236
7820	DB00621
30365	DB13984
53459	DB14187
8887	DB00533
30703	DB05088
364453	DB00821
34393	DB11121
43945	DB14078
74619	DB11617
74725	DB01995
61397	DB11828
145407	DB11462
145428	DB11978
145499	DB00843
131168	DB11648
91780	DB13227
92579	DB00514
92607	DB00353
95089	DB11743
92923	DB01180
93004	DB07692
94291	DB05448
94295	DB06179
94311	DB12332
94373	DB11675
94434	DB08980
142469	DB01701
143782	DB08807
27607	DB02513
53654	DB14725
7573	DB00665
4788	DB01228
28544	DB01396
44052	DB03976
60072	DB01613
28177	DB00277
59224	DB00050
17456	DB01692
3398	DB00748
5775	DB01275
33070	DB02740
9212	DB01208
16660	DB03430
38291	DB11512
8249	DB00554
338412	DB07374
17698	DB00446
37084	DB15344
30065	DB15429
2710	DB01524
5855	DB01050
15746	DB00127
5779	DB00956
28229	DB11815
8430	DB00721
106738	DB07778
15396	DB01744
18820	DB03720
17609	DB14539
31206	DB06767
156095	DB06708
49073	DB09348
27568	DB11135
27891	DB04370
102130	DB01581
58045	DB00167
17489	DB02527
31348	DB01101
28814	DB08399
49028	DB02736
60782	DB11519
62823	DB14199
32888	DB00431
35812	DB11446
3219	DB01156
149836	DB00560
51793	DB04143
57595	DB00117
5613	DB00502
15738	DB02010
27812	DB12697
18420	DB01378
17705	DB02501
15956	DB00121
6438	DB01210
15765	DB01235
27573	DB12982
4710	DB01142
16089	DB04070
15882	DB03255
238698	DB01295
126598	DB00587
17345	DB01972
29780	DB02793
4042	DB13721
9939	DB01339
16522	DB11337
8802	DB00899
48520	DB06393
61092	DB01571
48390	DB01012
18418	DB12779
17306	DB03323
9254	DB14077
5818	DB00557
6908	DB11473
3423	DB00262
17013	DB01643
16656	DB01874
17509	DB02282
4464	DB13679
50095	DB13242
59173	DB00006
3213	DB00887
28507	DB03765
18280	DB02279
29034	DB13949
58359	DB00130
28162	DB03171
17858	DB03310
291342	DB00967
16469	DB00783
4562	DB00320
16892	DB02022
27958	DB00907
18099	DB03703
17052	DB04328
32003	DB11450
28502	DB00797
16301	DB12529
58448	DB00451
18026	DB01672
30753	DB02362
61203	DB00913
39723	DB02947
42383	DB03822
9241	DB00421
27754	DB01675
16523	DB03929
16796	DB01065
28262	DB01093
17439	DB00115
71404	DB04194
68575	DB05039
70708	DB09123
65415	DB12326
17044	DB02548
82717	DB14569
82752	DB09039
83438	DB07996
41753	DB01697
82715	DB07941
82980	DB00251
82985	DB03785
90844	DB11362
90908	DB09291
90936	DB11363
113556	DB11278
91991	DB09295
92056	DB11366
92118	DB03921
93403	DB12867
93430	DB07628
94459	DB14025
94514	DB09552
94607	DB13216
94621	DB13726
94666	DB13025
94691	DB05552
94692	DB06188
94759	DB12245
94760	DB07423
114195	DB13551
94782	DB04849
94787	DB13292
94810	DB01411
95060	DB12021
95067	DB13877
91327	DB11800
91348	DB07159
91514	DB12554
91518	DB08985
92278	DB13791
93635	DB01247
93749	DB11254
45002	DB08377
140592	DB06306
140628	DB12834
143527	DB12406
64945	DB02497
27860	DB01816
41480	DB02029
65346	DB08897
65209	DB11845
64733	DB09125
65173	DB04946
39955	DB07067
46171	DB04500
6427	DB00007
63617	DB01186
5292	DB02424
63214	DB13470
43029	DB04400
63589	DB06414
64558	DB13972
64356	DB00230
63619	DB01182
63607	DB00601
9678	DB03656
41500	DB06819
63629	DB00697
32168	DB00391
29320	DB01373
63577	DB00709
42588	DB05076
63611	DB00218
63581	DB00649
44245	DB13075
68610	DB08882
68609	DB04933
65484	DB06581
68634	DB14542
87824	DB03790
88220	DB07876
88249	DB07101
133545	DB02216
31575	DB13628
140173	DB14051
140174	DB14052
75460	DB02418
75557	DB11250
75953	DB04529
76004	DB08908
76128	DB09214
76162	DB08951
76200	DB09218
76223	DB00465
76277	DB11466
76306	DB11344
8198	DB11263
45441	DB02340
47617	DB03302
5778	DB00999
82864	DB13425
83517	DB13444
83804	DB01267
6839	DB00723
6900	DB01336
8909	DB13772
6965	DB01618
90369	DB13978
90528	DB07138
90531	DB12369
9640	DB08603
31477	DB13671
31485	DB06781
8065	DB01619
8077	DB00925
80774	DB08834
3209	DB04830
34187	DB01434
81296	DB13799
81304	DB13486
34373	DB06554
34474	DB09378
34521	DB09347
34571	DB14176
34823	DB13806
81395	DB12385
81494	DB11552
34893	DB13487
4037	DB13240
82125	DB11456
4537	DB11511
4601	DB14638
47628	DB02550
5008	DB05252
6005	DB00221
6444	DB00854
8694	DB01589
88542	DB14084
8862	DB11738
88667	DB09496
132986	DB12183
43602	DB05990
137064	DB11911
134719	DB09050
119573	DB00705
204928	DB00493
21363	DB03790
25682	DB02302
261649	DB01294
29042	DB02843
31623	DB00591
33118	DB11326
33404	DB03688
3485	DB00535
35702	DB13598
35986	DB03143
39867	DB00313
40205	DB03177
40303	DB00227
4046	DB00434
40673	DB03915
40933	DB01889
41034	DB02743
41059	DB07457
41070	DB04640
41241	DB07506
41487	DB04049
41879	DB01234
41977	DB00694
42098	DB03671
42111	DB03066
42121	DB04517
42429	DB03270
42491	DB07776
42699	DB02348
42758	DB01914
43065	DB02494
43197	DB07930
43405	DB02114
43896	DB02900
43955	DB03300
43991	DB02649
44115	DB03434
44177	DB04337
44185	DB00563
44241	DB01011
44400	DB04212
44423	DB01005
44434	DB04409
44454	DB03867
44460	DB08262
44485	DB02967
44747	DB08327
45564	DB04781
45616	DB04784
45895	DB03900
45979	DB00730
46077	DB03594
46261	DB03694
48723	DB05137
49512	DB01925
49659	DB04445
49706	DB03138
49727	DB02176
50169	DB11859
50663	DB00558
50885	DB00687
52360	DB03690
584020	DB00247
609827	DB01833
63598	DB01137
6432	DB00848
6710	DB00939
68352	DB12665
6916	DB00379
74046	DB07052
74562	DB04165
27090	DB13304
27407	DB11336
34727	DB02852
40131	DB04051
40547	DB04620
41094	DB04638
41268	DB04094
43996	DB12967
6843	DB01028
77572	DB07615
77590	DB06413
77796	DB01405
78734	DB00572
78739	DB11403
79033	DB09148
9200	DB02859
9448	DB00857
9620	DB00525
5195	DB00614
86284	DB04482
86992	DB08544
87065	DB11183
87202	DB11182
66309	DB15495
70824	DB07069
71975	DB05626
72317	DB08875
73058	DB14037
73167	DB14062
116962	DB14207
34849	DB11429
44107	DB03895
45453	DB01910
41656	DB07594
81724	DB03608
82647	DB11541
85433	DB02446
47414	DB07775
86235	DB13698
32016	DB04951
85241	DB06801
85260	DB06145
134709	DB11642
134710	DB05659
134720	DB09262
134746	DB13713
134768	DB09249
134776	DB13807
134814	DB13655
134826	DB01527
134865	DB13341
134868	DB09252
134871	DB13211
134884	DB01353
134893	DB13064
134898	DB13438
134902	DB13804
134916	DB13754
134965	DB13222
134972	DB13228
134978	DB09246
134988	DB09247
134990	DB06594
135025	DB13289
135029	DB14763
135042	DB13659
135044	DB09306
135047	DB11160
135058	DB13611
135076	DB09304
135082	DB13530
135097	DB01534
135159	DB13439
135169	DB13505
135180	DB13724
135224	DB13114
135227	DB09016
135233	DB08996
135256	DB13782
135288	DB09007
135349	DB01252
135354	DB13681
135356	DB01564
135424	DB04822
135435	DB13708
135446	DB09124
135451	DB01482
135453	DB01538
135490	DB13368
135499	DB13803
135516	DB09271
135552	DB06480
135570	DB01489
135593	DB05265
135612	DB12846
135636	DB08966
135646	DB13651
135686	DB06274
135688	DB13989
135730	DB13451
135731	DB01289
135744	DB13042
135755	DB12708
135803	DB13205
135817	DB09062
135820	DB13003
135825	DB13756
135829	DB09335
135843	DB13265
135861	DB04814
135922	DB01278
135929	DB06207
135939	DB06218
135942	DB11629
135949	DB06403
135956	DB06217
135961	DB06699
135966	DB12338
135967	DB06634
135974	DB11096
135981	DB13952
135990	DB12184
135991	DB13230
135995	DB13840
135998	DB13797
136009	DB11256
136027	DB13129
31215	DB05288
31232	DB09229
31308	DB09017
31759	DB12770
32126	DB06739
32131	DB13433
32241	DB08811
21484	DB07951
31176	DB04711
31305	DB12401
31640	DB01514
31910	DB13407
32010	DB09210
32019	DB13744
32040	DB13514
6845	DB00462
6954	DB00648
9671	DB00384
29101	DB14516
37083	DB03533
18314	DB04185
3013	DB00436
520985	DB00918
2666	DB00321
61084	DB01535
17536	DB04380
35778	DB00789
43830	DB08167
57427	DB00149
5557	DB01170
18258	DB00279
2379	DB01193
45265	DB03475
3181	DB01200
45422	DB04161
27478	DB01089
28860	DB03156
45223	DB03329
44632	DB03253
17633	DB04022
2654	DB00357
4917	DB09086
15843	DB04557
15428	DB00145
29069	DB02746
7454	DB00844
15710	DB04401
53608	DB02397
17515	DB03408
17604	DB01714
3347	DB13919
55344	DB01612
27543	DB07301
29063	DB01055
8746	DB13139
617099	DB00389
17347	DB00624
29146	DB01952
15792	DB02201
39382	DB15006
51032	DB00751
52020	DB07640
39255	DB11495
4681	DB00204
35686	DB02606
39624	DB04314
16797	DB11710
16224	DB01982
31625	DB00324
78538	DB11644
78543	DB08901
43053	DB02322
83865	DB01456
101064	DB02016
131526	DB13977
141472	DB04701
29007	DB01212
58340	DB01837
7489	DB04808
28616	DB04261
59119	DB13557
15500	DB01652
40410	DB02713
51903	DB11184
26709	DB14015
15855	DB02554
9754	DB03754
107736	DB01233
48204	DB15236
55490	DB00267
27784	DB04729
5138	DB00176
43074	DB03169
4646	DB00449
17150	DB02726
7959	DB00859
28335	DB07637
18135	DB02232
5000	DB00574
35056	DB02596
16526	DB09157
16313	DB02853
3756	DB01068
31674	DB14540
8207	DB01085
3743	DB00771
17824	DB02325
17602	DB14144
43755	DB00722
16998	DB02556
28862	DB03491
39576	DB06867
28940	DB00169
16204	DB12944
28077	DB01045
20506	DB00116
9329	DB01299
18125	DB01650
16055	DB02961
50378	DB00348
42471	DB02587
41469	DB01847
4495	DB01119
28460	DB02237
60805	DB01549
126237	DB00824
2896	DB00637
53775	DB06804
17854	DB02060
18088	DB15335
30851	DB03884
34916	DB13717
15426	DB02475
4907	DB01077
17296	DB06728
28783	DB03934
3205	DB00354
6904	DB00264
29103	DB01345
3349	DB01152
16610	DB03566
16602	DB13323
28159	DB03943
40149	DB07155
35852	DB00515
3752	DB00882
48220	DB13269
15553	DB12789
3655	DB00356
2038	DB00928
18332	DB00451
17825	DB03593
3682	DB04816
33348	DB12859
30154	DB07557
39170	DB11438
28969	DB01488
57959	DB02070
102216	DB00474
41485	DB02500
46477	DB08711
17857	DB03145
28548	DB12969
27775	DB01690
28694	DB09130
48844	DB00778
554446	DB01139
40413	DB07329
18041	DB03776
4753	DB01057
51210	DB01605
34380	DB00600
6933	DB00211
28865	DB04348
31710	DB11705
15430	DB02285
39168	DB11421
57844	DB00134
18344	DB11937
32599	DB00653
17980	DB02902
59714	DB01481
3901	DB01284
223316	DB13132
45448	DB02416
7565	DB01115
34718	DB11831
4876	DB00903
337298	DB00106
34227	DB03646
74387	DB11876
74405	DB03192
74768	DB11239
74948	DB01937
75250	DB13823
75251	DB12802
75258	DB13264
75275	DB11328
75305	DB02446
7582	DB01054
8064	DB00914
145705	DB14631
31201	DB13330
145371	DB11967
145374	DB13874
44661	DB02116
131170	DB11842
131176	DB00568
131194	DB01751
91755	DB09244
91829	DB15597
93856	DB12248
95093	DB12703
95216	DB13738
92874	DB15492
93095	DB13766
94187	DB12645
94409	DB11721
138885	DB05100
140420	DB06920
142432	DB15456
45213	DB04145
46632	DB00575
15890	DB02591
27432	DB00132
16016	DB01775
7852	DB00497
51257	DB12190
17895	DB00135
39112	DB06616
16848	DB03913
2946	DB00719
16551	DB12310
3643	DB14656
35176	DB09322
15831	DB07841
16765	DB08653
57304	DB04189
16962	DB14681
9391	DB13814
31856	DB06810
16375	DB03201
49040	DB00973
17926	DB02460
17596	DB04335
50819	DB11576
31199	DB00288
59771	DB14132
15344	DB01762
100241	DB00537
51024	DB00340
16108	DB04326
28621	DB13747
42702	DB07820
59909	DB11273
3048	DB00245
18425	DB03961
15698	DB02594
50922	DB00216
31355	DB00958
27540	DB02563
17658	DB11475
40992	DB02518
8716	DB04575
31709	DB01362
17992	DB02772
4657	DB00280
39384	DB11424
34665	DB04840
30915	DB08845
57966	DB03107
15379	DB09140
16792	DB08326
17794	DB04510
7630	DB09389
27662	DB00767
17094	DB03795
63036	DB09413
41509	DB02092
4093	DB03989
32181	DB04942
681850	DB00872
57475	DB04308
4708	DB00590
164200	DB08604
5790	DB00327
62088	DB04817
116278	DB00978
18124	DB03174
50076	DB11140
53472	DB15535
27690	DB00819
8673	DB00205
27404	DB01811
33374	DB12403
31718	DB09313
51209	DB00852
46763	DB04736
16436	DB12153
18165	DB03550
4786	DB09477
40167	DB04604
17973	DB02317
17001	DB04425
32161	DB06150
8448	DB00387
9985	DB13374
15741	DB00139
44598	DB08289
160129	DB08550
30735	DB01703
3903	DB11390
28839	DB02761
61739	DB14058
9352	DB00605
62964	DB13996
68551	DB08890
68558	DB08816
68841	DB06703
71365	DB01045
77321	DB02170
78011	DB01731
81822	DB12792
82718	DB09040
82937	DB15021
3405	DB04657
82713	DB04338
90926	DB09299
90951	DB09280
93175	DB13327
93394	DB13225
94538	DB13510
94557	DB11582
94614	DB12930
94677	DB09355
94700	DB11774
94708	DB11994
94719	DB11464
94720	DB06134
103931	DB09239
109558	DB08190
94767	DB08800
94802	DB14642
95013	DB07002
95073	DB12376
125571	DB14630
91329	DB12774
91371	DB12686
91389	DB12742
91399	DB05969
92246	DB00863
92361	DB08770
92426	DB13988
92511	DB00920
93492	DB03759
93645	DB12273
134082	DB06669
59565	DB08411
65347	DB08889
66964	DB00470
64183	DB11340
63791	DB00480
45919	DB02448
40096	DB02738
28148	DB05630
47417	DB02581
47767	DB01966
4393	DB13318
42549	DB02966
63616	DB00642
63916	DB01088
4743	DB01525
44387	DB03134
43876	DB04256
71272	DB06335
28368	DB01051
18230	DB02133
68579	DB06228
88301	DB11376
90117	DB11577
90144	DB01920
133833	DB11989
46252	DB03826
75388	DB01944
75393	DB08756
7569	DB14056
75832	DB13257
76016	DB09068
76172	DB09212
76258	DB03585
76266	DB13431
76290	DB08398
77006	DB13953
8687	DB06816
9215	DB00919
9249	DB06718
31905	DB09220
41814	DB07623
82977	DB09102
83469	DB13873
83584	DB13656
84116	DB00427
6817	DB00940
6823	DB00902
6884	DB13250
6935	DB00491
69441	DB09516
6958	DB01226
9017	DB15246
90225	DB06159
90227	DB11689
90237	DB05465
90239	DB13243
9356	DB13273
9741	DB00792
10055	DB13781
80025	DB11544
2129	DB03761
8060	DB00780
3057	DB04569
31240	DB13816
31290	DB13416
31842	DB15489
80680	DB00397
32318	DB14175
34365	DB07635
34511	DB11522
3452	DB08744
34531	DB11371
34549	DB15204
34593	DB06726
34605	DB06247
34812	DB09309
81559	DB13105
3897	DB01380
4527	DB00711
4787	DB03395
5108	DB12553
5165	DB01320
8230	DB01338
5700	DB08960
5783	DB14541
5784	DB00774
5812	DB06789
6125	DB06738
6431	DB00504
82542	DB13339
82557	DB11678
8362	DB01588
8481	DB00782
8485	DB00807
8493	DB12278
8717	DB01325
6618	DB12668
6640	DB01397
6706	DB00657
6792	DB00816
6797	DB00660
31550	DB03010
132268	DB11963
133009	DB11613
133011	DB00595
133021	DB11581
124991	DB00456
27526	DB02403
3112	DB00810
31159	DB06736
31190	DB13314
31539	DB15293
32192	DB00469
3240	DB00639
34283	DB01428
3510	DB01415
35825	DB13218
38635	DB04104
39949	DB03896
40957	DB03709
41609	DB14531
42017	DB04528
42106	DB04447
42170	DB02184
42173	DB01952
42355	DB00199
42578	DB03610
42606	DB03773
43000	DB01864
43043	DB02776
43541	DB03647
44032	DB00224
44188	DB08238
44658	DB02169
44788	DB02251
45081	DB00738
45127	DB04376
45285	DB00339
45304	DB01201
45599	DB03967
45652	DB00202
45951	DB00831
45980	DB00382
46020	DB03095
46790	DB02806
46859	DB06811
46905	DB01783
47780	DB01242
48549	DB02383
48788	DB02265
49002	DB02368
4904	DB08987
49152	DB04483
49566	DB01147
49786	DB14204
49791	DB02567
49957	DB13453
50841	DB00408
52672	DB03825
53013	DB01961
5537	DB00889
6129	DB00465
6759	DB00961
74104	DB04530
74690	DB03679
39785	DB02838
40116	DB01670
41883	DB04312
7581	DB01595
7601	DB00585
78030	DB12561
9590	DB04831
87462	DB13296
86285	DB15026
86990	DB00472
86991	DB08472
71961	DB04728
72296	DB06605
73002	DB02306
73139	DB02600
73732	DB09132
35862	DB00626
42896	DB03859
44369	DB03206
49770	DB08209
85973	DB09075
85990	DB06603
85993	DB09073
84622	DB01790
85078	DB06292
9421	DB01606
90625	DB07585
90695	DB01782
134689	DB12332
134714	DB09292
134731	DB12412
134736	DB05168
134738	DB06685
134745	DB08909
134827	DB13221
134856	DB13071
134886	DB04961
134890	DB13680
134938	DB12017
134995	DB13356
135000	DB11436
135001	DB13350
135002	DB05786
135035	DB13305
135057	DB13275
135123	DB08808
135157	DB13592
135242	DB11609
135268	DB13420
135307	DB12251
135311	DB12916
135317	DB13039
135353	DB13001
135357	DB04832
135370	DB01429
135372	DB01521
135374	DB13482
135383	DB08994
135386	DB01502
135437	DB01414
135440	DB13581
135449	DB13458
135457	DB13513
135468	DB13825
135470	DB08950
135496	DB13369
135500	DB13554
135505	DB13687
135532	DB13353
135564	DB13981
135590	DB06742
135597	DB13430
135626	DB08964
135632	DB13729
135642	DB08810
135651	DB01145
135652	DB04841
135657	DB13558
135696	DB04947
135699	DB12492
135724	DB13728
135741	DB13946
135791	DB01130
135809	DB12212
135826	DB12624
135846	DB13422
135859	DB09235
135875	DB11812
135885	DB13401
135905	DB02638
135910	DB06785
135920	DB06702
135963	DB13512
135975	DB14033
135976	DB11201
135979	DB13436
135985	DB13423
135987	DB13610
135989	DB08970
135993	DB11636
136006	DB11269
136039	DB13455
136041	DB11824
136044	DB09279
31247	DB09230
31528	DB11742
31538	DB13824
31612	DB08976
31660	DB01382
31666	DB01476
31943	DB12877
31944	DB15491
5523	DB00014
6846	DB05246
2686	DB01427
31234	DB13207
31563	DB13483
32026	DB11451
32061	DB06479
43120	DB02562
4757	DB14598
6073	DB00270
6901	DB00416
7553	DB06803
9757	DB00809
142773	DB12235
138819	DB13280
46151	DB08635
4388	DB13600
30830	DB01440
17285	DB03661
17709	DB03708
47518	DB05667
50915	DB08052
53074	DB12173
39169	DB11421
46811	DB08844
57416	DB01786
52683	DB14110
6015	DB00753
27140	DB09140
16335	DB00640
7627	DB00717
4591	DB01070
8028	DB00850
16383	DB04351
43561	DB07997
3749	DB00845
35847	DB13481
6716	DB00603
28915	DB00828
30842	DB03589
15633	DB02015
16235	DB02377
59912	DB13345
17123	DB02688
37117	DB09316
31174	DB00210
25812	DB12510
8066	DB00498
36704	DB00724
32029	DB14498
26078	DB09394
18243	DB00988
63017	DB13707
32800	DB03357
17579	DB06755
27902	DB00759
8707	DB01224
15881	DB03163
37382	DB14645
10100	DB00549
43467	DB02230
37924	DB01072
16118	DB04115
42465	DB03635
8459	DB00420
29287	DB14154
49976	DB14533
43422	DB04713
84115	DB08799
131751	DB06358
131752	DB08741
39540	DB03440
47454	DB07870
141473	DB04701
31468	DB01078
9307	DB13376
473992	DB00646
16856	DB00143
15864	DB15584
50368	DB14529
49093	DB02512
41539	DB04661
52060	DB13836
28787	DB00727
9943	DB00285
27584	DB04630
16997	DB01839
41593	DB07567
15784	DB03951
42548	DB04473
17842	DB03470
33214	DB02731
3210	DB01445
62861	DB03429
28093	DB11288
28661	DB13854
15901	DB01849
8502	DB00550
247956	DB00527
31889	DB12447
16493	DB02496
10119	DB00246
45389	DB04499
50838	DB01395
58048	DB00174
5296	DB01241
41198	DB07498
45744	DB04265
17775	DB08844
17433	DB14732
32223	DB09070
16450	DB02256
15532	DB02180
6807	DB00333
50138	DB06266
7478	DB00952
28195	DB02854
17574	DB15334
42309	DB02187
22526	DB08878
3480	DB01326
31711	DB08947
3393	DB00578
3183	DB00835
55352	DB06987
10110	DB00495
16831	DB04377
41089	DB01681
4672	DB01248
59582	DB00838
17941	DB00677
45586	DB02921
55518	DB13328
18308	DB02579
17202	DB04566
16155	DB04300
33730	DB03151
31784	DB14596
16840	DB01859
15829	DB03497
599440	DB09056
34847	DB09346
724125	DB00992
58974	DB13300
17883	DB13366
36161	DB13387
15999	DB07718
32166	DB13283
5550	DB13329
8356	DB00413
27512	DB03675
8024	DB00790
17985	DB01812
320055	DB01642
28878	DB06894
16811	DB13972
4702	DB00869
58531	DB12697
31252	DB01483
31439	DB00265
11909	DB12972
48416	DB00275
29108	DB14577
28741	DB09325
57826	DB00513
28927	DB08517
36939	DB13134
31556	DB13443
35720	DB11404
18304	DB04099
9674	DB00897
32954	DB09395
50789	DB04527
50848	DB00873
5136	DB01095
29310	DB11109
15531	DB04524
15945	DB01885
9679	DB11348
57589	DB08842
37931	DB11447
17322	DB14150
36761	DB02838
422	DB14475
16135	DB02531
3228	DB00237
59196	DB06955
4903	DB00977
43997	DB03362
50381	DB00419
28842	DB03193
16393	DB03203
17716	DB04465
17553	DB01738
30402	DB01794
58315	DB00135
27956	DB08830
28121	DB07919
16581	DB02789
30218	DB12940
10650	DB00669
44930	DB08394
3547	DB01333
567361	DB00242
30808	DB15536
16411	DB07950
27656	DB04690
4877	DB00330
50173	DB00459
46817	DB08844
35817	DB11458
27373	DB09357
101096	DB00311
3441	DB01136
15365	DB00945
31739	DB01321
5801	DB01611
60039	DB00172
73222	DB15477
75095	DB15581
75176	DB13026
75211	DB09372
75215	DB14496
75273	DB00464
145673	DB12833
145417	DB12146
145430	DB14568
91591	DB01620
92659	DB06922
92675	DB08989
92842	DB13715
93829	DB08954
92875	DB06470
92950	DB09202
94128	DB12340
94316	DB01425
94329	DB00219
94362	DB13574
94381	DB09004
94392	DB01218
42917	DB02353
142418	DB14895
142077	DB12100
17981	DB01837
51364	DB01624
30496	DB11104
111762	DB14028
28790	DB08839
60273	DB02777
6637	DB09104
16082	DB01713
8491	DB00777
17401	DB14981
101278	DB00343
61099	DB09180
5001	DB01039
3404	DB00429
49029	DB00551
29385	DB09353
39066	DB03709
15811	DB04522
16783	DB01863
171741	DB01034
39485	DB02888
8499	DB00571
32914	DB11073
59343	DB01066
127342	DB00289
52688	DB02202
8378	DB00860
15908	DB11192
16708	DB00173
34292	DB11496
15751	DB01774
17540	DB04046
28364	DB00159
60111	DB03144
31755	DB04291
27905	DB14667
57303	DB02475
36791	DB01175
3642	DB00856
6838	DB01403
32035	DB11153
59555	DB07672
36062	DB03946
5106	DB00180
40274	DB02113
2790	DB04626
60844	DB02124
28197	DB13182
6909	DB00916
30021	DB11142
59124	DB14026
18283	DB02430
17025	DB02129
5959	DB01029
53239	DB14201
42452	DB02281
5706	DB01355
32499	DB04836
15859	DB04252
16891	DB04343
7476	DB00788
30513	DB13110
17600	DB03381
28939	DB06151
27971	DB02952
18058	DB03940
5050	DB00950
16344	DB02751
59888	DB02530
37055	DB04196
48291	DB02334
30860	DB04183
6413	DB01006
207229	DB11638
3207	DB01222
2567	DB00630
28462	DB01426
533015	DB00279
7468	DB00984
45147	DB02956
189669	DB01537
472657	DB00671
6149	DB01002
28592	DB02955
15700	DB03751
15521	DB03264
681569	DB00631
8364	DB00457
33167	DB11119
47657	DB01656
68540	DB08880
68554	DB08826
71415	DB00698
27794	DB07109
18293	DB12216
83291	DB12728
90863	DB09143
107635	DB13839
91986	DB13351
92181	DB11423
93305	DB00735
94521	DB13792
94559	DB06282
94721	DB08814
94725	DB11125
125516	DB06455
125518	DB13575
91351	DB08073
91424	DB06061
91450	DB11836
91544	DB13233
93751	DB11775
143117	DB12130
64735	DB14507
64984	DB14107
66919	DB08877
64734	DB14600
67041	DB14705
66899	DB08819
65004	DB12179
31959	DB11190
64317	DB01064
63632	DB01030
64628	DB09099
63634	DB00580
63452	DB06595
64045	DB06288
44395	DB02186
64276	DB03266
63638	DB01080
46144	DB08649
40114	DB02434
63621	DB01232
45171	DB02846
64212	DB06246
57305	DB00145
64153	DB05134
63606	DB11596
7934	DB01421
64227	DB09201
22984	DB01373
68889	DB12771
70735	DB08815
21557	DB01646
8058	DB03575
31317	DB13346
41733	DB01800
133326	DB11150
133531	DB14630
145030	DB12434
75323	DB12942
75473	DB12736
75998	DB08911
76114	DB04812
76133	DB09215
76154	DB13317
76163	DB08942
76164	DB13432
76254	DB06682
76607	DB08932
76609	DB15059
76995	DB07453
77120	DB04243
8405	DB01087
8427	DB01599
9014	DB01399
9611	DB01056
4582	DB08466
83602	DB13434
83945	DB08265
90027	DB13966
90217	DB12874
7623	DB15201
90527	DB07835
9309	DB13580
9453	DB00342
9683	DB01021
7926	DB14121
10082	DB06694
79928	DB14081
80566	DB05668
80581	DB06409
31821	DB01071
31947	DB12532
31989	DB13362
80755	DB12515
80756	DB13694
3258	DB03541
3357	DB14735
81283	DB13274
81300	DB13276
34619	DB13753
34895	DB09371
34981	DB09088
34992	DB04982
3846	DB08726
4363	DB13865
82106	DB11379
4902	DB01466
82241	DB13712
5558	DB01018
5707	DB06787
82524	DB12832
88271	DB08939
132967	DB11574
140407	DB04918
10023	DB00582
175901	DB00441
17626	DB04734
28895	DB02714
31399	DB09232
31521	DB12947
31719	DB13618
32221	DB01600
3238	DB01091
35374	DB02867
36386	DB08809
36740	DB15573
3696	DB00369
39501	DB06824
3996	DB00924
4031	DB00091
41131	DB02074
41321	DB01990
42068	DB01177
42147	DB01822
42330	DB03226
42639	DB04699
42682	DB02054
43521	DB03002
43703	DB04173
43966	DB13616
44158	DB03053
44526	DB04746
44557	DB03040
44975	DB02365
4514	DB00804
45906	DB04786
46024	DB04297
46032	DB08632
46053	DB01676
46117	DB03028
46272	DB02147
471744	DB01598
472805	DB01092
47379	DB07651
47426	DB00695
47600	DB04751
47612	DB01393
47696	DB02417
4784	DB00584
49026	DB03721
49482	DB14534
49514	DB04320
49575	DB00829
49662	DB00328
49840	DB02733
50464	DB04801
50475	DB03369
50670	DB03013
50692	DB00834
50724	DB02121
52010	DB01114
5693	DB00756
73927	DB05295
31897	DB00731
40889	DB02335
47619	DB01791
74337	DB03943
77932	DB00759
77980	DB11617
7825	DB00239
87103	DB04716
87579	DB15056
87723	DB06209
86431	DB09484
7071	DB11282
72289	DB09101
72564	DB00853
73032	DB11395
73275	DB04938
73356	DB08861
73390	DB13602
41423	DB00482
44592	DB08332
44903	DB01711
85338	DB01739
85994	DB09078
84276	DB00422
85155	DB09048
34080	DB11331
85558	DB03780
90626	DB08079
134700	DB12865
134704	DB13764
134708	DB13115
134715	DB15323
134718	DB06654
134721	DB06586
134725	DB12214
134730	DB13609
134734	DB13396
134765	DB06706
134773	DB09250
134778	DB12358
134783	DB06714
134793	DB14079
134821	DB13394
134837	DB01550
134841	DB12945
134929	DB12172
134947	DB08803
134962	DB13697
134964	DB12821
135028	DB13722
135072	DB09284
135078	DB12766
135091	DB13634
135125	DB13593
135151	DB13649
135193	DB06716
135198	DB13324
135204	DB11504
135207	DB04837
135245	DB13476
135276	DB01551
135282	DB12787
135316	DB13066
135341	DB13815
135393	DB11517
135401	DB13849
135405	DB13842
135534	DB09376
135545	DB08962
135549	DB13635
135576	DB12230
135588	DB13460
135600	DB13523
135617	DB13342
135638	DB14627
135639	DB08968
135655	DB13303
135661	DB14679
135702	DB12459
135709	DB12185
135720	DB11921
135735	DB13312
135737	DB09236
135756	DB01348
135802	DB13711
135804	DB00941
135883	DB04972
135908	DB11628
135918	DB06334
135926	DB06267
135928	DB06211
135933	DB11092
135935	DB06204
135954	DB11591
135955	DB09219
135960	DB13567
135962	DB04884
136005	DB13334
136018	DB09285
136040	DB08918
136043	DB12417
136048	DB11739
136052	DB09198
136053	DB06600
31237	DB12082
31564	DB13544
31700	DB13428
31716	DB08945
3698	DB01340
2659	DB01223
31684	DB05266
32165	DB13547
32254	DB09283
43089	DB03770
28680	DB00987
59601	DB13967
41076	DB02312
2781	DB12618
110423	DB00720
34613	DB00689
42589	DB03283
18170	DB11068
3023	DB12319
15837	DB02296
15439	DB04461
2719	DB11842
29036	DB14552
58850	DB04527
44926	DB02327
44143	DB08188
9460	DB00894
16069	DB03366
16027	DB00131
29228	DB11072
32260	DB01108
16264	DB03397
31459	DB11622
40896	DB04248
57947	DB00148
46143	DB02314
453011	DB01188
61024	DB13493
43362	DB06185
16311	DB03258
17700	DB08688
58441	DB04185
48267	DB03172
59296	DB04679
17933	DB00146
5120	DB01185
15607	DB04072
32234	DB09536
17057	DB02061
58570	DB03839
51173	DB00647
16188	DB12452
27470	DB00158
27442	DB04062
78277	DB12148
84726	DB01673
131843	DB13723
140296	DB14217
141521	DB14209
3764	DB00257
43385	DB07996
51380	DB00366
15366	DB03166
3084	DB01019
50223	DB00380
3489	DB00274
3032	DB00868
62984	DB14487
59057	DB11461
41482	DB02516
59750	DB00223
6532	DB00836
29035	DB06757
7809	DB00713
28315	DB05262
59020	DB01446
3223	DB00490
31225	DB01435
17115	DB00133
17797	DB02053
28797	DB04454
36773	DB14156
29888	DB04160
17588	DB04422
2950	DB00972
5555	DB00226
15946	DB04493
32036	DB14499
39721	DB06906
18183	DB03088
47544	DB00447
8382	DB00635
16794	DB00747
28918	DB00668
9141	DB12965
2956	DB01061
49203	DB06281
43253	DB07954
44777	DB04750
5862	DB12551
32173	DB13232
27647	DB03866
28593	DB00908
38803	DB05791
9536	DB01154
53691	DB00271
40237	DB01261
40083	DB07145
15854	DB00468
16112	DB12029
16000	DB03994
61914	DB02302
15756	DB03796
521033	DB01126
51041	DB00659
27849	DB03120
3312	DB01164
3504	DB01416
52429	DB13660
33384	DB00133
16349	DB00155
16595	DB03401
28830	DB00291
37173	DB11343
5835	DB13014
19371	DB04646
4995	DB00949
32215	DB08621
507499	DB08230
15948	DB11231
28685	DB11137
27999	DB01124
30746	DB03793
31263	DB00522
34856	DB13669
47351	DB02946
38954	DB12231
17231	DB01776
18095	DB08847
16424	DB02178
478164	DB01413
42403	DB07743
17118	DB11735
681848	DB00561
31441	DB00588
50189	DB13466
8093	DB00388
48376	DB03904
51230	DB00905
51208	DB01163
9566	DB00679
17447	DB14183
28748	DB00997
41001	DB01515
4222	DB03912
15350	DB02897
50865	DB14544
48552	DB11428
39036	DB02371
43741	DB08098
15727	DB11695
34838	DB00858
4469	DB01576
30217	DB09155
51771	DB08168
28898	DB01717
27605	DB15087
40532	DB03909
41888	DB04274
8984	DB00815
18116	DB03829
28674	DB06764
32816	DB00119
27374	DB15350
50861	DB00374
39547	DB02648
3491	DB01328
22977	DB14085
50131	DB01262
3478	DB00833
15966	DB02517
18012	DB01677
44712	DB02190
39005	DB03814
16563	DB12093
2549	DB01001
16731	DB14184
28772	DB03142
45716	DB02546
67987	DB06750
73237	DB06174
73512	DB05779
74500	DB13306
75179	DB00432
75270	DB13069
7822	DB00991
8081	DB00692
145535	DB11759
90039	DB02414
131167	DB12270
91583	DB01058
91704	DB01580
91706	DB06762
92623	DB09282
92774	DB07697
93826	DB09022
95345	DB11385
94403	DB13442
94405	DB09185
94440	DB00478
141346	DB06190
141474	DB00772
143825	DB06440
2627	DB01122
4909	DB00749
30563	DB11132
17076	DB01082
10127	DB00909
59219	DB00403
43799	DB03659
27777	DB00551
3568	DB00185
5132	DB00499
7508	DB00452
31705	DB01249
32918	DB01750
6809	DB01577
9701	DB00505
16709	DB00165
30768	DB03766
28631	DB02024
30853	DB13089
40009	DB00260
4775	DB08846
16296	DB03225
16995	DB03902
28142	DB01563
6076	DB01167
6801	DB00331
58360	DB02085
44842	DB02078
16192	DB04457
35491	DB00138
15600	DB14086
37548	DB03298
18388	DB07352
33371	DB14227
17092	DB01735
15676	DB11100
28777	DB03601
31336	DB11264
61049	DB00864
5088	DB01148
32980	DB03897
8228	DB01132
59204	DB01282
30812	DB13569
51804	DB11521
58645	DB03700
44995	DB03153
168396	DB01024
47014	DB15073
17474	DB04574
33310	DB11589
5002	DB00800
26642	DB11127
34056	DB14589
62629	DB11437
34690	DB11397
4798	DB00494
4717	DB00450
28744	DB07706
16556	DB02485
17562	DB02097
17239	DB04555
37585	DB09449
6919	DB00948
50438	DB00946
34154	DB06926
41696	DB02899
17111	DB01632
7798	DB00198
7447	DB00607
46936	DB11324
33341	DB14160
37595	DB02240
49136	DB09502
3175	DB00484
4792	DB00228
7931	DB00910
48981	DB11145
17083	DB02119
3002	DB00394
40260	DB02654
27363	DB01593
43394	DB02945
59115	DB13841
58199	DB04422
27476	DB04286
16125	DB09494
32114	DB08797
29014	DB12156
58095	DB00120
3419	DB00395
474053	DB01327
17033	DB02073
3738	DB00283
31292	DB13909
55507	DB02100
100147	DB00779
16996	DB03997
15407	DB01364
18408	DB11191
68840	DB08872
71545	DB07883
9168	DB00877
90	DB12039
8426	DB01032
32020	DB08860
68657	DB15589
71940	DB00820
44237	DB02055
46515	DB03528
81862	DB11098
83326	DB09042
83329	DB00816
90841	DB06441
94448	DB09002
94458	DB09089
94461	DB04846
94489	DB05470
94493	DB11491
94573	DB06629
94701	DB01073
114203	DB06807
114204	DB11463
108581	DB13237
109100	DB07802
109543	DB13536
124917	DB11662
125673	DB12224
91366	DB13061
91368	DB06486
91417	DB13113
91425	DB12848
91508	DB11696
92309	DB13511
93626	DB09224
134107	DB07536
44302	DB03309
65063	DB08761
65310	DB12405
66876	DB06237
65326	DB11663
66903	DB08828
66901	DB08820
65136	DB14088
30657	DB02624
63628	DB00932
64321	DB06717
64019	DB04861
64354	DB00524
63453	DB12247
8874	DB00989
63578	DB09156
63569	DB14195
6912	DB00765
40035	DB03385
63620	DB01367
43355	DB07992
63613	DB00238
71028	DB06775
71023	DB06766
88200	DB14125
133538	DB00123
44597	DB02699
75204	DB04228
75555	DB11250
75955	DB11134
76018	DB08931
76119	DB13286
77095	DB08974
77317	DB04466
8067	DB00830
8107	DB00252
83766	DB09074
81783	DB02891
83667	DB08943
6821	DB04833
6847	DB00232
69477	DB14734
6960	DB00691
8988	DB05482
7458	DB11490
9185	DB12700
9435	DB00231
9570	DB04572
9598	DB01133
9725	DB01246
1457	DB06527
7982	DB00652
2930	DB09121
8049	DB01121
31189	DB01431
3122	DB07418
31379	DB11367
31431	DB11246
31639	DB13571
31902	DB00699
34273	DB13826
81224	DB13672
81297	DB01354
34386	DB01526
34517	DB14640
34741	DB11674
34857	DB13418
34894	DB14678
34967	DB06155
82162	DB12838
4465	DB09555
4575	DB01565
46552	DB08730
4745	DB15488
49627	DB07833
5847	DB00293
6043	DB01625
8381	DB14632
8496	DB09342
8734	DB02999
8825	DB13174
6633	DB06795
6754	DB00454
67900	DB12327
29579	DB01873
90364	DB02321
132853	DB12996
133017	DB05316
10429	DB11948
127780	DB00529
18315	DB03205
209807	DB01331
258351	DB01297
28886	DB03975
310312	DB03285
31162	DB13783
31257	DB13501
31515	DB01184
31578	DB01493
32243	DB09216
35255	DB11387
36274	DB02123
3640	DB00880
36941	DB04737
3732	DB01211
38855	DB01957
39567	DB03704
39708	DB04474
40719	DB03611
41237	DB00676
41922	DB00255
42202	DB02115
42219	DB04177
42280	DB03775
42534	DB07768
42567	DB07795
44215	DB14128
44296	DB08837
44915	DB00818
45260	DB02721
45367	DB00615
45530	DB02399
45571	DB02938
45630	DB02239
45924	DB00440
46149	DB03651
46234	DB08689
46245	DB09270
46345	DB00544
47554	DB13259
48430	DB03229
48928	DB02076
49519	DB02405
49603	DB01259
49618	DB14578
49668	DB00317
49809	DB08373
49851	DB04100
49900	DB04456
5004	DB00573
50693	DB00235
6339	DB01628
6631	DB04520
6717	DB00784
74903	DB03993
28006	DB07674
28545	DB14057
41254	DB07517
41872	DB04209
45615	DB03819
46202	DB04093
6472	DB01627
65324	DB12442
77543	DB12610
77689	DB01055
77733	DB00661
77752	DB12711
78320	DB04398
78330	DB04864
78416	DB01096
78510	DB08597
78667	DB13210
78884	DB12816
78887	DB04858
78900	DB09158
9637	DB00214
9763	DB00685
41055	DB04250
86453	DB08705
87192	DB13911
66651	DB15532
71954	DB11666
72292	DB08903
72321	DB09277
73005	DB01728
73282	DB12946
73286	DB05511
39866	DB06988
4853	DB13155
15949	DB03223
43824	DB01655
82664	DB01592
85966	DB09083
85978	DB06636
85979	DB11633
84309	DB06801
85176	DB09047
9586	DB00906
90687	DB12359
134606	DB13916
134701	DB09197
134722	DB12466
134724	DB11698
134735	DB11992
134756	DB13838
134779	DB13378
134792	DB01490
134799	DB09251
134834	DB12951
134867	DB09254
134879	DB13429
134883	DB13852
134895	DB01463
134912	DB13321
134955	DB13727
134975	DB13136
135007	DB13709
135014	DB05057
135039	DB13214
135079	DB13805
135094	DB13596
135100	DB13625
135110	DB13247
135127	DB12712
135132	DB11115
135149	DB01468
135164	DB13479
135177	DB13496
135185	DB13538
135194	DB13632
135212	DB09013
135217	DB13508
135244	DB13775
135279	DB08975
135292	DB13246
135300	DB08926
135312	DB11185
135323	DB06730
135333	DB06794
135340	DB13657
135343	DB13398
135351	DB05271
135373	DB13579
135398	DB06713
135413	DB06814
135442	DB13412
135456	DB01569
135488	DB13484
135523	DB11583
135527	DB13397
135530	DB01591
135550	DB13605
135554	DB13084
135556	DB01587
135563	DB14583
135598	DB11180
135637	DB13608
135659	DB08794
135663	DB13213
135704	DB12863
135760	DB13548
135765	DB14644
135849	DB09238
135853	DB13050
135865	DB11262
135884	DB09135
135902	DB13741
135947	DB06401
135951	DB12975
135965	DB13516
135968	DB14733
135969	DB13599
135972	DB13468
135986	DB13856
136004	DB13400
136014	DB14173
136015	DB14082
31294	DB14654
31311	DB13278
31603	DB13364
31622	DB01544
31807	DB13437
31809	DB13405
31858	DB12617
31903	DB13441
32065	DB13307
32089	DB13832
32103	DB13409
32193	DB13399
9571	DB01623
31857	DB12523
32066	DB12667
32297	DB12131
5614	DB00793
8397	DB04825
16695	DB03685
6804	DB06709
51098	DB05575
9342	DB01138
17622	DB03800
31236	DB01238
17361	DB03403
47943	DB04599
52240	DB12794
18248	DB01592
58591	DB02761
9599	DB00373
17151	DB11195
15355	DB03128
6780	DB00933
28568	DB00592
4953	DB00990
59331	DB13108
3508	DB00438
41320	DB07496
10102	DB00962
15367	DB00755
30033	DB01853
18357	DB00368
45910	DB08634
62748	DB07184
383703	DB13326
18067	DB01022
42564	DB03485
47822	DB03144
17780	DB02959
5103	DB01205
50667	DB01033
3354	DB11623
7596	DB00325
222169	DB08849
135511	DB14729
31444	DB01000
18152	DB02375
16755	DB06777
28483	DB04622
114785	DB00530
16283	DB00138
44664	DB08357
145769	DB02821
131719	DB13338
131854	DB04106
131504	DB07662
131512	DB00752
131999	DB14826
136702	DB04898
141487	DB06608
141969	DB04960
144093	DB01128
7494	DB01149
18077	DB02452
28955	DB02342
41450	DB03847
385425	DB07816
240107	DB00963
41037	DB07437
17191	DB00167
17632	DB14049
36713	DB01530
253342	DB00969
51450	DB00559
16240	DB11091
355715	DB02632
8461	DB01069
4110	DB01560
6872	DB09241
9288	DB00428
27953	DB00981
6367	DB00555
17576	DB03640
58922	DB11720
17203	DB00172
63059	DB07711
17659	DB03435
53289	DB00843
45075	DB03074
17475	DB02289
16714	DB00318
5280	DB01044
8354	DB00733
36803	DB09167
18075	DB03103
16497	DB02181
50785	DB13866
15699	DB04193
15713	DB04005
37626	DB12970
33364	DB12257
27974	DB04573
6827	DB01603
4534	DB01501
421707	DB01048
3437	DB00521
37922	DB06696
17232	DB04388
18329	DB03882
28172	DB13875
53727	DB06821
18112	DB01726
33885	DB03511
36383	DB13987
27446	DB00417
16894	DB02156
49097	DB03432
2676	DB01060
3311	DB06724
29073	DB00126
3011	DB00542
28901	DB01008
41617	DB07573
15930	DB07392
50694	DB01017
16865	DB02530
41149	DB03930
57504	DB01235
204734	DB01260
17917	DB02571
4315	DB01406
47898	DB00445
16300	DB03101
29013	DB02703
59919	DB11274
3534	DB00567
379896	DB02998
9907	DB01586
42085	DB01715
35235	DB00151
41630	DB03382
51066	DB00298
35288	DB03460
28714	DB12870
27547	DB11176
31248	DB08961
8232	DB00319
15422	DB00171
3507	DB13499
44515	DB08295
15348	DB02203
29081	DB09203
39564	DB06864
62621	DB11142
17561	DB00151
3047	DB00562
3082	DB00195
34655	DB14646
50226	DB02716
3699	DB00501
6820	DB04819
44499	DB01631
15552	DB01240
17656	DB02280
28833	DB07814
15611	DB12519
16284	DB03222
46099	DB08647
62589	DB08844
6443	DB00367
3127	DB00612
28834	DB03619
16002	DB03603
1963	DB03725
4670	DB00841
309594	DB00892
50182	DB11875
3499	DB01330
15555	DB02056
30207	DB14151
15927	DB14933
16521	DB03696
49553	DB09131
15940	DB00627
6441	DB01227
31699	DB08949
16199	DB03904
18405	DB00114
17026	DB00396
408174	DB01274
15641	DB11256
17295	DB00120
100246	DB01059
43299	DB04139
35170	DB13971
4466	DB00633
18367	DB14523
49703	DB08080
74460	DB04815
74926	DB15586
145536	DB14939
131164	DB12006
131391	DB11110
91749	DB09289
91834	DB09009
92624	DB04867
93835	DB06264
93847	DB13262
93909	DB14476
95304	DB09018
92913	DB08927
92998	DB00629
94314	DB09092
94385	DB00278
94402	DB08936
140754	DB02562
141146	DB06707
142853	DB02663
143733	DB14074
39589	DB02932
57742	DB02751
6758	DB00849
41710	DB01915
46486	DB03184
28098	DB13673
15936	DB09419
27638	DB14574
34911	DB04930
16633	DB02345
39428	DB11625
2639	DB00594
17677	DB02431
610092	DB04681
42939	DB02995
15774	DB03723
32802	DB07896
28518	DB03389
251408	DB01010
58321	DB02571
17945	DB03559
3636	DB01161
16737	DB11846
39561	DB01718
351346	DB12695
15647	DB12961
28997	DB02380
50373	DB00725
6824	DB06799
17368	DB04076
31599	DB08981
58066	DB04388
7915	DB00213
8890	DB00296
1989	DB12676
17245	DB11588
58100	DB03977
51860	DB06701
28225	DB01746
31000	DB00632
15896	DB08542
3414	DB13506
32145	DB11151
48045	DB11762
53760	DB00402
466659	DB12232
17578	DB11558
16163	DB04339
39176	DB08620
53258	DB09154
17263	DB00655
34385	DB06637
8080	DB00191
18349	DB02236
17846	DB03467
48538	DB00714
33372	DB15318
59275	DB03911
3092	DB11562
18255	DB04440
51141	DB00346
17733	DB03581
17351	DB14104
48282	DB01441
46941	DB02412
8255	DB01604
16958	DB03107
33391	DB12993
15539	DB02912
35236	DB03201
9332	DB01015
2739	DB00517
51164	DB00589
37675	DB12907
3095	DB13100
58266	DB02959
57719	DB03225
6359	DB00581
31197	DB01375
50205	DB11268
8614	DB11664
16698	DB02679
48669	DB00302
40697	DB07356
17148	DB01917
33979	DB14506
102516	DB13773
59992	DB02590
52023	DB11789
7459	DB01183
38940	DB01268
51770	DB12127
3515	DB01112
16643	DB00134
15996	DB04137
47808	DB12422
44751	DB02343
51403	DB14141
40117	DB03056
356416	DB00855
271436	DB13352
27786	DB00200
70707	DB06684
71417	DB01168
68584	DB04953
68647	DB08896
41962	DB02811
82698	DB09034
82701	DB09054
82712	DB07943
90865	DB04908
90914	DB09144
90930	DB14185
93295	DB13683
93369	DB04842
93416	DB01251
94523	DB13217
94525	DB11830
94591	DB00926
94604	DB04342
94618	DB11364
94665	DB13597
94682	DB14065
94688	DB09055
94754	DB09205
104017	DB11235
109540	DB04459
94770	DB11616
94771	DB12985
94811	DB11389
94812	DB08078
95028	DB11759
95044	DB11781
95061	DB12494
124959	DB11815
125612	DB13668
125492	DB13034
91231	DB13941
91409	DB12064
91451	DB05984
92223	DB12565
92360	DB12111
93701	DB13929
93752	DB12015
8764	DB00688
65329	DB02656
66880	DB09149
67121	DB01422
65349	DB08893
65172	DB04898
67119	DB03501
44887	DB04327
44394	DB03359
32063	DB14177
43977	DB01960
39579	DB06873
64195	DB12693
7824	DB00776
63681	DB00358
64198	DB06782
64318	DB00696
29461	DB07703
6437	DB01202
63625	DB14126
64355	DB01263
63618	DB00175
41285	DB07482
6805	DB00931
68642	DB05812
71219	DB06589
88318	DB12293
132234	DB01566
133930	DB01451
75840	DB03489
76127	DB05095
76269	DB11455
76608	DB04212
76978	DB12176
77028	DB03423
77042	DB02167
77043	DB13370
77181	DB00406
7907	DB01337
9613	DB00839
84500	DB01273
42027	DB04372
83168	DB09488
83682	DB01153
8412	DB00794
7009	DB09242
90295	DB06999
7467	DB08804
7550	DB00622
90545	DB12904
7868	DB00383
7921	DB00617
7922	DB01384
79700	DB06233
10554	DB13917
7986	DB00806
31307	DB04168
31810	DB04576
8079	DB00832
3348	DB00796
34438	DB03941
34523	DB12482
34914	DB04824
35018	DB11551
41135	DB07459
82009	DB15316
4463	DB14649
47273	DB07495
4740	DB13793
5439	DB01437
82263	DB13332
82349	DB13661
82405	DB09096
5747	DB11181
5958	DB04818
8665	DB00545
8805	DB00912
6763	DB13392
6771	DB09338
43858	DB03214
104872	DB01954
16814	DB05804
2814	DB04365
2873	DB14054
29052	DB02263
31186	DB01436
33130	DB06723
33574	DB02238
35260	DB04179
37758	DB13813
38682	DB03054
3994	DB01176
40133	DB04149
40585	DB01909
41308	DB01878
41774	DB00675
41778	DB12879
41941	DB01702
42023	DB01927
42638	DB02266
42843	DB03636
42977	DB04705
43179	DB03368
44229	DB08254
44576	DB08319
44602	DB04747
44897	DB01819
44923	DB01795
44951	DB04053
45116	DB08424
45327	DB00194
45525	DB03741
45863	DB01229
46081	DB00196
47322	DB03693
4779	DB01084
48635	DB02640
4884	DB01031
48926	DB04153
49470	DB14519
49484	DB04203
495055	DB03995
49823	DB02983
49870	DB02453
49960	DB05294
50673	DB00763
52993	DB13872
59526	DB07716
64275	DB11304
7443	DB00461
43616	DB02152
46548	DB02918
77363	DB14208
77585	DB00745
77776	DB06820
78067	DB11056
7862	DB00935
46416	DB04805
87185	DB11413
87407	DB03686
86463	DB09087
86474	DB11870
71157	DB13529
72291	DB09065
72312	DB06663
72323	DB06203
73127	DB01728
73266	DB06472
73274	DB08907
73295	DB13950
73458	DB14060
73468	DB00179
9144	DB09298
45395	DB04768
45658	DB02216
82602	DB08766
45307	DB06195
85980	DB09272
480999	DB00361
85507	DB04023
90624	DB06314
90624	DB08584
90748	DB08633
134467	DB03214
134703	DB13146
134713	DB14650
134723	DB11586
134726	DB11757
134741	DB11888
134743	DB06290
134748	DB13822
134751	DB09495
134752	DB13733
134753	DB13238
134761	DB13882
134766	DB08999
134817	DB13624
134863	DB13827
134880	DB13313
134914	DB13417
134923	DB00306
134957	DB13737
134966	DB06201
134991	DB00998
135004	DB13082
135010	DB04880
135017	DB09021
135067	DB13465
135101	DB11584
135135	DB13268
135152	DB08998
135163	DB13288
135173	DB12473
135183	DB08802
135195	DB13413
135214	DB13384
135230	DB01298
135235	DB13348
135252	DB14719
135278	DB12954
135308	DB13349
135310	DB13731
135334	DB13846
135335	DB13851
135389	DB13845
135428	DB13325
135464	DB13382
135479	DB01491
135515	DB06769
135521	DB09014
135525	DB13279
135537	DB13565
135541	DB13835
135568	DB13653
135572	DB13208
135580	DB12927
135581	DB08971
135609	DB12692
135611	DB13282
135622	DB06771
135627	DB09097
135629	DB13504
135700	DB14634
135738	DB04920
135746	DB14538
135758	DB13091
135783	DB05442
135814	DB13277
135832	DB14720
135923	DB05018
135932	DB11570
135941	DB13549
135945	DB06193
135957	DB11693
135996	DB13776
136019	DB13471
136026	DB13613
136042	DB11950
136046	DB13165
136050	DB12924
31356	DB13677
31573	DB01545
31627	DB14938
31707	DB13539
32064	DB09366
32087	DB13036
9649	DB00519
31545	DB08991
31645	DB06784
31839	DB13284
31992	DB13354
32015	DB02925
41625	DB07588
5551	DB00874
6539	DB00186
33344	DB13031
40850	DB01875
59988	DB04028
18127	DB03854
53579	DB09209
214480	DB00447
57932	DB02893
9728	DB01116
30185	DB01593
8212	DB01100
37066	DB04196
16130	DB13424
16684	DB00572
16837	DB02030
3286	DB00248
46735	DB03025
3314	DB00326
3647	DB00477
18148	DB02835
30747	DB03728
2636	DB01143
23414	DB06778
27504	DB00305
507393	DB01956
31580	DB00823
38721	DB14972
31527	DB00378
3641	DB00269
44770	DB04467
50859	DB00307
52316	DB01860
60849	DB02124
17051	DB11257
7307	DB12521
43278	DB07909
28243	DB11220
6061	DB00883
9927	DB00177
39374	DB15583
16205	DB02923
79068	DB11874
145803	DB04531
44964	DB03660
131715	DB00817
131722	DB13320
131732	DB13686
131763	DB13556
47097	DB06448
131517	DB02665
141552	DB01342
144786	DB14820
145012	DB15136
102484	DB00263
3380	DB01197
31823	DB13765
273574	DB08618
9316	DB00708
10101	DB00943
9622	DB01036
2569	DB00802
16189	DB14546
5870	DB11421
16113	DB04540
17254	DB04120
2423	DB07558
28484	DB03750
44549	DB03204
58200	DB03473
27560	DB11203
6504	DB14509
37495	DB08660
28591	DB11359
18053	DB02085
3962	DB11672
36691	DB14750
6067	DB00982
16914	DB00936
17967	DB04827
41150	DB03668
29222	DB11123
18386	DB02428
58772	DB02467
17497	DB03085
40730	DB03148
44224	DB03564
36560	DB09321
3353	DB00616
39076	DB03434
50851	DB00769
46371	DB03048
7823	DB00842
49031	DB02467
45573	DB08562
443725	DB02948
53766	DB01418
5123	DB00623
6062	DB01020
4659	DB00822
16525	DB08833
601027	DB09026
60564	DB00093
48347	DB11155
50122	DB00412
3506	DB01150
16345	DB02153
9463	DB13943
7640	DB00540
57609	DB03590
125204	DB02459
18295	DB05381
8428	DB01035
241349	DB11283
16680	DB01752
31643	DB00597
32253	DB15117
47291	DB01735
27888	DB04506
59040	DB00256
16855	DB03252
17996	DB14547
8455	DB01131
57762	DB00161
9122	DB06144
30745	DB09269
50777	DB00294
17378	DB02536
42680	DB02509
3766	DB00363
58455	DB15458
17710	DB03518
17311	DB03977
35280	DB04284
8774	DB00178
6121	DB01221
16365	DB04745
28073	DB11136
8050	DB03783
30531	DB01856
746859	DB00287
42654	DB04198
18208	DB01053
16978	DB08855
31703	DB08948
16318	DB03407
15891	DB01956
4858	DB01215
17625	DB02333
3077	DB00443
28088	DB01645
37323	DB04345
57926	DB00156
28072	DB03315
9884	DB00791
50924	DB00398
28013	DB04551
16359	DB02659
6384	DB00654
101853	DB01155
28934	DB00153
59269	DB00405
45825	DB01851
12060	DB03716
32149	DB09472
6775	DB00244
4034	DB13828
45757	DB03215
3650	DB00672
35859	DB04828
3619	DB01178
31529	DB04688
28803	DB02209
55346	DB00362
6570	DB12622
17154	DB02701
27847	DB01758
25567	DB09112
15980	DB01930
36076	DB04334
518305	DB02163
2682	DB00681
17719	DB04122
47947	DB04277
9331	DB00576
21560	DB03360
39618	DB03260
17158	DB03587
4496	DB14481
43533	DB03968
45619	DB03864
5134	DB13867
74789	DB11561
74895	DB08913
74947	DB01041
75172	DB08905
75221	DB14702
75246	DB01220
145701	DB09300
145365	DB11832
145372	DB12141
145373	DB12978
145431	DB06370
95071	DB05223
131166	DB11794
91083	DB06436
91117	DB13177
91198	DB03921
91686	DB13532
91784	DB12869
91817	DB13588
92728	DB12931
92769	DB06704
93814	DB11656
93953	DB12847
95341	DB11817
94153	DB14129
94411	DB04843
143863	DB15261
50743	DB04839
5141	DB01213
31941	DB00526
16613	DB03295
44692	DB03645
15673	DB14756
42646	DB02521
38786	DB11448
3561	DB00341
16578	DB03687
53778	DB01430
15346	DB01992
28925	DB00888
47954	DB03652
27909	DB09117
3133	DB00901
43968	DB00760
28831	DB03175
9073	DB00418
6950	DB00370
59254	DB09351
474014	DB00954
15836	DB01857
17533	DB04075
30114	DB11081
40678	DB01976
32687	DB09350
43012	DB07893
44934	DB02580
27796	DB00662
32425	DB14073
61390	DB08916
44743	DB01993
24564	DB00488
28850	DB03413
17649	DB03680
31547	DB00700
4511	DB00485
51211	DB00866
9654	DB00656
16026	DB03590
39740	DB04441
499361	DB00673
2687	DB00276
27539	DB02095
4653	DB00975
28272	DB03246
33400	DB12257
35739	DB14007
9635	DB00539
15427	DB04189
28411	DB11780
57699	DB03811
10112	DB00744
6970	DB00764
27789	DB03733
5587	DB09499
42719	DB07806
55438	DB11720
9434	DB00966
17310	DB00147
2668	DB00381
34764	DB00663
28527	DB01698
16899	DB00742
15635	DB02031
58506	DB11842
47782	DB13411
53782	DB14708
4639	DB01081
17620	DB07767
2618	DB00915
160	DB01727
29105	DB14532
405237	DB01833
8927	DB02458
33141	DB14182
33337	DB12860
52154	DB09320
17724	DB02083
6794	DB00610
17987	DB06770
16154	DB04304
55548	DB08798
16410	DB11673
46784	DB02935
2673	DB01351
63115	DB08868
30512	DB12965
17045	DB06690
3611	DB00475
3392	DB13009
42797	DB00996
70723	DB07340
71464	DB14043
68621	DB08873
39610	DB02678
82700	DB09080
82872	DB07705
82873	DB01127
82892	DB01110
90953	DB06206
93243	DB12966
94449	DB00986
94484	DB11186
94558	DB08979
94590	DB13331
103855	DB09352
103934	DB13858
109549	DB00980
94775	DB09023
94789	DB09069
94809	DB04924
94848	DB00985
124914	DB12400
125482	DB12445
91326	DB08142
91418	DB12307
91452	DB07460
91484	DB13478
92386	DB11477
93636	DB13720
43195	DB03361
138488	DB04014
143079	DB01746
42438	DB03514
9367	DB02034
65353	DB04871
29655	DB04408
27747	DB03974
44534	DB08324
64399	DB08840
63836	DB13215
64312	DB01043
41893	DB02305
63627	DB00911
63631	DB00273
40677	DB07371
63717	DB00300
63633	DB06825
64064	DB00938
63486	DB01667
63530	DB06788
63622	DB00489
6550	DB12884
70718	DB06590
71302	DB02137
71013	DB08883
44800	DB04346
88206	DB00187
75342	DB13171
75430	DB11296
75725	DB00193
75934	DB06235
76069	DB04780
76130	DB13371
76136	DB09217
76208	DB11159
76611	DB09151
77032	DB09019
77070	DB08992
77260	DB00338
7789	DB01173
7953	DB01230
9468	DB09085
84374	DB03320
84387	DB08427
31701	DB12407
41899	DB02613
6920	DB01388
69478	DB09061
89642	DB11619
90195	DB12291
7457	DB06230
7549	DB12750
9137	DB01105
9720	DB00376
7930	DB01626
10001	DB13355
10028	DB08720
10029	DB08723
10304	DB06707
10454	DB00875
79993	DB07863
80003	DB02545
31502	DB01160
31790	DB12474
31963	DB14657
32171	DB08329
32188	DB09256
3360	DB14737
81294	DB13229
81295	DB13578
81306	DB13640
34578	DB14083
34583	DB01471
34671	DB06780
34736	DB14064
34738	DB13386
34825	DB08933
34829	DB00253
34853	DB13543
3502	DB13667
3503	DB13682
35092	DB06902
43645	DB02052
534	DB11089
82346	DB13644
8242	DB00236
8245	DB01291
82504	DB12300
5948	DB14492
5950	DB09115
5951	DB08946
8327	DB01324
8380	DB15566
8391	DB13777
6729	DB12864
67357	DB12730
8863	DB00740
8872	DB00867
88839	DB15576
132975	DB11575
2469	DB13868
102166	DB00599
16870	DB04660
17411	DB00141
21553	DB04167
31536	DB00879
31749	DB08940
32826	DB03700
3387	DB00564
39548	DB01076
39745	DB02831
39922	DB01996
40050	DB00701
40290	DB02850
40741	DB07381
40813	DB02795
40856	DB04357
40947	DB02676
41139	DB04455
41275	DB02962
41837	DB02693
41865	DB07645
41967	DB03588
42944	DB00674
42989	DB04706
43275	DB02035
43572	DB01759
4392	DB00618
44156	DB08215
44343	DB08264
44401	DB04744
44419	DB08297
44445	DB04743
44493	DB02622
44588	DB08286
4474	DB01209
45713	DB02709
465284	DB01004
46961	DB14119
47083	DB03110
4728	DB00651
47381	DB00586
47499	DB00458
47781	DB01151
47977	DB01296
48131	DB00548
48947	DB00766
49148	DB04084
49916	DB03836
50275	DB00736
50599	DB04151
50722	DB02646
50730	DB00471
50749	DB02300
50845	DB00254
51015	DB01780
5384	DB01067
6897	DB01214
69136	DB02621
7035	DB12458
74159	DB00260
28241	DB01113
31835	DB14212
32269	DB11699
34848	DB06693
35020	DB12709
39826	DB02534
40438	DB04127
44235	DB04208
63608	DB04835
77498	DB00423
77898	DB01007
77906	DB01017
78316	DB13391
78508	DB08023
78692	DB04794
87732	DB00682
87738	DB08496
44137	DB11468
45735	DB13179
87016	DB09119
68603	DB14669
71941	DB00500
72999	DB09114
73038	DB08439
73044	DB01283
73410	DB09186
28115	DB03614
73726	DB05416
9555	DB00352
44081	DB02896
45981	DB02800
57580	DB03223
78544	DB08454
32079	DB13603
45820	DB08589
85984	DB09060
29672	DB15480
5576	DB08848
78432	DB09063
134711	DB09513
134728	DB09248
134729	DB13762
134760	DB13526
134767	DB13099
134820	DB13357
134822	DB11610
134888	DB13414
134903	DB13736
134922	DB13770
134928	DB13253
134932	DB13494
134949	DB14044
134989	DB06408
135005	DB04896
135051	DB13421
135055	DB13462
135068	DB13992
135098	DB13319
135141	DB13474
135145	DB11620
135168	DB13725
135172	DB13719
135182	DB12958
135189	DB06255
135228	DB13502
135231	DB13563
135238	DB13294
135239	DB12545
135283	DB13710
135285	DB04876
135289	DB08835
135293	DB13587
135314	DB00192
135339	DB13857
135367	DB13678
135394	DB13696
135418	DB12086
135474	DB12868
135493	DB12780
135497	DB13395
135507	DB12313
135510	DB12926
135533	DB11770
135542	DB01207
135544	DB11964
135566	DB00896
135589	DB09194
135594	DB09211
135602	DB13564
135605	DB13203
135668	DB13546
135679	DB01106
135695	DB13784
135697	DB12163
135768	DB13607
135772	DB13092
135794	DB01459
135797	DB13454
135834	DB13664
135856	DB13638
135857	DB11206
135924	DB08924
135925	DB01255
135934	DB00971
135937	DB11219
135946	DB09142
135952	DB09120
135953	DB13818
135971	DB06535
135992	DB13779
135999	DB13701
136001	DB13585
136003	DB13515
136012	DB11267
136013	DB09571
136020	DB13464
136024	DB13361
136055	DB09243
31312	DB12160
31412	DB09006
31418	DB13663
31425	DB01559
31446	DB13472
31646	DB12079
31652	DB09257
31702	DB13755
31708	DB09480
31713	DB09133
31804	DB06797
31837	DB01107
31974	DB00183
32300	DB04878
32306	DB06737
6060	DB09401
6702	DB00579
31596	DB04854
31607	DB14491
31717	DB09134
31891	DB12092
32032	DB13620
32034	DB11107
32070	DB13449
32224	DB13666
32271	DB13419
6485	DB01583
138828	DB05038
47325	DB04411
15939	DB13751
15345	DB03059
50580	DB01102
2704	DB01217
28421	DB03727
28971	DB00415
20794	DB03493
29279	DB09499
34683	DB14502
16382	DB12754
31654	DB01120
3061	DB01244
16347	DB00583
28062	DB03991
15354	DB00122
2401	DB01063
7956	DB00299
59354	DB08636
51397	DB02680
4445	DB01189
50867	DB09064
31401	DB01166
23359	DB01394
15994	DB01561
16959	DB13871
30918	DB04347
4636	DB01075
16842	DB03843
29415	DB12453
17141	DB00847
35550	DB03594
205919	DB11750
30659	DB00509
47693	DB04936
15398	DB02817
18229	DB03938
53796	DB09237
16234	DB14522
18336	DB02609
2086	DB14010
15671	DB09459
30817	DB01971
16586	DB00513
44748	DB03394
60634	DB04863
16869	DB11442
57856	DB01752
6375	DB00448
59589	DB00453
28329	DB04571
59773	DB01003
41117	DB02481
78539	DB13166
78540	DB05676
131730	DB13266
88255	DB13730
134267	DB12629
51174	DB06793
38561	DB01095
46209	DB03978
31618	DB01567
7735	DB00334
53773	DB00511
34921	DB12983
556075	DB03758
2948	DB00993
600520	DB01141
62880	DB07232
9349	DB14090
27856	DB02736
61080	DB06176
48517	DB02134
28001	DB00512
17821	DB03462
59445	DB00534
2663	DB01118
16593	DB01923
32316	DB09225
39484	DB04578
8452	DB01123
18228	DB01729
55313	DB13648
36706	DB06530
60724	DB02043
149226	DB01288
51137	DB06148
27693	DB14038
17211	DB02552
28869	DB00170
10093	DB01392
142290	DB00261
18220	DB12007
28875	DB08231
18385	DB00152
28821	DB12582
3757	DB00575
17748	DB04485
27086	DB08601
48153	DB03937
31346	DB15533
9142	DB05245
18347	DB15458
4975	DB00927
17381	DB02272
15409	DB00825
52053	DB13706
16927	DB04207
58000	DB02174
2904	DB00335
31793	DB09481
16109	DB02774
40304	DB02502
28496	DB02025
63043	DB11090
2453	DB00787
3697	DB01597
18132	DB03945
47032	DB03316
4317	DB01219
34795	DB07954
116225	DB04821
4724	DB00645
17435	DB07610
17268	DB13178
6784	DB01357
40332	DB07268
60761	DB00322
39637	DB06880
2968	DB01602
30052	DB09130
4806	DB12116
27574	DB03582
30314	DB00166
17948	DB02224
15816	DB04027
9495	DB13245
37937	DB00217
33227	DB14186
119486	DB00625
4453	DB00304
57433	DB12519
42263	DB01749
57485	DB11695
53001	DB14180
7856	DB01062
7731	DB01165
61399	DB05424
30772	DB03568
15570	DB01786
22689	DB06733
3310	DB00258
2915	DB00732
313639	DB00392
43636	DB03554
15377	DB09145
37941	DB00758
17847	DB01688
50418	DB02601
6128	DB01009
6762	DB06691
59719	DB00944
15732	DB02823
9588	DB00208
9328	DB00359
36584	DB06815
2611	DB00404
35677	DB06698
17781	DB04345
138856	DB13627
10588	DB12110
17835	DB01709
49005	DB01609
104011	DB00345
30089	DB14511
30287	DB02086
59781	DB01444
17947	DB03868
10124	DB00315
62043	DB08510
31624	DB00693
49032	DB02235
27625	DB03111
133809	DB01125
15742	DB04026
27623	DB04196
59120	DB01622
15971	DB00117
16552	DB04464
51758	DB08795
3495	DB00923
16467	DB00125
52768	DB14061
53612	DB12223
22065	DB08342
39669	DB00861
4055	DB09028
45030	DB08388
5383	DB00222
67989	DB06749
73131	DB03402
74274	DB01529
74899	DB08906
75045	DB08912
75178	DB11129
145661	DB01554
145403	DB03781
44391	DB01872
131158	DB12463
131169	DB11952
90332	DB07952
91654	DB06458
91656	DB06152
91766	DB00338
93837	DB13785
95118	DB11398
92907	DB04910
92948	DB00409
92976	DB11725
93036	DB12831
94356	DB11549
142416	DB04568
142854	DB02663
144551	DB01062
29506	DB06419
