drugbank_id	drugcentral_id
DB00006	385
DB00007	1559
DB00014	1327
DB00035	817
DB00050	583
DB00080	783
DB00091	760
DB00093	4910
DB00104	1980
DB00106	35
DB00114	3506
DB00117	1377
DB00118	2414
DB00120	2144
DB00121	373
DB00122	3097
DB00122	4635
DB00123	1622
DB00125	1549
DB00126	4072
DB00128	1550
DB00129	3401
DB00130	1311
DB00131	92
DB00132	4618
DB00133	4127
DB00134	3347
DB00135	2786
DB00136	466
DB00137	4145
DB00138	4130
DB00139	2487
DB00140	2834
DB00142	1310
DB00143	1312
DB00145	1319
DB00146	464
DB00147	4134
DB00148	4661
DB00149	1557
DB00150	2780
DB00151	769
DB00152	2832
DB00153	2838
DB00155	3103
DB00156	4254
DB00158	1231
DB00159	3174
DB00160	4255
DB00160	4306
DB00161	4128
DB00162	2831
DB00163	4280
DB00165	2836
DB00166	4732
DB00167	4129
DB00169	2840
DB00170	1683
DB00171	91
DB00172	4125
DB00173	89
DB00174	4126
DB00175	2239
DB00176	1230
DB00177	2806
DB00178	2356
DB00179	1637
DB00180	1201
DB00181	282
DB00182	1562
DB00182	195
DB00182	841
DB00183	2088
DB00184	1920
DB00185	584
DB00186	1606
DB00187	1054
DB00188	391
DB00189	1078
DB00190	496
DB00191	2140
DB00192	1434
DB00193	2711
DB00194	2818
DB00194	90
DB00195	356
DB00195	4752
DB00196	1187
DB00197	2767
DB00198	2001
DB00199	1048
DB00201	463
DB00202	2489
DB00203	2441
DB00204	942
DB00205	2332
DB00206	2370
DB00207	276
DB00208	2657
DB00209	2776
DB00210	87
DB00211	1803
DB00212	4696
DB00213	2054
DB00214	2708
DB00215	1053
DB00215	663
DB00216	995
DB00217	359
DB00218	1854
DB00219	2039
DB00220	1893
DB00221	1491
DB00222	1300
DB00223	4548
DB00224	1437
DB00226	1339
DB00227	1612
DB00228	1009
DB00229	548
DB00230	2255
DB00231	2585
DB00232	1759
DB00233	2050
DB00234	2361
DB00235	1809
DB00236	2192
DB00237	439
DB00238	1904
DB00239	3408
DB00241	441
DB00242	667
DB00243	2359
DB00244	1710
DB00245	333
DB00246	2865
DB00247	1775
DB00248	460
DB00249	1417
DB00250	782
DB00251	2599
DB00252	2152
DB00253	1662
DB00254	961
DB00255	875
DB00256	1619
DB00257	719
DB00258	4211
DB00259	2521
DB00260	759
DB00262	512
DB00263	2529
DB00264	1786
DB00265	744
DB00266	867
DB00267	538
DB00268	2402
DB00269	610
DB00270	1511
DB00271	851
DB00272	357
DB00273	2706
DB00274	539
DB00276	203
DB00277	2620
DB00278	239
DB00279	1585
DB00280	926
DB00281	1579
DB00282	2048
DB00283	671
DB00285	2813
DB00287	2716
DB00288	150
DB00289	256
DB00291	588
DB00292	1109
DB00293	2353
DB00294	1110
DB00296	2403
DB00297	4
DB00297	432
DB00298	781
DB00299	2079
DB00300	2593
DB00301	1183
DB00302	2713
DB00303	1046
DB00304	818
DB00305	1819
DB00306	2556
DB00307	361
DB00308	1412
DB00309	2826
DB00310	625
DB00311	1089
DB00312	2095
DB00313	2803
DB00316	52
DB00317	1282
DB00319	2187
DB00320	888
DB00321	180
DB00322	1184
DB00323	2697
DB00324	1208
DB00327	1393
DB00328	1440
DB00330	1073
DB00331	1725
DB00332	1475
DB00333	1728
DB00333	4586
DB00334	1982
DB00335	255
DB00335	4702
DB00336	1950
DB00337	2168
DB00339	2328
DB00340	1780
DB00341	1566
DB00341	581
DB00342	2600
DB00343	897
DB00344	2320
DB00345	165
DB00346	115
DB00347	2751
DB00348	1944
DB00349	682
DB00350	1814
DB00351	1667
DB00352	2632
DB00353	1764
DB00354	416
DB00355	279
DB00356	626
DB00357	164
DB00358	1665
DB00359	2500
DB00360	2612
DB00361	2827
DB00362	4357
DB00363	722
DB00365	1330
DB00366	962
DB00367	1572
DB00368	1960
DB00369	639
DB00370	1816
DB00371	1704
DB00372	2630
DB00373	4061
DB00374	2720
DB00376	2745
DB00377	2046
DB00378	975
DB00379	1794
DB00380	4031
DB00380	839
DB00381	183
DB00381	4099
DB00382	2551
DB00383	2026
DB00384	2728
DB00385	2805
DB00387	2276
DB00388	2146
DB00389	497
DB00390	882
DB00391	1577
DB00391	2537
DB00392	1086
DB00393	1937
DB00394	294
DB00395	509
DB00396	2279
DB00397	2149
DB00397	3389
DB00398	2459
DB00399	2868
DB00400	1331
DB00401	1942
DB00402	1068
DB00402	2873
DB00403	579
DB00404	136
DB00405	408
DB00405	830
DB00406	4138
DB00408	1613
DB00409	2365
DB00410	1857
DB00411	488
DB00412	2405
DB00413	2233
DB00414	57
DB00415	198
DB00416	908
DB00417	2083
DB00418	2428
DB00419	1807
DB00420	2284
DB00421	2475
DB00422	1767
DB00422	836
DB00423	1747
DB00425	2870
DB00426	1128
DB00427	2763
DB00428	2483
DB00429	2771
DB00429	502
DB00430	552
DB00431	1583
DB00432	2743
DB00433	2274
DB00434	765
DB00435	1948
DB00436	305
DB00437	124
DB00438	559
DB00439	577
DB00440	2755
DB00441	1283
DB00442	1019
DB00443	348
DB00443	824
DB00444	2590
DB00445	1030
DB00445	960
DB00446	589
DB00447	1603
DB00448	1547
DB00448	4162
DB00449	922
DB00450	966
DB00451	2646
DB00451	846
DB00452	1896
DB00453	702
DB00454	1690
DB00455	1605
DB00456	574
DB00457	4209
DB00458	1427
DB00459	78
DB00461	1863
DB00462	1757
DB00463	1740
DB00464	3550
DB00465	1529
DB00466	2163
DB00467	1013
DB00468	2346
DB00468	4523
DB00469	2595
DB00470	4109
DB00471	1836
DB00472	1209
DB00473	1373
DB00474	1748
DB00475	594
DB00477	621
DB00478	2383
DB00479	157
DB00480	3317
DB00481	2351
DB00482	568
DB00483	1273
DB00484	395
DB00485	866
DB00486	1862
DB00487	2071
DB00488	141
DB00489	2464
DB00490	437
DB00491	1806
DB00492	1245
DB00493	546
DB00494	1018
DB00495	2861
DB00496	784
DB00498	2130
DB00499	1223
DB00500	2699
DB00501	645
DB00502	1353
DB00503	2391
DB00504	1560
DB00505	2737
DB00507	1943
DB00508	2742
DB00509	2646
DB00509	846
DB00511	67
DB00512	2807
DB00513	163
DB00514	842
DB00515	4472
DB00515	4568
DB00515	4625
DB00517	223
DB00518	103
DB00519	2712
DB00520	2977
DB00521	520
DB00522	316
DB00523	1508
DB00523	2722
DB00523	3862
DB00524	1783
DB00525	3617
DB00527	859
DB00528	4157
DB00529	1241
DB00530	1045
DB00531	758
DB00532	1695
DB00533	2397
DB00534	4568
DB00535	533
DB00536	1344
DB00537	659
DB00539	2709
DB00540	1971
DB00541	2825
DB00542	299
DB00543	191
DB00544	26
DB00545	2330
DB00546	93
DB00547	819
DB00548	270
DB00549	2855
DB00550	2308
DB00551	58
DB00552	2098
DB00553	30
DB00554	2210
DB00555	1540
DB00556	2104
DB00557	1400
DB00558	2859
DB00559	392
DB00560	2661
DB00561	953
DB00562	332
DB00563	1751
DB00564	489
DB00565	259
DB00565	661
DB00566	2486
DB00567	571
DB00568	654
DB00569	1236
DB00570	2823
DB00571	2303
DB00572	1402
DB00572	260
DB00573	1154
DB00574	1150
DB00574	832
DB00575	704
DB00576	2512
DB00577	2798
DB00578	492
DB00579	1640
DB00580	2799
DB00581	1536
DB00582	2846
DB00583	513
DB00584	1005
DB00585	1955
DB00586	865
DB00587	648
DB00588	1225
DB00589	1588
DB00590	954
DB00591	1204
DB00592	2188
DB00593	1087
DB00594	158
DB00595	2041
DB00598	1531
DB00598	894
DB00599	2633
DB00600	1834
DB00601	1584
DB00603	1659
DB00604	660
DB00605	2534
DB00606	761
DB00607	1869
DB00608	607
DB00609	1083
DB00610	1721
DB00611	454
DB00612	380
DB00613	186
DB00614	1257
DB00615	2376
DB00617	2059
DB00618	802
DB00619	1423
DB00620	2725
DB00621	2011
DB00622	1909
DB00622	5
DB00623	1212
DB00624	2607
DB00625	989
DB00627	2835
DB00628	711
DB00629	3952
DB00630	112
DB00631	691
DB00632	940
DB00633	1655
DB00633	835
DB00634	2497
DB00635	2253
DB00636	694
DB00637	249
DB00639	450
DB00640	2818
DB00640	90
DB00641	2445
DB00642	2073
DB00643	1641
DB00644	2958
DB00645	974
DB00646	1977
DB00647	1573
DB00647	844
DB00648	1820
DB00649	2478
DB00650	1232
DB00650	4384
DB00651	976
DB00652	3424
DB00654	1551
DB00655	3188
DB00656	2717
DB00657	1646
DB00659	38
DB00660	1722
DB00661	2815
DB00662	2754
DB00663	4548
DB00664	2517
DB00665	1933
DB00666	1868
DB00668	1028
DB00668	4508
DB00670	2200
DB00671	537
DB00672	622
DB00673	230
DB00674	1272
DB00675	2561
DB00676	335
DB00677	1494
DB00678	1610
DB00679	2637
DB00680	1842
DB00681	197
DB00682	2847
DB00683	1802
DB00684	2684
DB00685	2777
DB00688	1859
DB00689	572
DB00690	1218
DB00691	1827
DB00692	2142
DB00694	786
DB00695	1258
DB00696	1043
DB00697	2683
DB00698	1949
DB00699	1910
DB00700	1032
DB00701	200
DB00703	1741
DB00704	1765
DB00705	799
DB00706	2562
DB00708	2491
DB00709	1539
DB00710	1404
DB00711	873
DB00712	1219
DB00712	5060
DB00713	2006
DB00714	228
DB00715	2068
DB00716	1889
DB00717	1962
DB00718	88
DB00719	268
DB00720	690
DB00721	2271
DB00722	1587
DB00723	1753
DB00724	1429
DB00725	1380
DB00726	2758
DB00727	1952
DB00728	2396
DB00730	2621
DB00731	1886
DB00732	259
DB00732	661
DB00733	2231
DB00734	2389
DB00735	1872
DB00736	1055
DB00736	1990
DB00737	1649
DB00738	2090
DB00739	1363
DB00740	2382
DB00741	1388
DB00742	2462
DB00742	935
DB00744	2862
DB00745	1826
DB00745	4501
DB00746	792
DB00747	2424
DB00748	499
DB00749	1103
DB00750	2265
DB00751	1027
DB00752	2715
DB00753	1493
DB00754	1088
DB00755	1508
DB00755	2722
DB00755	3862
DB00756	1364
DB00757	3931
DB00758	708
DB00759	2611
DB00760	1709
DB00761	4568
DB00762	1482
DB00763	1745
DB00765	1792
DB00766	669
DB00767	331
DB00769	1387
DB00770	138
DB00771	676
DB00772	1626
DB00773	1112
DB00774	1392
DB00775	2680
DB00776	2017
DB00777	2298
DB00778	2410
DB00779	1875
DB00780	2123
DB00782	2293
DB00783	1057
DB00784	1663
DB00787	85
DB00788	1883
DB00789	2092
DB00790	2108
DB00791	2795
DB00792	2762
DB00793	1355
DB00794	2267
DB00795	2525
DB00796	475
DB00797	2695
DB00799	2571
DB00800	1153
DB00801	1348
DB00802	114
DB00804	868
DB00805	1812
DB00806	2099
DB00807	2294
DB00808	1433
DB00809	2774
DB00810	374
DB00811	2373
DB00812	2145
DB00813	1164
DB00814	1676
DB00816	1720
DB00817	83
DB00818	2302
DB00819	56
DB00820	2553
DB00821	518
DB00822	928
DB00823	1095
DB00824	1015
DB00825	934
DB00826	1885
DB00827	657
DB00828	1243
DB00829	852
DB00830	2133
DB00831	2740
DB00832	2139
DB00833	525
DB00834	1805
DB00835	408
DB00835	830
DB00836	1599
DB00837	2278
DB00839	2694
DB00841	13
DB00841	937
DB00842	2015
DB00843	946
DB00844	1874
DB00845	692
DB00846	1217
DB00847	768
DB00848	1561
DB00849	1696
DB00850	2113
DB00851	773
DB00852	1024
DB00852	2326
DB00853	2589
DB00854	1574
DB00855	166
DB00857	2597
DB00859	2081
DB00860	2245
DB00861	880
DB00862	2809
DB00863	2358
DB00864	2552
DB00865	329
DB00866	137
DB00867	2390
DB00869	949
DB00870	2546
DB00871	2598
DB00872	732
DB00874	1336
DB00875	1211
DB00876	1037
DB00877	2446
DB00878	597
DB00879	1003
DB00880	609
DB00881	2340
DB00882	700
DB00883	1505
DB00884	2387
DB00885	2074
DB00886	1989
DB00887	427
DB00888	1647
DB00889	1329
DB00890	870
DB00891	2524
DB00892	3016
DB00894	2606
DB00895	1622
DB00896	2384
DB00897	2729
DB00898	1076
DB00899	2363
DB00900	869
DB00901	384
DB00902	1742
DB00903	1071
DB00904	1992
DB00905	371
DB00906	2648
DB00907	723
DB00908	2346
DB00908	4523
DB00909	2872
DB00910	2066
DB00911	2671
DB00912	2366
DB00913	220
DB00914	2126
DB00915	144
DB00916	1790
DB00917	913
DB00918	128
DB00919	2468
DB00920	1530
DB00921	434
DB00922	1576
DB00923	544
DB00924	751
DB00925	2136
DB00926	1116
DB00927	1129
DB00928	25
DB00929	1817
DB00931	1727
DB00932	3609
DB00933	1712
DB00934	1634
DB00935	2032
DB00936	2416
DB00937	874
DB00938	2419
DB00939	1650
DB00940	1736
DB00941	1365
DB00942	763
DB00943	2856
DB00944	801
DB00945	74
DB00946	2138
DB00947	1255
DB00948	1795
DB00949	1140
DB00950	1170
DB00951	1497
DB00952	1884
DB00953	2393
DB00954	925
DB00955	1903
DB00956	1386
DB00957	1968
DB00958	4472
DB00958	4625
DB00959	1768
DB00960	2176
DB00961	1700
DB00962	2857
DB00963	401
DB00964	229
DB00966	2583
DB00967	814
DB00968	1762
DB00969	129
DB00970	774
DB00971	4274
DB00972	271
DB00974	987
DB00975	924
DB00977	1082
DB00978	1594
DB00979	757
DB00980	2355
DB00981	2159
DB00982	1508
DB00982	2722
DB00982	3862
DB00983	1239
DB00983	4943
DB00984	1882
DB00985	916
DB00986	4302
DB00987	770
DB00988	947
DB00989	2392
DB00990	1122
DB00991	2013
DB00992	168
DB00993	269
DB00996	1264
DB00997	1030
DB00997	960
DB00998	1251
DB00999	1385
DB01000	632
DB01001	105
DB01001	1575
DB01002	4
DB01002	432
DB01003	741
DB01004	1277
DB01005	1399
DB01006	1556
DB01007	2675
DB01008	438
DB01009	1528
DB01009	833
DB01010	988
DB01011	1791
DB01012	647
DB01013	4452
DB01014	284
DB01015	2514
DB01018	1343
DB01019	358
DB01020	1506
DB01021	2733
DB01022	2843
DB01023	1142
DB01024	1860
DB01025	182
DB01026	1527
DB01028	1754
DB01029	1481
DB01030	2707
DB01031	1081
DB01033	1708
DB01034	578
DB01035	2270
DB01037	2429
DB01038	516
DB01041	2616
DB01042	1678
DB01043	1679
DB01044	1280
DB01045	2377
DB01046	4123
DB01047	1205
DB01050	1407
DB01050	3851
DB01051	1974
DB01053	2082
DB01054	1947
DB01054	6
DB01056	2686
DB01057	982
DB01058	2241
DB01059	1967
DB01060	192
DB01061	277
DB01062	2028
DB01063	59
DB01064	1499
DB01064	2388
DB01067	1301
DB01068	703
DB01069	2286
DB01070	2841
DB01071	1707
DB01072	254
DB01074	2106
DB01075	916
DB01076	257
DB01077	1098
DB01078	813
DB01079	2579
DB01080	2819
DB01081	918
DB01082	2481
DB01083	1996
DB01084	999
DB01085	2166
DB01086	323
DB01087	2266
DB01088	1422
DB01089	810
DB01090	2096
DB01091	444
DB01092	2004
DB01093	906
DB01094	1362
DB01096	2009
DB01097	1552
DB01099	1188
DB01100	2172
DB01101	480
DB01102	237
DB01103	2338
DB01104	2436
DB01105	2440
DB01106	1564
DB01107	1774
DB01108	2746
DB01110	1800
DB01112	565
DB01113	2056
DB01114	4411
DB01114	616
DB01115	1922
DB01116	2752
DB01117	258
DB01118	176
DB01119	854
DB01120	1299
DB01121	2114
DB01122	146
DB01123	2277
DB01124	2696
DB01125	222
DB01126	973
DB01127	983
DB01128	367
DB01129	2350
DB01129	4867
DB01130	2243
DB01131	2282
DB01132	2179
DB01133	2666
DB01134	822
DB01135	2974
DB01136	522
DB01137	1569
DB01137	1981
DB01138	2528
DB01139	575
DB01140	526
DB01141	1798
DB01142	956
DB01143	156
DB01144	864
DB01145	2533
DB01146	920
DB01147	720
DB01148	1175
DB01149	1890
DB01150	556
DB01151	812
DB01153	2434
DB01154	2626
DB01156	435
DB01157	2757
DB01158	394
DB01159	1356
DB01160	2771
DB01160	912
DB01161	605
DB01162	3584
DB01163	1648
DB01164	4568
DB01165	1569
DB01165	1981
DB01166	644
DB01167	1513
DB01168	2272
DB01169	244
DB01170	1342
DB01171	1825
DB01172	1519
DB01173	1999
DB01174	2134
DB01175	1053
DB01175	663
DB01176	749
DB01177	1414
DB01178	603
DB01179	3481
DB01180	2369
DB01181	1421
DB01182	2291
DB01183	1878
DB01184	945
DB01185	1210
DB01186	2105
DB01188	636
DB01189	811
DB01190	678
DB01191	1150
DB01191	832
DB01192	2034
DB01193	40
DB01194	396
DB01195	1176
DB01196	1065
DB01197	484
DB01198	1068
DB01198	2873
DB01199	2781
DB01200	403
DB01201	2378
DB01202	1563
DB01203	1865
DB01204	1821
DB01205	1195
DB01206	1596
DB01208	2466
DB01209	847
DB01210	431
DB01211	668
DB01212	564
DB01213	1233
DB01214	1779
DB01215	1056
DB01216	1171
DB01217	210
DB01218	1350
DB01219	780
DB01220	2379
DB01221	1523
DB01221	4468
DB01222	419
DB01223	2620
DB01224	2337
DB01226	1822
DB01227	1571
DB01227	1729
DB01228	1007
DB01229	2044
DB01230	2075
DB01231	313
DB01232	2422
DB01233	1782
DB01234	348
DB01234	824
DB01235	1567
DB01236	2439
DB01237	404
DB01238	242
DB01239	623
DB01240	1034
DB01241	1285
DB01242	701
DB01243	611
DB01244	342
DB01245	789
DB01246	2749
DB01247	1490
DB01248	939
DB01249	3302
DB01250	1988
DB01251	1302
DB01252	1818
DB01253	1042
DB01254	785
DB01255	4135
DB01256	2371
DB01259	1548
DB01260	3135
DB01261	2448
DB01262	790
DB01263	3483
DB01264	4143
DB01265	4220
DB01267	4137
DB01268	2544
DB01273	2808
DB01274	1239
DB01274	4943
DB01275	1384
DB01278	2236
DB01280	1892
DB01282	495
DB01283	1618
DB01284	4516
DB01288	1155
DB01289	1305
DB01291	2199
DB01294	2416
DB01294	4257
DB01295	360
DB01296	1307
DB01297	3486
DB01298	2499
DB01299	2503
DB01301	2399
DB01303	3097
DB01303	4635
DB01319	1240
DB01320	1247
DB01321	1518
DB01324	2228
DB01325	2343
DB01326	527
DB01327	530
DB01328	542
DB01329	543
DB01330	547
DB01331	550
DB01332	563
DB01333	576
DB01336	908
DB01337	2052
DB01338	2183
DB01339	2811
DB01340	641
DB01346	2134
DB01346	2346
DB01346	4523
DB01348	2474
DB01349	3839
DB01351	184
DB01352	232
DB01353	449
DB01354	1360
DB01355	1369
DB01357	1714
DB01359	2078
DB01362	1461
DB01364	1024
DB01364	2326
DB01365	1694
DB01366	2273
DB01367	3521
DB01369	2349
DB01375	4611
DB01380	734
DB01382	1321
DB01388	1797
DB01392	3659
DB01393	362
DB01394	726
DB01395	968
DB01396	881
DB01397	2416
DB01399	2420
DB01400	1897
DB01401	2416
DB01401	3097
DB01401	4635
DB01403	1752
DB01405	2584
DB01406	779
DB01407	673
DB01408	285
DB01409	2677
DB01410	633
DB01411	2237
DB01412	2618
DB01413	535
DB01414	524
DB01415	562
DB01419	3677
DB01420	4146
DB01421	2067
DB01422	1954
DB01423	2479
DB01424	171
DB01425	120
DB01426	100
DB01427	201
DB01428	3412
DB01429	231
DB01430	127
DB01431	125
DB01433	1571
DB01433	1729
DB01435	861
DB01436	130
DB01437	1313
DB01438	2120
DB01444	3156
DB01452	4412
DB01459	363
DB01461	3149
DB01463	1146
DB01466	3207
DB01468	3206
DB01471	468
DB01473	132
DB01475	3733
DB01476	1357
DB01482	1149
DB01483	289
DB01486	2149
DB01486	3389
DB01489	469
DB01490	175
DB01491	921
DB01493	1094
DB01494	347
DB01494	586
DB01495	586
DB01495	861
DB01498	3730
DB01500	3802
DB01501	878
DB01502	850
DB01511	800
DB01521	3112
DB01522	1571
DB01522	1729
DB01524	214
DB01527	715
DB01529	843
DB01531	3134
DB01534	596
DB01536	215
DB01538	69
DB01544	1202
DB01545	1092
DB01546	1117
DB01547	3168
DB01550	1161
DB01551	886
DB01553	721
DB01555	1571
DB01555	1729
DB01556	618
DB01558	399
DB01559	718
DB01563	586
DB01564	468
DB01567	1190
DB01569	1237
DB01576	1562
DB01576	195
DB01576	841
DB01577	1732
DB01577	4641
DB01579	2122
DB01580	2027
DB01581	2510
DB01582	2502
DB01583	1585
DB01583	2646
DB01583	846
DB01586	2797
DB01586	4361
DB01587	1525
DB01588	2240
DB01589	2336
DB01590	1118
DB01591	2457
DB01592	4277
DB01594	656
DB01595	1945
DB01597	640
DB01598	1426
DB01599	2269
DB01600	2652
DB01601	1601
DB01602	280
DB01603	1744
DB01604	2218
DB01605	2219
DB01606	2572
DB01607	2656
DB01608	2107
DB01609	3128
DB01610	2801
DB01611	1395
DB01613	1047
DB01614	73
DB01615	50
DB01616	142
DB01618	1830
DB01619	2129
DB01620	2132
DB01622	2635
DB01623	2639
DB01624	2877
DB01624	4397
DB01625	1500
DB01626	2065
DB01627	1582
DB01628	1113
DB01638	2462
DB01638	935
DB01656	3531
DB01677	3229
DB01685	4888
DB01687	1535
DB01687	1628
DB01694	2566
DB01698	3535
DB01703	4277
DB01708	795
DB01718	3082
DB01739	4129
DB01744	470
DB01746	1557
DB01759	3977
DB01783	2055
DB01786	4255
DB01786	4306
DB01839	4024
DB01885	5144
DB01912	4568
DB01956	4486
DB02013	4277
DB02032	484
DB02061	1535
DB02061	1628
DB02097	770
DB02159	4024
DB02161	1379
DB02174	1311
DB02176	4211
DB02228	4455
DB02262	3402
DB02266	1193
DB02280	1629
DB02285	3500
DB02300	465
DB02317	3265
DB02325	4215
DB02329	493
DB02362	2049
DB02379	1271
DB02379	845
DB02383	2704
DB02507	2847
DB02513	4258
DB02517	1310
DB02520	931
DB02530	1262
DB02546	4124
DB02556	2144
DB02561	1252
DB02626	4277
DB02638	2967
DB02640	3253
DB02648	513
DB02655	1550
DB02659	3096
DB02665	2715
DB02678	1307
DB02701	1906
DB02703	1261
DB02731	4856
DB02743	1535
DB02743	1628
DB02750	769
DB02772	4610
DB02831	4478
DB02843	3265
DB02846	2670
DB02853	4125
DB02867	3265
DB02893	3347
DB02901	3927
DB02925	2201
DB02932	367
DB02955	3527
DB02959	4006
DB02994	3058
DB03006	3549
DB03017	4642
DB03034	1569
DB03034	1981
DB03054	405
DB03066	1533
DB03085	4645
DB03106	1444
DB03109	4615
DB03125	2755
DB03128	65
DB03151	4260
DB03166	4211
DB03175	4332
DB03193	4611
DB03201	769
DB03206	5110
DB03209	2002
DB03225	2780
DB03247	2374
DB03252	1622
DB03255	4266
DB03256	1232
DB03256	4384
DB03266	3267
DB03310	5130
DB03312	397
DB03322	2303
DB03323	1535
DB03323	1628
DB03350	4472
DB03350	4625
DB03357	1629
DB03374	3146
DB03389	2854
DB03424	2787
DB03528	2818
DB03528	90
DB03550	3421
DB03567	4615
DB03574	4277
DB03575	2121
DB03585	2036
DB03604	3611
DB03615	3526
DB03619	4988
DB03651	4626
DB03700	4254
DB03740	4615
DB03754	2771
DB03756	4289
DB03783	2115
DB03793	4664
DB03808	3275
DB03825	4568
DB03839	2786
DB03843	3244
DB03852	4259
DB03856	990
DB03894	3521
DB03904	4264
DB03904	4323
DB03904	5147
DB03911	2854
DB03918	2612
DB03929	4127
DB03943	4126
DB03945	2155
DB03955	5110
DB03989	1271
DB03989	845
DB03995	2971
DB04005	3639
DB04027	1549
DB04084	4455
DB04106	1249
DB04145	1921
DB04156	4499
DB04165	2804
DB04167	46
DB04168	3689
DB04209	4376
DB04216	3514
DB04224	3400
DB04272	666
DB04282	4455
DB04286	2854
DB04293	1603
DB04299	3229
DB04304	3264
DB04335	3301
DB04339	4160
DB04342	1851
DB04349	4024
DB04377	1670
DB04398	1533
DB04408	4108
DB04414	4286
DB04444	4499
DB04445	4789
DB04452	174
DB04455	347
DB04465	1535
DB04465	1628
DB04483	4455
DB04485	4220
DB04519	3998
DB04522	4120
DB04552	1925
DB04564	5144
DB04571	2759
DB04572	2638
DB04573	3187
DB04574	4857
DB04575	2342
DB04576	1177
DB04599	221
DB04630	111
DB04650	373
DB04660	3906
DB04660	627
DB04665	738
DB04711	1455
DB04728	1589
DB04743	1935
DB04786	2966
DB04789	4621
DB04794	370
DB04813	3032
DB04814	3048
DB04815	681
DB04816	3125
DB04817	4659
DB04818	1480
DB04819	1738
DB04820	1907
DB04821	1958
DB04822	2018
DB04823	2038
DB04824	2135
DB04825	2261
DB04826	2617
DB04828	2871
DB04829	1621
DB04830	423
DB04831	2658
DB04832	2863
DB04833	1739
DB04834	3520
DB04835	1635
DB04836	161
DB04837	585
DB04838	747
DB04839	766
DB04840	788
DB04841	1200
DB04842	1222
DB04843	1689
DB04844	2609
DB04844	5226
DB04845	1517
DB04846	569
DB04854	1137
DB04855	4112
DB04856	1614
DB04856	834
DB04861	1887
DB04865	4677
DB04868	1932
DB04871	4374
DB04874	4472
DB04874	4568
DB04874	4625
DB04876	3642
DB04877	5100
DB04878	2845
DB04880	1014
DB04884	4381
DB04890	341
DB04896	1808
DB04896	4864
DB04898	2852
DB04908	5022
DB04911	4678
DB04912	4568
DB04920	674
DB04924	1512
DB04930	4152
DB04931	4836
DB04933	1044
DB04938	4749
DB04942	3580
DB04944	37
DB04946	3294
DB04947	3292
DB04948	1593
DB04951	4224
DB04953	4181
DB04957	274
DB04961	3635
DB04967	1616
DB04972	3062
DB04996	4211
DB04996	4472
DB04996	4568
DB04996	4625
DB05013	4226
DB05015	4876
DB05016	4872
DB05039	4183
DB05057	1041
DB05088	4260
DB05088	4286
DB05105	4690
DB05109	4633
DB05168	4831
DB05197	2456
DB05219	5201
DB05229	343
DB05239	5046
DB05246	1758
DB05265	981
DB05266	1406
DB05271	2407
DB05288	217
DB05289	1219
DB05289	5060
DB05294	4178
DB05295	5169
DB05296	4211
DB05316	5142
DB05340	2250
DB05351	1547
DB05351	4162
DB05381	1375
DB05382	4446
DB05389	4235
DB05428	4211
DB05442	3209
DB05461	4568
DB05476	4568
DB05521	4173
DB05541	5068
DB05607	3229
DB05642	4568
DB05659	5145
DB05667	1527
DB05676	4829
DB05786	1483
DB05790	4568
DB05791	2102
DB05792	4568
DB05804	4049
DB05837	4568
DB05956	4568
DB05966	666
DB05990	5155
DB05993	4568
DB06016	5037
DB06082	4568
DB06144	2435
DB06145	2471
DB06147	2527
DB06148	1796
DB06150	2501
DB06151	66
DB06152	1976
DB06153	2220
DB06154	2087
DB06155	4150
DB06159	2411
DB06160	4053
DB06174	1973
DB06176	4119
DB06185	5229
DB06193	4330
DB06196	4186
DB06200	4655
DB06201	3534
DB06202	4308
DB06203	4340
DB06204	4283
DB06206	4233
DB06207	4151
DB06209	4113
DB06210	4399
DB06211	4149
DB06212	4110
DB06213	2362
DB06216	3229
DB06216	4115
DB06217	4365
DB06218	4310
DB06228	4182
DB06230	1876
DB06233	4778
DB06237	4305
DB06243	990
DB06246	3219
DB06253	2771
DB06253	4732
DB06255	1431
DB06261	167
DB06263	202
DB06264	2703
DB06266	1598
DB06267	4141
DB06268	3548
DB06272	1638
DB06274	143
DB06282	1566
DB06282	581
DB06287	4161
DB06288	179
DB06290	4812
DB06292	4304
DB06334	4973
DB06335	4114
DB06358	4573
DB06401	4334
DB06402	4116
DB06403	4337
DB06408	3582
DB06410	957
DB06412	2033
DB06413	1826
DB06413	4501
DB06414	1115
DB06441	5006
DB06470	602
DB06479	2296
DB06480	3502
DB06523	2373
DB06535	4422
DB06548	4074
DB06582	2693
DB06586	4886
DB06589	4118
DB06590	4169
DB06594	99
DB06595	5231
DB06600	5079
DB06603	4682
DB06605	4298
DB06608	3578
DB06614	4823
DB06616	4359
DB06623	1215
DB06626	4225
DB06634	4401
DB06636	4947
DB06637	4163
DB06654	4921
DB06659	4568
DB06663	4329
DB06678	1816
DB06682	4674
DB06683	4394
DB06684	4223
DB06685	4825
DB06689	3400
DB06690	4238
DB06691	2331
DB06694	3658
DB06695	776
DB06696	235
DB06697	245
DB06698	346
DB06699	4379
DB06700	4380
DB06701	1767
DB06701	836
DB06702	4191
DB06704	1448
DB06704	4577
DB06706	1496
DB06707	3203
DB06707	4482
DB06708	1617
DB06709	1726
DB06710	3356
DB06711	3369
DB06712	1934
DB06713	1959
DB06714	2305
DB06716	3249
DB06717	4470
DB06718	2477
DB06723	4250
DB06725	1609
DB06726	424
DB06727	2467
DB06729	2523
DB06730	1291
DB06735	700
DB06736	43
DB06737	2858
DB06738	1526
DB06739	2432
DB06751	969
DB06753	2735
DB06755	345
DB06756	347
DB06762	2173
DB06763	3542
DB06764	3591
DB06766	4165
DB06767	4472
DB06767	4568
DB06767	4625
DB06768	1533
DB06768	4472
DB06768	4625
DB06769	302
DB06770	334
DB06771	4111
DB06772	4153
DB06774	3064
DB06774	4342
DB06775	3068
DB06777	2797
DB06777	4361
DB06780	821
DB06781	3142
DB06782	3150
DB06784	666
DB06785	1279
DB06786	4507
DB06787	1371
DB06788	2975
DB06788	4211
DB06789	4189
DB06791	1546
DB06793	1573
DB06793	844
DB06794	3325
DB06795	1624
DB06797	1644
DB06799	3344
DB06800	4616
DB06801	3364
DB06802	1899
DB06803	1912
DB06807	2143
DB06809	4410
DB06810	2223
DB06813	4117
DB06814	2318
DB06815	3508
DB06816	2335
DB06817	2352
DB06819	24
DB06820	2495
DB06821	2511
DB06823	2676
DB06824	2738
DB06825	2968
DB06827	2830
DB06987	255
DB06987	4702
DB07118	1401
DB07129	1794
DB07447	3927
DB07465	4114
DB07467	1433
DB07477	1141
DB07543	487
DB07565	4653
DB07615	2714
DB07637	4413
DB07701	946
DB07702	3187
DB07705	983
DB07768	2607
DB07931	1368
DB07938	4573
DB08046	625
DB08162	1132
DB08167	1763
DB08276	4499
DB08329	2540
DB08439	2063
DB08472	1209
DB08486	4465
DB08496	2847
DB08544	1209
DB08604	3631
DB08607	2767
DB08621	2624
DB08645	2733
DB08741	4573
DB08794	1091
DB08795	273
DB08796	2182
DB08797	2415
DB08798	2520
DB08799	224
DB08800	606
DB08801	903
DB08802	1507
DB08803	3445
DB08804	1881
DB08806	2408
DB08807	389
DB08808	433
DB08809	862
DB08810	652
DB08811	2693
DB08814	2744
DB08815	4168
DB08816	4184
DB08819	4229
DB08820	4228
DB08822	4322
DB08824	4230
DB08826	4188
DB08827	4721
DB08828	4227
DB08835	4050
DB08836	2586
DB08840	4862
DB08841	2784
DB08842	64
DB08847	4272
DB08858	4472
DB08858	4568
DB08858	4625
DB08864	4174
DB08865	4187
DB08868	4167
DB08871	4171
DB08872	4177
DB08873	4172
DB08874	4180
DB08875	4715
DB08877	4190
DB08878	21
DB08880	4634
DB08881	4185
DB08882	4175
DB08883	4684
DB08887	1413
DB08889	4483
DB08890	4622
DB08891	282
DB08893	4382
DB08895	4713
DB08896	4654
DB08897	4484
DB08899	4628
DB08901	4716
DB08903	4741
DB08905	1238
DB08906	4554
DB08907	4758
DB08908	4757
DB08909	4745
DB08910	4746
DB08911	4802
DB08912	4801
DB08913	4568
DB08913	4800
DB08916	4318
DB08918	1808
DB08918	4864
DB08922	2112
DB08924	5113
DB08926	44
DB08927	193
DB08928	3007
DB08930	4805
DB08931	4807
DB08932	4809
DB08933	4813
DB08934	4811
DB08936	593
DB08939	1555
DB08940	1522
DB08941	1510
DB08942	1509
DB08943	3309
DB08944	1487
DB08945	3991
DB08946	1465
DB08947	1464
DB08948	1452
DB08949	1445
DB08950	1443
DB08951	1442
DB08953	1432
DB08954	1419
DB08955	1411
DB08957	1372
DB08958	3277
DB08960	1366
DB08961	278
DB08962	1298
DB08964	1284
DB08966	1259
DB08967	1235
DB08968	1234
DB08969	3241
DB08970	4553
DB08971	1206
DB08972	1197
DB08973	3232
DB08974	1186
DB08975	1181
DB08976	1178
DB08978	1167
DB08979	1163
DB08980	1148
DB08981	1145
DB08982	1114
DB08983	1106
DB08984	3211
DB08985	1101
DB08986	1099
DB08987	1097
DB08988	1085
DB08989	1074
DB08990	1035
DB08991	1029
DB08992	1022
DB08993	3180
DB08994	929
DB08995	3157
DB08996	902
DB08997	831
DB08998	804
DB08999	755
DB09000	746
DB09001	2134
DB09001	2305
DB09002	707
DB09003	687
DB09004	686
DB09006	680
DB09007	617
DB09008	573
DB09009	3070
DB09010	511
DB09011	291
DB09012	491
DB09013	295
DB09014	483
DB09015	477
DB09016	455
DB09017	409
DB09018	406
DB09019	402
DB09020	375
DB09021	324
DB09022	307
DB09023	298
DB09026	119
DB09027	4899
DB09028	5217
DB09030	4870
DB09031	1810
DB09034	4881
DB09038	4830
DB09039	4834
DB09040	4874
DB09041	4877
DB09042	4873
DB09047	4920
DB09049	4832
DB09050	4922
DB09053	4810
DB09054	4878
DB09055	76
DB09056	188
DB09059	3008
DB09060	4946
DB09062	540
DB09063	4866
DB09064	658
DB09065	4299
DB09068	4806
DB09069	2750
DB09070	2655
DB09071	4820
DB09073	4941
DB09074	4907
DB09075	4897
DB09076	4816
DB09078	4942
DB09080	4814
DB09082	4799
DB09083	3312
DB09084	3881
DB09085	2610
DB09086	4648
DB09088	206
DB09089	2748
DB09090	2174
DB09092	4368
DB09093	624
DB09094	3481
DB09095	3141
DB09096	328
DB09097	2339
DB09099	2997
DB09101	4300
DB09102	4875
DB09104	4244
DB09110	1711
DB09114	730
DB09115	1457
DB09117	2058
DB09118	2480
DB09119	4303
DB09120	3064
DB09120	4342
DB09123	871
DB09124	1657
DB09125	666
DB09128	5014
DB09129	4568
DB09129	5118
DB09131	4530
DB09131	4568
DB09133	1469
DB09134	1471
DB09135	1473
DB09137	3332
DB09139	3409
DB09140	4235
DB09142	4627
DB09143	5008
DB09146	4610
DB09148	4818
DB09149	4285
DB09151	4301
DB09152	4251
DB09153	4568
DB09154	666
DB09155	4262
DB09156	1468
DB09157	4256
DB09158	4608
DB09160	3592
DB09164	3161
DB09166	1102
DB09167	951
DB09183	4914
DB09185	2820
DB09194	1111
DB09195	5098
DB09197	5097
DB09198	5078
DB09203	3577
DB09204	243
DB09205	1855
DB09206	2747
DB09209	2154
DB09210	2197
DB09211	1581
DB09212	1615
DB09213	1407
DB09213	3851
DB09214	1528
DB09214	833
DB09215	970
DB09216	2698
DB09218	705
DB09219	4356
DB09220	1919
DB09223	388
DB09224	1677
DB09225	2875
DB09227	290
DB09229	234
DB09230	272
DB09231	3880
DB09232	642
DB09235	992
DB09236	1532
DB09237	183
DB09237	4099
DB09238	1631
DB09239	837
DB09241	1763
DB09241	4568
DB09242	1856
DB09243	5125
DB09244	2206
DB09246	3681
DB09247	1479
DB09248	4865
DB09249	3800
DB09250	2131
DB09251	3814
DB09252	3819
DB09254	3704
DB09256	4398
DB09257	1293
DB09262	4902
DB09269	4624
DB09270	4607
DB09271	646
DB09272	5001
DB09273	959
DB09274	247
DB09277	3097
DB09277	4568
DB09277	4635
DB09279	4906
DB09280	5010
DB09282	1831
DB09283	3621
DB09284	1430
DB09285	4672
DB09286	2181
DB09288	2290
DB09289	2650
DB09290	2357
DB09291	5027
DB09292	5012
DB09295	2559
DB09296	4912
DB09297	4913
DB09299	4944
DB09300	458
DB09304	2438
DB09306	3358
DB09313	1472
DB09315	4369
DB09315	4370
DB09315	4371
DB09316	4568
DB09316	5095
DB09319	508
DB09320	2082
DB09320	2271
DB09321	4240
DB09324	2492
DB09325	4499
DB09326	4472
DB09326	4625
DB09327	4398
DB09330	5062
DB09332	5032
DB09333	1474
DB09335	102
DB09340	2785
DB09342	3496
DB09343	4893
DB09345	3487
DB09346	1789
DB09347	63
DB09348	3495
DB09350	4276
DB09351	356
DB09351	4752
DB09352	1394
DB09355	3558
DB09357	838
DB09366	2306
DB09371	1965
DB09374	3300
DB09376	3314
DB09378	1216
DB09383	1702
DB09389	1572
DB09394	4478
DB09395	4211
DB09398	4499
DB09400	3544
DB09401	1501
DB09403	1451
DB09407	4568
DB09409	4211
DB09413	4478
DB09414	4478
DB09421	2316
DB09425	2092
DB09443	4584
DB09449	4478
DB09459	2566
DB09462	1316
DB09473	3290
DB09477	1006
DB09480	1459
DB09483	1533
DB09487	1470
DB09488	82
DB09490	4568
DB09494	4750
DB09495	4242
DB09496	4236
DB09498	4568
DB09501	4472
DB09501	4625
DB09501	666
DB09510	4264
DB09510	4323
DB09510	5147
DB09512	4284
DB09513	4264
DB09513	4323
DB09513	5147
DB09516	4221
DB09517	3264
DB09517	4610
DB09526	3282
DB09534	3171
DB09543	4245
DB09546	1448
DB09546	4577
DB09552	4605
DB09555	3229
DB09555	4411
DB09555	616
DB09563	3097
DB09563	4635
DB09570	5067
DB09571	1732
DB09571	4641
DB11056	4568
DB11071	3462
DB11072	4499
DB11073	3083
DB11079	2416
DB11079	2768
DB11081	4568
DB11085	3524
DB11091	3281
DB11092	4273
DB11092	4499
DB11093	666
DB11096	4444
DB11100	4268
DB11102	4481
DB11104	4039
DB11107	2566
DB11110	666
DB11115	3179
DB11117	3446
DB11121	3094
DB11125	3018
DB11126	3264
DB11128	4472
DB11128	4625
DB11129	3281
DB11129	4264
DB11129	4323
DB11129	5147
DB11132	4284
DB11137	4286
DB11141	3264
DB11142	3544
DB11145	3290
DB11148	3051
DB11154	666
DB11155	3630
DB11156	2999
DB11157	226
DB11160	2150
DB11180	3592
DB11181	1379
DB11184	4639
DB11185	3572
DB11186	494
DB11189	1319
DB11190	3417
DB11195	4604
DB11197	1319
DB11197	769
DB11200	1319
DB11200	4568
DB11201	4460
DB11205	4568
DB11206	3014
DB11207	4500
DB11210	1319
DB11217	4267
DB11219	4292
DB11220	4668
DB11221	3159
DB11231	4617
DB11233	666
DB11235	2642
DB11246	3264
DB11248	3264
DB11254	1374
DB11256	4621
DB11257	4499
DB11259	4601
DB11260	4620
DB11262	3031
DB11263	4613
DB11267	4640
DB11268	4612
DB11269	4602
DB11273	3184
DB11274	4420
DB11275	4148
DB11278	3351
DB11279	4665
DB11282	4418
DB11283	4651
DB11284	4650
DB11290	4611
DB11304	3442
DB11315	1757
DB11323	3269
DB11326	3035
DB11327	4649
DB11328	3550
DB11336	3976
DB11344	934
DB11345	470
DB11348	4478
DB11359	1334
DB11362	5077
DB11363	4937
DB11364	2164
DB11366	3532
DB11367	557
DB11368	4328
DB11371	133
DB11386	3092
DB11387	4363
DB11396	863
DB11410	4536
DB11417	3281
DB11428	1655
DB11428	835
DB11436	3382
DB11442	1983
DB11450	2171
DB11461	2498
DB11473	1787
DB11478	2860
DB11490	1877
DB11502	3050
DB11504	486
DB11512	890
DB11517	3742
DB11525	4472
DB11525	4625
DB11560	5075
DB11561	160
DB11570	4270
DB11573	4568
DB11574	5080
DB11575	5081
DB11576	4277
DB11576	4443
DB11577	4575
DB11581	5133
DB11582	4731
DB11583	3078
DB11584	2195
DB11586	4889
DB11587	3189
DB11590	4856
DB11591	4353
DB11594	4463
DB11596	1232
DB11596	4384
DB11609	1969
DB11610	3286
DB11614	2413
DB11616	2198
DB11617	80
DB11618	2874
DB11619	1292
DB11620	3377
DB11622	794
DB11625	4685
DB11628	2954
DB11629	4326
DB11630	2588
DB11632	5143
DB11636	4567
DB11637	4819
DB11638	4194
DB11640	4336
DB11641	3644
DB11642	5048
DB11644	4192
DB11656	2360
DB11660	5261
DB11675	1848
DB11678	2718
DB11691	5220
DB11693	4366
DB11696	60
DB11698	4890
DB11699	2775
DB11701	5266
DB11703	5260
DB11705	1463
DB11712	5276
DB11730	5218
DB11737	5209
DB11738	2381
DB11739	4993
DB11742	977
DB11748	308
DB11749	2241
DB11753	4817
DB11757	4882
DB11770	2557
DB11774	2070
DB11783	1424
DB11793	5222
DB11799	5274
DB11800	5258
DB11807	1646
DB11812	2555
DB11817	5202
DB11820	1929
DB11823	1523
DB11823	4468
DB11824	4892
DB11827	5270
DB11828	5252
DB11829	3533
DB11842	5272
DB11859	997
DB11868	1563
DB11876	4319
DB11888	4822
DB11892	2325
DB11901	5278
DB11915	5227
DB11921	793
DB11935	1179
DB11943	5238
DB11950	4895
DB11964	3961
DB11989	322
DB11992	5054
DB11994	849
DB11996	2645
DB11998	2463
DB12001	5259
DB12017	2043
DB12026	5242
DB12028	3042
DB12039	629
DB12070	5262
DB12079	1281
DB12082	2817
DB12086	2022
DB12092	1873
DB12095	5214
DB12098	282
DB12107	5253
DB12112	2372
DB12123	651
DB12127	2539
DB12131	2828
DB12148	1685
DB12153	664
DB12160	414
DB12161	2609
DB12161	5226
DB12163	2423
DB12172	1938
DB12184	4562
DB12185	1120
DB12190	1131
DB12212	1545
DB12214	4891
DB12216	3021
DB12221	478
DB12225	5215
DB12230	429
DB12233	4894
DB12243	4156
DB12245	2734
DB12248	2782
DB12251	1853
DB12267	5233
DB12278	2300
DB12286	1576
DB12293	1891
DB12308	997
DB12313	948
DB12314	620
DB12319	318
DB12323	5188
DB12332	5203
DB12338	4400
DB12343	2587
DB12354	5250
DB12358	3056
DB12364	5241
DB12395	2361
DB12399	5240
DB12407	1449
DB12412	4833
DB12417	4896
DB12425	1585
DB12447	1864
DB12459	296
DB12465	1524
DB12466	4887
DB12472	1568
DB12472	967
DB12473	2568
DB12474	1620
DB12478	2202
DB12479	5249
DB12482	4908
DB12483	5256
DB12486	5277
DB12492	3478
DB12523	1824
DB12532	3407
DB12545	1439
DB12554	1642
DB12586	219
DB12598	1867
DB12604	2447
DB12617	3363
DB12624	3394
DB12625	5239
DB12628	3097
DB12628	4635
DB12650	2429
DB12661	2796
DB12667	2314
DB12692	1347
DB12708	2538
DB12710	2100
DB12712	2167
DB12727	3430
DB12749	5257
DB12766	634
DB12770	1537
DB12780	2344
DB12783	314
DB12787	1961
DB12802	3481
DB12821	3999
DB12829	2631
DB12831	3257
DB12832	2244
DB12833	2563
DB12834	2427
DB12843	3399
DB12846	2368
DB12856	2670
DB12863	2452
DB12864	3336
DB12865	5181
DB12867	312
DB12868	1446
DB12877	2014
DB12902	2766
DB12916	857
DB12916	858
DB12923	1275
DB12924	5058
DB12926	462
DB12927	2619
DB12930	1993
DB12940	4262
DB12942	1534
DB12944	2153
DB12945	884
DB12947	958
DB12951	2216
DB12954	2602
DB12958	2315
DB12967	3362
DB12972	997
DB12975	4339
DB12991	1347
DB13001	2672
DB13003	736
DB13025	2651
DB13026	1997
DB13028	365
DB13036	2354
DB13039	159
DB13042	1156
DB13044	1328
DB13050	4063
DB13056	1484
DB13064	3620
DB13069	3384
DB13071	739
DB13082	3376
DB13084	2333
DB13089	3178
DB13091	2681
DB13092	3333
DB13099	2802
DB13114	181
DB13115	5047
DB13125	5059
DB13129	4736
DB13132	3871
DB13136	1194
DB13139	105
DB13139	1575
DB13141	147
DB13141	49
DB13142	3264
DB13143	1731
DB13145	4472
DB13145	4625
DB13146	5153
DB13153	4619
DB13156	3301
DB13160	132
DB13163	2604
DB13164	5210
DB13165	4938
DB13166	2866
DB13167	107
DB13169	1879
DB13170	5208
DB13178	1444
DB13179	2769
DB13180	3264
DB13185	4681
DB13191	3464
DB13202	2196
DB13203	287
DB13204	4770
DB13205	2576
DB13206	286
DB13207	1310
DB13207	1549
DB13208	2254
DB13211	1346
DB13212	3439
DB13213	443
DB13214	3560
DB13215	2531
DB13216	2023
DB13217	1165
DB13218	1629
DB13219	1656
DB13220	1550
DB13221	3678
DB13222	2662
DB13224	2189
DB13225	856
DB13226	71
DB13227	2730
DB13228	1182
DB13229	3791
DB13230	4563
DB13231	1533
DB13232	2547
DB13234	3494
DB13237	3109
DB13238	3637
DB13239	1894
DB13240	4408
DB13242	415
DB13243	3605
DB13244	22
DB13245	3601
DB13246	2348
DB13247	2234
DB13248	2158
DB13250	3354
DB13250	4568
DB13251	3396
DB13252	2772
DB13253	2322
DB13254	2264
DB13255	2295
DB13256	717
DB13258	1105
DB13259	3196
DB13261	2449
DB13264	2083
DB13265	1370
DB13266	529
DB13267	4697
DB13268	55
DB13269	3140
DB13270	855
DB13272	3756
DB13273	2541
DB13274	1801
DB13275	3111
DB13276	4574
DB13277	321
DB13278	413
DB13279	3098
DB13282	3017
DB13283	2526
DB13284	1777
DB13285	1100
DB13286	426
DB13288	3634
DB13289	4032
DB13290	4311
DB13290	4499
DB13291	3106
DB13292	2169
DB13294	3011
DB13296	3493
DB13297	1418
DB13300	1025
DB13303	1135
DB13304	4372
DB13305	3618
DB13306	3095
DB13307	2313
DB13308	2008
DB13309	5236
DB13310	570
DB13311	2719
DB13313	1673
DB13314	126
DB13315	2454
DB13316	1405
DB13317	1203
DB13318	4375
DB13319	4025
DB13320	2522
DB13321	3346
DB13323	3628
DB13324	2614
DB13325	1931
DB13326	4568
DB13327	2161
DB13328	3691
DB13329	3272
DB13330	153
DB13331	3509
DB13332	4415
DB13333	991
DB13334	4598
DB13335	2175
DB13336	4771
DB13337	2124
DB13338	1221
DB13339	3213
DB13340	2536
DB13341	1157
DB13342	650
DB13343	3607
DB13344	4568
DB13344	4786
DB13345	887
DB13346	3047
DB13347	4450
DB13348	2647
DB13349	3579
DB13350	264
DB13351	2190
DB13352	787
DB13353	2821
DB13354	2137
DB13355	3649
DB13356	3343
DB13357	2485
DB13358	630
DB13360	3614
DB13361	4737
DB13362	2125
DB13363	2005
DB13364	1169
DB13366	4568
DB13367	713
DB13368	1849
DB13369	320
DB13370	3038
DB13371	919
DB13374	3643
DB13376	4723
DB13377	3849
DB13378	1966
DB13379	3287
DB13381	987
DB13382	619
DB13383	4421
DB13384	1675
DB13386	1026
DB13388	4688
DB13389	4581
DB13391	4587
DB13393	1001
DB13394	96
DB13395	1038
DB13396	5053
DB13397	2260
DB13398	2030
DB13399	2601
DB13400	4589
DB13401	1761
DB13402	586
DB13403	2035
DB13404	987
DB13405	1666
DB13406	505
DB13407	1924
DB13409	2398
DB13410	1345
DB13411	1592
DB13412	2205
DB13413	2127
DB13414	2151
DB13415	3428
DB13416	2494
DB13417	1843
DB13418	3366
DB13419	2779
DB13420	2628
DB13421	3173
DB13422	1916
DB13423	4539
DB13424	4396
DB13425	1227
DB13428	3759
DB13429	2700
DB13430	1645
DB13431	2281
DB13432	1597
DB13433	2444
DB13434	1166
DB13435	1008
DB13436	4464
DB13437	1654
DB13438	2283
DB13439	1159
DB13442	665
DB13443	255
DB13443	4702
DB13444	4582
DB13445	1900
DB13448	1639
DB13451	2674
DB13452	461
DB13453	4369
DB13453	4370
DB13453	4371
DB13454	1918
DB13455	4863
DB13457	2007
DB13458	3144
DB13460	2401
DB13461	4159
DB13462	340
DB13463	2019
DB13464	4679
DB13465	3120
DB13466	808
DB13467	1543
DB13468	4423
DB13469	3433
DB13470	541
DB13471	4673
DB13472	753
DB13474	253
DB13475	4869
DB13476	892
DB13478	1706
DB13479	1376
DB13481	4728
DB13482	899
DB13484	3823
DB13485	2513
DB13486	4595
DB13488	301
DB13489	288
DB13490	3956
DB13493	752
DB13494	909
DB13495	4683
DB13496	1478
DB13497	2800
DB13499	558
DB13500	2003
DB13501	303
DB13502	420
DB13504	3074
DB13505	1000
DB13506	507
DB13507	2226
DB13508	710
DB13509	74
DB13510	422
DB13511	670
DB13512	4393
DB13513	3625
DB13514	2238
DB13515	1728
DB13515	4586
DB13516	4395
DB13517	4338
DB13520	1723
DB13522	4861
DB13523	2814
DB13524	2309
DB13527	2280
DB13530	1697
DB13531	4675
DB13532	756
DB13533	1970
DB13536	412
DB13537	1296
DB13538	1333
DB13539	3966
DB13540	1486
DB13541	1476
DB13542	3024
DB13543	857
DB13543	858
DB13544	1080
DB13545	1488
DB13546	1956
DB13547	1624
DB13547	3567
DB13548	3137
DB13549	4312
DB13550	369
DB13551	3101
DB13552	2741
DB13553	521
DB13554	1837
DB13555	2230
DB13556	2509
DB13557	2634
DB13558	1841
DB13559	2385
DB13561	684
DB13563	3205
DB13564	2864
DB13565	3019
DB13566	4803
DB13567	4377
DB13569	4543
DB13569	4568
DB13571	3254
DB13572	1004
DB13573	49
DB13574	1361
DB13575	3687
DB13576	2835
DB13577	122
DB13578	4658
DB13579	1701
DB13580	2490
DB13581	2395
DB13582	666
DB13583	1691
DB13585	4583
DB13586	1734
DB13587	3342
DB13588	1870
DB13591	1784
DB13592	3190
DB13593	3661
DB13596	3413
DB13597	1844
DB13598	4417
DB13599	4419
DB13600	4378
DB13601	2021
DB13602	2285
DB13603	3513
DB13604	3455
DB13605	3441
DB13606	2119
DB13607	3467
DB13608	2673
DB13609	4868
DB13610	4547
DB13611	3091
DB13612	4264
DB13612	4323
DB13612	5147
DB13612	74
DB13613	4734
DB13614	4671
DB13617	712
DB13618	1477
DB13620	3264
DB13623	4079
DB13624	1755
DB13625	506
DB13626	1319
DB13627	2024
DB13628	4773
DB13629	1828
DB13630	366
DB13631	1750
DB13632	3498
DB13634	2094
DB13635	2679
DB13636	49
DB13636	916
DB13637	2591
DB13638	3072
DB13639	2566
DB13640	62
DB13641	1746
DB13642	2263
DB13643	1602
DB13644	1773
DB13645	4835
DB13648	109
DB13649	2311
DB13650	2771
DB13650	3264
DB13651	1604
DB13652	428
DB13653	1607
DB13654	4284
DB13655	3383
DB13656	978
DB13657	310
DB13659	2594
DB13660	2297
DB13661	1941
DB13662	1367
DB13663	693
DB13664	3245
DB13666	2660
DB13667	551
DB13668	4808
DB13670	4005
DB13673	1520
DB13674	4853
DB13675	1717
DB13676	1847
DB13677	503
DB13678	883
DB13679	4411
DB13679	616
DB13680	1871
DB13681	440
DB13682	553
DB13683	3153
DB13684	1991
DB13686	699
DB13687	1908
DB13689	4727
DB13690	3645
DB13692	2723
DB13693	4052
DB13694	927
DB13695	2093
DB13696	3040
DB13697	145
DB13699	3567
DB13701	4580
DB13702	2654
DB13703	1290
DB13705	4568
DB13705	4919
DB13707	2566
DB13708	1162
DB13709	3908
DB13710	1743
DB13711	2765
DB13712	3163
DB13713	4748
DB13714	2851
DB13715	893
DB13716	4414
DB13717	4686
DB13718	4570
DB13718	889
DB13720	915
DB13721	4409
DB13722	2213
DB13723	3995
DB13724	1926
DB13725	2603
DB13726	2505
DB13727	265
DB13728	1352
DB13729	471
DB13730	1930
DB13731	442
DB13732	5194
DB13733	1687
DB13736	3225
DB13737	750
DB13738	472
DB13739	2077
DB13740	3013
DB13741	3306
DB13744	2209
DB13745	4535
DB13747	2768
DB13748	1549
DB13748	2659
DB13749	3264
DB13750	4676
DB13751	1325
DB13752	4730
DB13753	580
DB13754	1693
DB13755	1450
DB13756	3809
DB13757	4467
DB13758	1651
DB13759	1160
DB13760	4002
DB13762	2350
DB13762	4867
DB13764	1835
DB13765	4568
DB13765	4787
DB13766	1580
DB13767	3651
DB13768	944
DB13769	4327
DB13770	2829
DB13772	2412
DB13773	2515
DB13775	2605
DB13776	4572
DB13777	2258
DB13778	3071
DB13779	4564
DB13780	695
DB13781	2848
DB13782	3295
DB13783	47
DB13784	933
DB13785	1568
DB13785	967
DB13786	3402
DB13789	2566
DB13789	4211
DB13791	2080
DB13793	2824
DB13793	3170
DB13794	905
DB13795	398
DB13796	860
DB13798	3126
DB13802	1033
DB13803	2853
DB13804	339
DB13805	3824
DB13806	4588
DB13807	2682
DB13812	2620
DB13814	2554
DB13815	3027
DB13816	248
DB13817	504
DB13818	4352
DB13819	2321
DB13820	2025
DB13821	561
DB13822	4656
DB13823	2184
DB13824	1016
DB13825	1139
DB13826	4774
DB13827	3298
DB13828	4407
DB13832	3519
DB13835	514
DB13836	1718
DB13837	955
DB13838	3391
DB13839	3160
DB13840	4571
DB13842	3212
DB13843	709
DB13844	2185
DB13845	1069
DB13846	2334
DB13848	4550
DB13849	696
DB13850	2667
DB13851	246
DB13852	1664
DB13853	218
DB13854	1276
DB13855	1928
DB13856	4546
DB13857	803
DB13858	3725
DB13860	2416
DB13861	1466
DB13862	4478
DB13865	3129
DB13871	104
DB13872	1608
DB13874	5251
DB13878	5244
DB13879	5243
DB13882	3355
DB13909	4531
DB13910	2803
DB13931	5269
DB13941	4193
DB13943	4454
DB13944	4609
DB13946	2608
DB13953	1058
DB13954	1059
DB13956	1064
DB13969	4568
DB13972	3347
DB13981	1957
DB13987	4568
DB13989	1031
DB13992	275
DB13995	666
DB13996	4211
DB14001	2690
DB14002	4195
DB14006	2416
DB14006	3097
DB14006	4635
DB14007	2092
DB14018	2047
DB14020	4663
DB14025	677
DB14026	4856
DB14028	816
DB14031	2739
DB14033	4458
DB14038	2451
DB14043	2045
DB14044	3280
DB14055	2847
DB14061	1383
DB14063	2815
DB14065	1595
DB14077	4611
DB14079	891
DB14080	66
DB14082	4666
DB14086	629
DB14089	2486
DB14093	2607
DB14104	3323
DB14109	4267
DB14126	2592
DB14128	4140
DB14138	4284
DB14149	4611
DB14156	470
DB14159	3409
DB14160	4237
DB14173	4652
DB14177	2307
DB14185	5052
DB14193	931
DB14206	4568
DB14212	1766
DB14475	1533
DB14476	4280
DB14479	66
DB14481	4478
DB14482	4072
DB14483	4072
DB14484	4072
DB14485	4072
DB14486	1906
DB14486	4072
DB14489	2487
DB14490	4072
DB14491	3229
DB14493	1319
DB14496	4286
DB14497	4568
DB14498	4211
DB14501	1319
DB14502	4478
DB14507	666
DB14508	2487
DB14511	4211
DB14512	1832
DB14517	4478
DB14518	4211
DB14523	4478
DB14526	666
DB14528	3264
DB14529	2835
DB14533	4568
DB14538	1389
DB14539	4213
DB14540	3959
DB14541	1390
DB14542	5193
DB14543	4569
DB14544	4504
DB14545	4456
DB14547	4568
DB14550	4568
DB14571	4800
DB14573	4478
DB14583	3175
DB14596	1611
DB14598	987
DB14599	987
DB14600	987
DB14622	4478
DB14627	2037
DB14631	4451
DB14633	2246
DB14634	3238
DB14638	896
DB14640	4962
DB14642	2959
DB14643	1769
DB14644	1771
DB14649	349
DB14649	826
DB14650	5032
DB14654	382
DB14655	965
DB14656	614
DB14657	2060
DB14658	5150
DB14661	1600
DB14669	3920
DB14669	4667
DB14674	1066
DB14677	3261
DB14678	1964
DB14679	2345
DB14682	1574
DB14704	4604
DB14708	3088
DB14719	315
DB14720	410
DB14725	528
DB14733	4402
DB14750	956
DB14753	1398
DB14755	2467
DB14756	2566
DB14763	754
DB14765	5211
DB14872	1807
DB14913	4394
DB14938	1220
DB14971	1462
DB14981	3465
DB15058	4301
DB15098	5255
DB15108	3609
DB15111	4211
DB15130	2233
DB15141	4228
DB15144	3292
DB15198	1728
DB15198	4586
DB15212	5248
DB15237	5153
DB15293	1021
DB15300	4570
DB15300	889
DB15323	5013
DB15350	1444
DB15357	3652
DB15410	2291
DB15414	2459
DB15445	4827
DB15445	4828
DB15479	4568
DB15489	1793
DB15491	2016
DB15535	4568
DB15536	4568
DB15556	1319
DB15556	666
DB15566	2247
DB15580	5064
DB15596	173
DB15597	170
