drugbank_id	hmdb_id
DB00007	HMDB0041916
DB00014	HMDB0014259
DB00035	HMDB0014260
DB00050	HMDB0014261
DB00104	HMDB0014262
DB00114	HMDB0001491
DB00115	HMDB0000608
DB00116	HMDB0001846
DB00116	HMDB0062806
DB00117	HMDB0000177
DB00118	HMDB0001185
DB00119	HMDB0000243
DB00120	HMDB0000159
DB00121	HMDB0000030
DB00122	HMDB0000097
DB00123	HMDB0000182
DB00123	HMDB0003405
DB00123	HMDB0062809
DB00123	HMDB0142894
DB00125	HMDB0000517
DB00125	HMDB0003416
DB00125	HMDB0062762
DB00126	HMDB0000044
DB00127	HMDB0001256
DB00128	HMDB0000191
DB00128	HMDB0006483
DB00128	HMDB0062186
DB00128	HMDB0062501
DB00129	HMDB0000214
DB00129	HMDB0003374
DB00130	HMDB0000641
DB00130	HMDB0003423
DB00131	HMDB0000045
DB00132	HMDB0001388
DB00132	HMDB0030964
DB00133	HMDB0000187
DB00133	HMDB0003406
DB00133	HMDB0062263
DB00134	HMDB0000696
DB00134	HMDB0033951
DB00135	HMDB0000158
DB00136	HMDB0001903
DB00137	HMDB0002198
DB00137	HMDB0002950
DB00137	HMDB0003233
DB00137	HMDB0003415
DB00137	HMDB0003451
DB00137	HMDB0112257
DB00138	HMDB0000192
DB00139	HMDB0000254
DB00140	HMDB0000244
DB00141	HMDB0062641
DB00142	HMDB0000148
DB00142	HMDB0003339
DB00142	HMDB0060475
DB00143	HMDB0000125
DB00143	HMDB0062697
DB00144	HMDB0014291
DB00145	HMDB0000123
DB00146	HMDB0003550
DB00146	HMDB0006721
DB00147	HMDB0001545
DB00148	HMDB0000064
DB00149	HMDB0000687
DB00149	HMDB0013773
DB00149	HMDB0062203
DB00150	HMDB0000929
DB00150	HMDB0013609
DB00150	HMDB0030396
DB00151	HMDB0000574
DB00151	HMDB0003417
DB00152	HMDB0000235
DB00153	HMDB0000900
DB00154	HMDB0002925
DB00155	HMDB0000904
DB00156	HMDB0000167
DB00156	HMDB0004041
DB00158	HMDB0000121
DB00159	HMDB0001999
DB00160	HMDB0000161
DB00160	HMDB0001310
DB00160	HMDB0062251
DB00161	HMDB0000883
DB00162	HMDB0000305
DB00162	HMDB0006216
DB00162	HMDB0006217
DB00162	HMDB0006221
DB00163	HMDB0001893
DB00165	HMDB0000239
DB00166	HMDB0001451
DB00166	HMDB0014312
DB00167	HMDB0000172
DB00167	HMDB0000557
DB00167	HMDB0033923
DB00169	HMDB0000876
DB00169	HMDB0006719
DB00170	HMDB0001892
DB00171	HMDB0000538
DB00172	HMDB0000162
DB00172	HMDB0003411
DB00173	HMDB0000034
DB00174	HMDB0000168
DB00174	HMDB0033780
DB00175	HMDB0005022
DB00176	HMDB0014322
DB00177	HMDB0014323
DB00178	HMDB0014324
DB00179	HMDB0014325
DB00180	HMDB0014326
DB00181	HMDB0014327
DB00182	HMDB0012128
DB00182	HMDB0014328
DB00182	HMDB0015516
DB00184	HMDB0001934
DB00185	HMDB0014331
DB00185	HMDB0061079
DB00185	HMDB0061080
DB00185	HMDB0061081
DB00186	HMDB0014332
DB00187	HMDB0014333
DB00188	HMDB0014334
DB00189	HMDB0014335
DB00190	HMDB0014336
DB00191	HMDB0014337
DB00192	HMDB0014338
DB00193	HMDB0014339
DB00194	HMDB0000050
DB00194	HMDB0014340
DB00195	HMDB0014341
DB00196	HMDB0014342
DB00198	HMDB0014343
DB00200	HMDB0001039
DB00200	HMDB0002111
DB00200	HMDB0002308
DB00201	HMDB0001847
DB00202	HMDB0014347
DB00203	HMDB0005039
DB00204	HMDB0014349
DB00205	HMDB0014350
DB00206	HMDB0014351
DB00207	HMDB0014352
DB00208	HMDB0014353
DB00209	HMDB0014354
DB00210	HMDB0014355
DB00211	HMDB0014356
DB00212	HMDB0014357
DB00213	HMDB0005017
DB00214	HMDB0014359
DB00215	HMDB0005028
DB00215	HMDB0005038
DB00216	HMDB0014361
DB00217	HMDB0014362
DB00218	HMDB0014363
DB00219	HMDB0014364
DB00220	HMDB0014365
DB00221	HMDB0014366
DB00222	HMDB0014367
DB00223	HMDB0014368
DB00224	HMDB0014369
DB00225	HMDB0014370
DB00226	HMDB0014371
DB00227	HMDB0014372
DB00228	HMDB0014373
DB00229	HMDB0014374
DB00230	HMDB0014375
DB00231	HMDB0014376
DB00232	HMDB0014377
DB00233	HMDB0014378
DB00234	HMDB0014379
DB00235	HMDB0014380
DB00236	HMDB0014381
DB00237	HMDB0014382
DB00238	HMDB0014383
DB00239	HMDB0014384
DB00240	HMDB0014385
DB00241	HMDB0014386
DB00242	HMDB0014387
DB00243	HMDB0014388
DB00244	HMDB0014389
DB00245	HMDB0014390
DB00246	HMDB0014391
DB00247	HMDB0014392
DB00248	HMDB0014393
DB00249	HMDB0014394
DB00250	HMDB0014395
DB00251	HMDB0014396
DB00252	HMDB0014397
DB00253	HMDB0014398
DB00254	HMDB0014399
DB00255	HMDB0014400
DB00256	HMDB0014401
DB00257	HMDB0001922
DB00258	HMDB0000042
DB00258	HMDB0000464
DB00259	HMDB0014404
DB00260	HMDB0014405
DB00262	HMDB0014407
DB00263	HMDB0014408
DB00264	HMDB0001932
DB00265	HMDB0014410
DB00266	HMDB0014411
DB00267	HMDB0014412
DB00268	HMDB0014413
DB00269	HMDB0014414
DB00270	HMDB0014415
DB00271	HMDB0014416
DB00272	HMDB0014417
DB00273	HMDB0005034
DB00274	HMDB0014419
DB00275	HMDB0014420
DB00276	HMDB0014421
DB00277	HMDB0001889
DB00278	HMDB0014423
DB00279	HMDB0000265
DB00280	HMDB0014425
DB00281	HMDB0014426
DB00282	HMDB0014427
DB00283	HMDB0014428
DB00285	HMDB0005016
DB00285	HMDB0061166
DB00287	HMDB0014432
DB00288	HMDB0014433
DB00289	HMDB0014434
DB00290	HMDB0014435
DB00291	HMDB0014436
DB00292	HMDB0014437
DB00293	HMDB0014438
DB00294	HMDB0014439
DB00296	HMDB0014441
DB00297	HMDB0014442
DB00297	HMDB0015137
DB00298	HMDB0014443
DB00299	HMDB0014444
DB00301	HMDB0014446
DB00302	HMDB0014447
DB00303	HMDB0014448
DB00304	HMDB0014449
DB00305	HMDB0014450
DB00307	HMDB0014452
DB00308	HMDB0014453
DB00309	HMDB0014454
DB00310	HMDB0014455
DB00311	HMDB0014456
DB00312	HMDB0014457
DB00313	HMDB0001877
DB00316	HMDB0001859
DB00317	HMDB0014462
DB00319	HMDB0014464
DB00320	HMDB0014465
DB00321	HMDB0014466
DB00322	HMDB0014467
DB00323	HMDB0014468
DB00324	HMDB0014469
DB00325	HMDB0014470
DB00327	HMDB0014472
DB00328	HMDB0014473
DB00330	HMDB0014474
DB00331	HMDB0001921
DB00332	HMDB0014476
DB00333	HMDB0014477
DB00334	HMDB0005012
DB00335	HMDB0001924
DB00336	HMDB0014480
DB00337	HMDB0014481
DB00339	HMDB0014483
DB00340	HMDB0014484
DB00341	HMDB0005032
DB00341	HMDB0240226
DB00342	HMDB0014486
DB00343	HMDB0014487
DB00344	HMDB0014488
DB00345	HMDB0001867
DB00346	HMDB0014490
DB00347	HMDB0014491
DB00348	HMDB0014492
DB00349	HMDB0014493
DB00350	HMDB0014494
DB00352	HMDB0014496
DB00353	HMDB0014497
DB00354	HMDB0014498
DB00355	HMDB0014499
DB00356	HMDB0014500
DB00357	HMDB0014501
DB00358	HMDB0014502
DB00359	HMDB0014503
DB00360	HMDB0000027
DB00360	HMDB0000787
DB00360	HMDB0059658
DB00361	HMDB0014505
DB00362	HMDB0014506
DB00363	HMDB0014507
DB00364	HMDB0001039
DB00364	HMDB0002111
DB00365	HMDB0014509
DB00366	HMDB0001936
DB00367	HMDB0014511
DB00368	HMDB0000216
DB00368	HMDB0037685
DB00369	HMDB0014513
DB00370	HMDB0014514
DB00371	HMDB0014515
DB00372	HMDB0014516
DB00373	HMDB0014517
DB00374	HMDB0014518
DB00376	HMDB0014520
DB00377	HMDB0014521
DB00378	HMDB0014522
DB00379	HMDB0014523
DB00380	HMDB0014524
DB00381	HMDB0005018
DB00382	HMDB0014526
DB00383	HMDB0014527
DB00384	HMDB0001940
DB00385	HMDB0014529
DB00387	HMDB0014531
DB00388	HMDB0002182
DB00389	HMDB0014533
DB00390	HMDB0001917
DB00391	HMDB0014535
DB00392	HMDB0014536
DB00393	HMDB0014537
DB00394	HMDB0014538
DB00395	HMDB0014539
DB00396	HMDB0001830
DB00397	HMDB0001942
DB00398	HMDB0014542
DB00399	HMDB0014543
DB00400	HMDB0014544
DB00401	HMDB0014545
DB00402	HMDB0014546
DB00402	HMDB0015329
DB00403	HMDB0014547
DB00404	HMDB0014548
DB00405	HMDB0001941
DB00405	HMDB0014549
DB00406	HMDB0014550
DB00408	HMDB0014552
DB00409	HMDB0014553
DB00410	HMDB0014554
DB00411	HMDB0014555
DB00412	HMDB0005031
DB00413	HMDB0014557
DB00414	HMDB0014558
DB00415	HMDB0014559
DB00416	HMDB0012238
DB00416	HMDB0015429
DB00416	HMDB0059634
DB00417	HMDB0014561
DB00418	HMDB0014562
DB00419	HMDB0014563
DB00420	HMDB0014564
DB00421	HMDB0014565
DB00422	HMDB0014566
DB00422	HMDB0015647
DB00423	HMDB0014567
DB00425	HMDB0005023
DB00426	HMDB0014570
DB00427	HMDB0014571
DB00428	HMDB0014572
DB00429	HMDB0014573
DB00429	HMDB0240288
DB00430	HMDB0014574
DB00431	HMDB0014575
DB00431	HMDB0059785
DB00432	HMDB0014576
DB00433	HMDB0014577
DB00434	HMDB0014578
DB00435	HMDB0003378
DB00436	HMDB0014580
DB00437	HMDB0014581
DB00438	HMDB0014582
DB00440	HMDB0014583
DB00441	HMDB0014584
DB00442	HMDB0014585
DB00443	HMDB0014586
DB00443	HMDB0015364
DB00444	HMDB0014587
DB00445	HMDB0014588
DB00445	HMDB0015132
DB00446	HMDB0014589
DB00447	HMDB0014590
DB00448	HMDB0005008
DB00449	HMDB0014592
DB00450	HMDB0014593
DB00451	HMDB0000248
DB00451	HMDB0014651
DB00452	HMDB0015129
DB00453	HMDB0014596
DB00454	HMDB0014597
DB00455	HMDB0005000
DB00456	HMDB0014599
DB00457	HMDB0014600
DB00458	HMDB0001848
DB00459	HMDB0003039
DB00459	HMDB0014602
DB00460	HMDB0014603
DB00461	HMDB0014604
DB00462	HMDB0002500
DB00462	HMDB0014605
DB00463	HMDB0014606
DB00464	HMDB0000588
DB00465	HMDB0014608
DB00466	HMDB0240274
DB00466	HMDB0240279
DB00467	HMDB0014610
DB00468	HMDB0014611
DB00468	HMDB0015044
DB00470	HMDB0014613
DB00471	HMDB0014614
DB00472	HMDB0014615
DB00473	HMDB0014616
DB00474	HMDB0014617
DB00475	HMDB0014618
DB00477	HMDB0014620
DB00478	HMDB0014621
DB00479	HMDB0014622
DB00480	HMDB0014623
DB00481	HMDB0014624
DB00482	HMDB0005014
DB00483	HMDB0012238
DB00483	HMDB0014626
DB00483	HMDB0059634
DB00484	HMDB0014627
DB00485	HMDB0014628
DB00486	HMDB0014629
DB00487	HMDB0014630
DB00488	HMDB0014631
DB00489	HMDB0014632
DB00490	HMDB0014633
DB00491	HMDB0014634
DB00492	HMDB0014635
DB00493	HMDB0014636
DB00494	HMDB0012226
DB00495	HMDB0014638
DB00496	HMDB0014639
DB00498	HMDB0014641
DB00499	HMDB0014642
DB00500	HMDB0014643
DB00501	HMDB0014644
DB00502	HMDB0014645
DB00503	HMDB0014646
DB00504	HMDB0014647
DB00505	HMDB0014648
DB00507	HMDB0014649
DB00508	HMDB0014650
DB00509	HMDB0000248
DB00509	HMDB0014651
DB00511	HMDB0014652
DB00512	HMDB0014653
DB00513	HMDB0001901
DB00514	HMDB0001920
DB00515	HMDB0000051
DB00515	HMDB0000492
DB00515	HMDB0002306
DB00515	HMDB0041827
DB00517	HMDB0002500
DB00518	HMDB0014659
DB00519	HMDB0014660
DB00520	HMDB0014661
DB00521	HMDB0014662
DB00522	HMDB0014663
DB00523	HMDB0001852
DB00523	HMDB0002369
DB00523	HMDB0006219
DB00523	HMDB0012874
DB00524	HMDB0014665
DB00525	HMDB0005005
DB00526	HMDB0002329
DB00527	HMDB0014668
DB00528	HMDB0014669
DB00529	HMDB0014670
DB00530	HMDB0014671
DB00531	HMDB0014672
DB00532	HMDB0014673
DB00534	HMDB0000492
DB00534	HMDB0002306
DB00534	HMDB0014674
DB00535	HMDB0014675
DB00536	HMDB0001842
DB00537	HMDB0014677
DB00539	HMDB0014679
DB00540	HMDB0014680
DB00541	HMDB0014681
DB00542	HMDB0014682
DB00543	HMDB0014683
DB00544	HMDB0014684
DB00545	HMDB0014685
DB00546	HMDB0014686
DB00547	HMDB0014687
DB00548	HMDB0000784
DB00549	HMDB0014689
DB00550	HMDB0014690
DB00551	HMDB0014691
DB00552	HMDB0014692
DB00553	HMDB0014693
DB00554	HMDB0014694
DB00555	HMDB0014695
DB00556	HMDB0014696
DB00557	HMDB0014697
DB00558	HMDB0014698
DB00559	HMDB0014699
DB00560	HMDB0014700
DB00561	HMDB0014701
DB00562	HMDB0014702
DB00563	HMDB0014703
DB00564	HMDB0014704
DB00565	HMDB0014870
DB00565	HMDB0240286
DB00566	HMDB0014706
DB00567	HMDB0014707
DB00568	HMDB0014708
DB00569	HMDB0014709
DB00570	HMDB0014710
DB00571	HMDB0001849
DB00572	HMDB0014568
DB00572	HMDB0014712
DB00573	HMDB0014713
DB00574	HMDB0015322
DB00575	HMDB0014714
DB00576	HMDB0014715
DB00577	HMDB0014716
DB00578	HMDB0014717
DB00579	HMDB0014718
DB00580	HMDB0005033
DB00581	HMDB0000740
DB00582	HMDB0014720
DB00583	HMDB0000062
DB00583	HMDB0062496
DB00583	HMDB0062634
DB00584	HMDB0014722
DB00585	HMDB0014723
DB00586	HMDB0014724
DB00587	HMDB0014725
DB00588	HMDB0005036
DB00589	HMDB0014727
DB00590	HMDB0014728
DB00591	HMDB0014729
DB00592	HMDB0014730
DB00593	HMDB0014731
DB00594	HMDB0014732
DB00597	HMDB0014735
DB00598	HMDB0014736
DB00599	HMDB0014737
DB00600	HMDB0014738
DB00601	HMDB0014739
DB00604	HMDB0014742
DB00605	HMDB0014743
DB00606	HMDB0014744
DB00607	HMDB0014745
DB00608	HMDB0014746
DB00609	HMDB0014747
DB00610	HMDB0014748
DB00611	HMDB0014749
DB00612	HMDB0014750
DB00613	HMDB0014751
DB00614	HMDB0014752
DB00615	HMDB0014753
DB00616	HMDB0014754
DB00617	HMDB0014755
DB00618	HMDB0014756
DB00618	HMDB0144089
DB00619	HMDB0014757
DB00620	HMDB0014758
DB00621	HMDB0014759
DB00622	HMDB0014760
DB00623	HMDB0014761
DB00624	HMDB0000234
DB00624	HMDB0000628
DB00625	HMDB0014763
DB00626	HMDB0014764
DB00627	HMDB0001488
DB00628	HMDB0014766
DB00629	HMDB0014767
DB00630	HMDB0001915
DB00631	HMDB0014769
DB00632	HMDB0014770
DB00633	HMDB0014771
DB00634	HMDB0014772
DB00635	HMDB0014773
DB00636	HMDB0014774
DB00637	HMDB0014775
DB00639	HMDB0014777
DB00640	HMDB0000050
DB00640	HMDB0014340
DB00641	HMDB0005007
DB00642	HMDB0014780
DB00643	HMDB0014781
DB00644	HMDB0014782
DB00645	HMDB0014783
DB00647	HMDB0014785
DB00648	HMDB0014786
DB00649	HMDB0014787
DB00650	HMDB0001562
DB00650	HMDB0002140
DB00650	HMDB0062757
DB00651	HMDB0014789
DB00652	HMDB0014790
DB00653	HMDB0000547
DB00653	HMDB0001448
DB00654	HMDB0014792
DB00655	HMDB0000145
DB00656	HMDB0014794
DB00657	HMDB0014795
DB00658	HMDB0034232
DB00658	HMDB0168957
DB00659	HMDB0014797
DB00660	HMDB0014798
DB00661	HMDB0001850
DB00662	HMDB0014800
DB00663	HMDB0014368
DB00664	HMDB0014802
DB00665	HMDB0014803
DB00666	HMDB0014804
DB00668	HMDB0000068
DB00668	HMDB0062515
DB00670	HMDB0014808
DB00671	HMDB0014809
DB00672	HMDB0014810
DB00673	HMDB0014811
DB00674	HMDB0014812
DB00675	HMDB0014813
DB00676	HMDB0014814
DB00677	HMDB0014815
DB00678	HMDB0014816
DB00679	HMDB0014817
DB00680	HMDB0014818
DB00681	HMDB0014819
DB00682	HMDB0001935
DB00683	HMDB0014821
DB00684	HMDB0014822
DB00685	HMDB0014823
DB00686	HMDB0014824
DB00687	HMDB0014825
DB00688	HMDB0014826
DB00689	HMDB0014827
DB00690	HMDB0014828
DB00691	HMDB0014829
DB00692	HMDB0014830
DB00693	HMDB0014831
DB00694	HMDB0014832
DB00695	HMDB0001933
DB00696	HMDB0014834
DB00697	HMDB0014835
DB00697	HMDB0060964
DB00698	HMDB0014836
DB00699	HMDB0014837
DB00700	HMDB0014838
DB00701	HMDB0014839
DB00703	HMDB0014841
DB00704	HMDB0014842
DB00705	HMDB0014843
DB00706	HMDB0014844
DB00708	HMDB0014846
DB00709	HMDB0014847
DB00710	HMDB0014848
DB00711	HMDB0014849
DB00712	HMDB0014850
DB00713	HMDB0014851
DB00714	HMDB0014852
DB00715	HMDB0014853
DB00716	HMDB0014854
DB00717	HMDB0014855
DB00718	HMDB0014856
DB00719	HMDB0014857
DB00720	HMDB0014858
DB00721	HMDB0014859
DB00722	HMDB0001938
DB00723	HMDB0014861
DB00724	HMDB0014862
DB00725	HMDB0002500
DB00726	HMDB0014864
DB00727	HMDB0014865
DB00728	HMDB0014866
DB00730	HMDB0014868
DB00731	HMDB0014869
DB00732	HMDB0014870
DB00732	HMDB0240286
DB00733	HMDB0014871
DB00734	HMDB0005020
DB00735	HMDB0014873
DB00736	HMDB0001913
DB00736	HMDB0005009
DB00736	HMDB0014874
DB00737	HMDB0014875
DB00738	HMDB0014876
DB00739	HMDB0014877
DB00740	HMDB0014878
DB00741	HMDB0000063
DB00742	HMDB0000107
DB00742	HMDB0000247
DB00742	HMDB0000765
DB00742	HMDB0011632
DB00743	HMDB0240283
DB00744	HMDB0014882
DB00745	HMDB0014883
DB00746	HMDB0014884
DB00747	HMDB0003573
DB00748	HMDB0014886
DB00749	HMDB0014887
DB00750	HMDB0014888
DB00751	HMDB0014889
DB00752	HMDB0014890
DB00753	HMDB0014891
DB00754	HMDB0014892
DB00755	HMDB0001852
DB00755	HMDB0002369
DB00755	HMDB0006219
DB00755	HMDB0012874
DB00756	HMDB0014894
DB00757	HMDB0014895
DB00758	HMDB0005011
DB00759	HMDB0014897
DB00760	HMDB0014898
DB00761	HMDB0000492
DB00761	HMDB0000586
DB00761	HMDB0002306
DB00762	HMDB0014900
DB00763	HMDB0014901
DB00764	HMDB0014902
DB00765	HMDB0014903
DB00766	HMDB0014904
DB00767	HMDB0014905
DB00769	HMDB0014907
DB00770	HMDB0001442
DB00770	HMDB0004686
DB00771	HMDB0014909
DB00772	HMDB0014910
DB00773	HMDB0014911
DB00774	HMDB0014912
DB00775	HMDB0014913
DB00776	HMDB0014914
DB00777	HMDB0014915
DB00778	HMDB0014916
DB00779	HMDB0014917
DB00780	HMDB0014918
DB00781	HMDB0014919
DB00782	HMDB0014920
DB00783	HMDB0000151
DB00783	HMDB0000429
DB00784	HMDB0014922
DB00786	HMDB0014924
DB00787	HMDB0014925
DB00788	HMDB0001923
DB00789	HMDB0240278
DB00790	HMDB0014928
DB00791	HMDB0014929
DB00792	HMDB0014930
DB00793	HMDB0014931
DB00794	HMDB0014932
DB00795	HMDB0014933
DB00797	HMDB0014935
DB00798	HMDB0014936
DB00799	HMDB0014937
DB00800	HMDB0014938
DB00801	HMDB0014939
DB00802	HMDB0014940
DB00803	HMDB0014941
DB00804	HMDB0014942
DB00805	HMDB0014943
DB00806	HMDB0014944
DB00807	HMDB0014945
DB00808	HMDB0014946
DB00809	HMDB0014947
DB00810	HMDB0014948
DB00811	HMDB0014949
DB00812	HMDB0014950
DB00813	HMDB0014951
DB00814	HMDB0014952
DB00815	HMDB0000588
DB00816	HMDB0014954
DB00817	HMDB0014955
DB00818	HMDB0014956
DB00819	HMDB0014957
DB00820	HMDB0014958
DB00821	HMDB0014959
DB00822	HMDB0014960
DB00823	HMDB0014961
DB00824	HMDB0014962
DB00825	HMDB0003352
DB00825	HMDB0035763
DB00825	HMDB0035764
DB00825	HMDB0035765
DB00825	HMDB0041628
DB00826	HMDB0014964
DB00827	HMDB0014965
DB00828	HMDB0014966
DB00829	HMDB0014967
DB00830	HMDB0014968
DB00831	HMDB0014969
DB00832	HMDB0014970
DB00833	HMDB0014971
DB00834	HMDB0014972
DB00835	HMDB0001941
DB00835	HMDB0014549
DB00836	HMDB0004999
DB00838	HMDB0014976
DB00839	HMDB0014977
DB00841	HMDB0014979
DB00842	HMDB0014980
DB00842	HMDB0060975
DB00842	HMDB0061121
DB00843	HMDB0005041
DB00844	HMDB0014982
DB00845	HMDB0014983
DB00846	HMDB0014984
DB00847	HMDB0002991
DB00848	HMDB0014986
DB00849	HMDB0014987
DB00850	HMDB0014988
DB00851	HMDB0014989
DB00852	HMDB0001943
DB00852	HMDB0015451
DB00853	HMDB0014991
DB00854	HMDB0014992
DB00854	HMDB0060552
DB00855	HMDB0001149
DB00856	HMDB0014994
DB00857	HMDB0014995
DB00859	HMDB0014997
DB00860	HMDB0014998
DB00861	HMDB0014999
DB00862	HMDB0015000
DB00863	HMDB0001930
DB00864	HMDB0015002
DB00865	HMDB0015003
DB00866	HMDB0015004
DB00867	HMDB0015005
DB00868	HMDB0015006
DB00869	HMDB0015007
DB00870	HMDB0015008
DB00871	HMDB0015009
DB00872	HMDB0015010
DB00873	HMDB0015011
DB00874	HMDB0004998
DB00876	HMDB0015014
DB00877	HMDB0015015
DB00877	HMDB0127616
DB00878	HMDB0015016
DB00879	HMDB0015017
DB00880	HMDB0015018
DB00881	HMDB0015019
DB00882	HMDB0015020
DB00883	HMDB0015021
DB00884	HMDB0015022
DB00885	HMDB0015023
DB00887	HMDB0015024
DB00888	HMDB0015025
DB00889	HMDB0015026
DB00890	HMDB0015027
DB00891	HMDB0015028
DB00892	HMDB0015029
DB00894	HMDB0015031
DB00895	HMDB0000182
DB00895	HMDB0003405
DB00895	HMDB0062809
DB00895	HMDB0142894
DB00896	HMDB0015033
DB00897	HMDB0015034
DB00898	HMDB0000108
DB00899	HMDB0015036
DB00900	HMDB0015037
DB00902	HMDB0015038
DB00903	HMDB0015039
DB00904	HMDB0005035
DB00905	HMDB0015041
DB00906	HMDB0015042
DB00907	HMDB0015043
DB00908	HMDB0014611
DB00908	HMDB0015044
DB00909	HMDB0015045
DB00910	HMDB0015046
DB00911	HMDB0015047
DB00912	HMDB0015048
DB00913	HMDB0015049
DB00914	HMDB0015050
DB00915	HMDB0015051
DB00916	HMDB0015052
DB00917	HMDB0001220
DB00917	HMDB0005844
DB00917	HMDB0060041
DB00918	HMDB0015054
DB00919	HMDB0015055
DB00920	HMDB0015056
DB00921	HMDB0015057
DB00922	HMDB0015058
DB00923	HMDB0015059
DB00924	HMDB0015060
DB00925	HMDB0015061
DB00927	HMDB0001919
DB00928	HMDB0015063
DB00929	HMDB0015064
DB00933	HMDB0015068
DB00934	HMDB0015069
DB00935	HMDB0015070
DB00936	HMDB0001895
DB00937	HMDB0015072
DB00938	HMDB0015073
DB00939	HMDB0015074
DB00940	HMDB0015075
DB00942	HMDB0015077
DB00943	HMDB0015078
DB00944	HMDB0015079
DB00945	HMDB0001879
DB00946	HMDB0015081
DB00947	HMDB0015082
DB00948	HMDB0015083
DB00949	HMDB0015084
DB00950	HMDB0005030
DB00951	HMDB0015086
DB00952	HMDB0015087
DB00953	HMDB0015088
DB00954	HMDB0015089
DB00956	HMDB0015091
DB00957	HMDB0015092
DB00958	HMDB0000051
DB00958	HMDB0015093
DB00958	HMDB0041827
DB00959	HMDB0015094
DB00960	HMDB0015095
DB00961	HMDB0015096
DB00962	HMDB0015097
DB00963	HMDB0015098
DB00964	HMDB0015099
DB00966	HMDB0015101
DB00967	HMDB0015102
DB00968	HMDB0011754
DB00969	HMDB0015104
DB00970	HMDB0015105
DB00972	HMDB0015107
DB00974	HMDB0015109
DB00975	HMDB0015110
DB00977	HMDB0001926
DB00977	HMDB0061097
DB00978	HMDB0015113
DB00979	HMDB0015114
DB00980	HMDB0015115
DB00981	HMDB0015116
DB00982	HMDB0001852
DB00982	HMDB0002369
DB00982	HMDB0006219
DB00982	HMDB0012874
DB00983	HMDB0015118
DB00983	HMDB0015399
DB00984	HMDB0015119
DB00985	HMDB0001927
DB00986	HMDB0015121
DB00987	HMDB0000089
DB00987	HMDB0015122
DB00988	HMDB0000073
DB00989	HMDB0015124
DB00990	HMDB0015125
DB00991	HMDB0015126
DB00992	HMDB0015127
DB00993	HMDB0015128
DB00995	HMDB0004138
DB00995	HMDB0015130
DB00996	HMDB0005015
DB00997	HMDB0014588
DB00997	HMDB0015132
DB00998	HMDB0015133
DB00999	HMDB0001928
DB01000	HMDB0015135
DB01001	HMDB0001937
DB01002	HMDB0014442
DB01002	HMDB0015137
DB01003	HMDB0015138
DB01004	HMDB0015139
DB01005	HMDB0015140
DB01006	HMDB0015141
DB01007	HMDB0015142
DB01008	HMDB0015143
DB01009	HMDB0015144
DB01009	HMDB0041873
DB01010	HMDB0015145
DB01011	HMDB0015146
DB01012	HMDB0015147
DB01014	HMDB0015149
DB01015	HMDB0015150
DB01018	HMDB0015153
DB01019	HMDB0015154
DB01020	HMDB0015155
DB01021	HMDB0015156
DB01022	HMDB0003555
DB01022	HMDB0004198
DB01022	HMDB0015157
DB01023	HMDB0015158
DB01024	HMDB0015159
DB01025	HMDB0015160
DB01026	HMDB0012242
DB01028	HMDB0015162
DB01029	HMDB0015163
DB01030	HMDB0015164
DB01031	HMDB0015165
DB01033	HMDB0015167
DB01034	HMDB0015168
DB01035	HMDB0015169
DB01037	HMDB0015171
DB01041	HMDB0015175
DB01042	HMDB0015176
DB01043	HMDB0015177
DB01044	HMDB0015178
DB01045	HMDB0015179
DB01046	HMDB0015180
DB01047	HMDB0015181
DB01050	HMDB0001925
DB01051	HMDB0015185
DB01053	HMDB0015186
DB01054	HMDB0015187
DB01056	HMDB0015189
DB01057	HMDB0015190
DB01058	HMDB0015191
DB01059	HMDB0015192
DB01060	HMDB0015193
DB01061	HMDB0015194
DB01062	HMDB0015195
DB01063	HMDB0015196
DB01064	HMDB0015197
DB01066	HMDB0015199
DB01067	HMDB0015200
DB01068	HMDB0015201
DB01069	HMDB0015202
DB01070	HMDB0015203
DB01071	HMDB0015204
DB01072	HMDB0015205
DB01074	HMDB0015207
DB01075	HMDB0001927
DB01076	HMDB0005006
DB01077	HMDB0015210
DB01078	HMDB0015211
DB01080	HMDB0015212
DB01081	HMDB0015213
DB01082	HMDB0015214
DB01083	HMDB0015215
DB01084	HMDB0015216
DB01085	HMDB0015217
DB01086	HMDB0004992
DB01087	HMDB0015219
DB01089	HMDB0015221
DB01090	HMDB0015222
DB01091	HMDB0015223
DB01092	HMDB0015224
DB01092	HMDB0031448
DB01093	HMDB0002151
DB01094	HMDB0005782
DB01094	HMDB0030746
DB01096	HMDB0015228
DB01097	HMDB0015229
DB01099	HMDB0015231
DB01100	HMDB0015232
DB01101	HMDB0015233
DB01102	HMDB0015234
DB01103	HMDB0015235
DB01104	HMDB0005010
DB01105	HMDB0015237
DB01106	HMDB0015238
DB01107	HMDB0015239
DB01108	HMDB0015240
DB01110	HMDB0015242
DB01111	HMDB0015243
DB01112	HMDB0015244
DB01113	HMDB0015245
DB01114	HMDB0001944
DB01114	HMDB0240218
DB01115	HMDB0015247
DB01116	HMDB0015248
DB01117	HMDB0015249
DB01118	HMDB0015250
DB01119	HMDB0015251
DB01120	HMDB0015252
DB01121	HMDB0015253
DB01122	HMDB0015254
DB01123	HMDB0015255
DB01124	HMDB0015256
DB01125	HMDB0015257
DB01126	HMDB0015258
DB01127	HMDB0015259
DB01128	HMDB0015260
DB01129	HMDB0005026
DB01130	HMDB0015262
DB01131	HMDB0015263
DB01132	HMDB0015264
DB01133	HMDB0015265
DB01135	HMDB0015266
DB01136	HMDB0015267
DB01137	HMDB0001929
DB01137	HMDB0015296
DB01138	HMDB0015269
DB01139	HMDB0015270
DB01140	HMDB0015271
DB01141	HMDB0015272
DB01142	HMDB0015273
DB01143	HMDB0015274
DB01144	HMDB0015275
DB01145	HMDB0015276
DB01146	HMDB0015277
DB01147	HMDB0015278
DB01148	HMDB0015279
DB01149	HMDB0015280
DB01150	HMDB0015281
DB01151	HMDB0015282
DB01153	HMDB0015284
DB01154	HMDB0015285
DB01156	HMDB0001510
DB01157	HMDB0015288
DB01158	HMDB0015289
DB01159	HMDB0015290
DB01160	HMDB0001139
DB01160	HMDB0001483
DB01160	HMDB0002115
DB01160	HMDB0005083
DB01160	HMDB0010199
DB01160	HMDB0011137
DB01160	HMDB0240288
DB01161	HMDB0015292
DB01162	HMDB0015293
DB01163	HMDB0015294
DB01164	HMDB0000464
DB01164	HMDB0000492
DB01164	HMDB0002306
DB01165	HMDB0001929
DB01165	HMDB0015296
DB01166	HMDB0015297
DB01167	HMDB0015298
DB01168	HMDB0015299
DB01170	HMDB0015301
DB01171	HMDB0015302
DB01172	HMDB0015303
DB01173	HMDB0015304
DB01174	HMDB0015305
DB01175	HMDB0005028
DB01175	HMDB0005038
DB01176	HMDB0015307
DB01177	HMDB0015308
DB01178	HMDB0015309
DB01179	HMDB0015310
DB01179	HMDB0031452
DB01180	HMDB0015311
DB01181	HMDB0015312
DB01182	HMDB0015313
DB01183	HMDB0015314
DB01184	HMDB0015315
DB01185	HMDB0015316
DB01186	HMDB0015317
DB01187	HMDB0015318
DB01188	HMDB0015319
DB01189	HMDB0015320
DB01190	HMDB0015321
DB01191	HMDB0015322
DB01192	HMDB0015323
DB01193	HMDB0015324
DB01194	HMDB0015325
DB01195	HMDB0015326
DB01196	HMDB0015327
DB01197	HMDB0015328
DB01198	HMDB0014546
DB01198	HMDB0015329
DB01199	HMDB0015330
DB01200	HMDB0015331
DB01201	HMDB0015332
DB01202	HMDB0015333
DB01203	HMDB0015334
DB01204	HMDB0015335
DB01205	HMDB0015336
DB01206	HMDB0015337
DB01207	HMDB0015338
DB01208	HMDB0015339
DB01209	HMDB0015340
DB01210	HMDB0015341
DB01211	HMDB0015342
DB01212	HMDB0015343
DB01213	HMDB0015344
DB01214	HMDB0015345
DB01215	HMDB0015346
DB01216	HMDB0001984
DB01217	HMDB0015348
DB01218	HMDB0015349
DB01219	HMDB0015350
DB01220	HMDB0015351
DB01221	HMDB0015352
DB01222	HMDB0015353
DB01223	HMDB0001889
DB01223	HMDB0031225
DB01224	HMDB0005021
DB01226	HMDB0015357
DB01227	HMDB0015358
DB01227	HMDB0015502
DB01228	HMDB0015359
DB01229	HMDB0015360
DB01231	HMDB0015361
DB01232	HMDB0015362
DB01233	HMDB0015363
DB01234	HMDB0014586
DB01234	HMDB0015364
DB01235	HMDB0000181
DB01235	HMDB0000609
DB01236	HMDB0015366
DB01237	HMDB0015367
DB01238	HMDB0005042
DB01239	HMDB0015369
DB01240	HMDB0001335
DB01241	HMDB0015371
DB01242	HMDB0015372
DB01243	HMDB0015373
DB01244	HMDB0015374
DB01245	HMDB0015375
DB01246	HMDB0015376
DB01247	HMDB0015377
DB01248	HMDB0015378
DB01249	HMDB0015379
DB01250	HMDB0015380
DB01251	HMDB0015381
DB01252	HMDB0015382
DB01253	HMDB0015383
DB01254	HMDB0015384
DB01255	HMDB0015385
DB01256	HMDB0015386
DB01259	HMDB0015388
DB01260	HMDB0015389
DB01261	HMDB0015390
DB01262	HMDB0015391
DB01263	HMDB0015392
DB01264	HMDB0015393
DB01265	HMDB0000273
DB01265	HMDB0015394
DB01267	HMDB0015396
DB01268	HMDB0015397
DB01273	HMDB0015398
DB01274	HMDB0015118
DB01274	HMDB0015399
DB01275	HMDB0015400
DB01280	HMDB0015401
DB01282	HMDB0015402
DB01283	HMDB0015403
DB01288	HMDB0015405
DB01289	HMDB0015406
DB01291	HMDB0015407
DB01294	HMDB0001039
DB01294	HMDB0001895
DB01294	HMDB0002111
DB01294	HMDB0002196
DB01294	HMDB0015408
DB01295	HMDB0015409
DB01296	HMDB0001514
DB01296	HMDB0030091
DB01297	HMDB0015411
DB01298	HMDB0015412
DB01299	HMDB0015413
DB01301	HMDB0015414
DB01303	HMDB0000097
DB01319	HMDB0015416
DB01320	HMDB0015417
DB01321	HMDB0015418
DB01324	HMDB0015419
DB01325	HMDB0015420
DB01326	HMDB0015421
DB01327	HMDB0015422
DB01328	HMDB0015423
DB01329	HMDB0015424
DB01330	HMDB0015425
DB01331	HMDB0015426
DB01332	HMDB0015427
DB01333	HMDB0015428
DB01336	HMDB0015429
DB01337	HMDB0015430
DB01338	HMDB0015431
DB01339	HMDB0015432
DB01340	HMDB0015433
DB01342	HMDB0015434
DB01345	HMDB0000586
DB01346	HMDB0014611
DB01346	HMDB0015044
DB01346	HMDB0015305
DB01347	HMDB0015437
DB01348	HMDB0015438
DB01349	HMDB0015439
DB01351	HMDB0015440
DB01352	HMDB0015441
DB01353	HMDB0015442
DB01354	HMDB0015443
DB01355	HMDB0015444
DB01356	HMDB0005949
DB01357	HMDB0015446
DB01359	HMDB0015447
DB01362	HMDB0015449
DB01364	HMDB0001943
DB01364	HMDB0015451
DB01365	HMDB0015452
DB01366	HMDB0015453
DB01367	HMDB0015454
DB01369	HMDB0015455
DB01370	HMDB0001247
DB01375	HMDB0000827
DB01375	HMDB0001039
DB01375	HMDB0002111
DB01377	HMDB0000547
DB01378	HMDB0000547
DB01380	HMDB0015459
DB01382	HMDB0015461
DB01384	HMDB0015462
DB01390	HMDB0000588
DB01390	HMDB0000595
DB01390	HMDB0003538
DB01390	HMDB0031453
DB01392	HMDB0015464
DB01393	HMDB0015465
DB01394	HMDB0015466
DB01395	HMDB0015467
DB01396	HMDB0015468
DB01397	HMDB0000547
DB01397	HMDB0001895
DB01397	HMDB0015469
DB01399	HMDB0015471
DB01400	HMDB0015472
DB01401	HMDB0000097
DB01401	HMDB0000547
DB01401	HMDB0001895
DB01403	HMDB0015474
DB01406	HMDB0002835
DB01407	HMDB0015477
DB01408	HMDB0015478
DB01409	HMDB0015479
DB01410	HMDB0015480
DB01412	HMDB0002825
DB01413	HMDB0015483
DB01414	HMDB0015484
DB01415	HMDB0015485
DB01416	HMDB0015486
DB01418	HMDB0015487
DB01419	HMDB0015488
DB01420	HMDB0015489
DB01421	HMDB0015490
DB01422	HMDB0015491
DB01423	HMDB0015492
DB01424	HMDB0015493
DB01425	HMDB0015494
DB01426	HMDB0015495
DB01427	HMDB0015496
DB01428	HMDB0015497
DB01429	HMDB0015498
DB01430	HMDB0015499
DB01431	HMDB0015500
DB01433	HMDB0015358
DB01433	HMDB0015502
DB01435	HMDB0015503
DB01436	HMDB0015504
DB01437	HMDB0015505
DB01438	HMDB0015506
DB01439	HMDB0061718
DB01440	HMDB0000710
DB01444	HMDB0061719
DB01445	HMDB0041842
DB01455	HMDB0004590
DB01456	HMDB0062415
DB01463	HMDB0015508
DB01466	HMDB0015509
DB01471	HMDB0004627
DB01471	HMDB0006048
DB01477	HMDB0002500
DB01481	HMDB0006035
DB01485	HMDB0003956
DB01486	HMDB0001942
DB01488	HMDB0005973
DB01494	HMDB0000043
DB01494	HMDB0059606
DB01494	HMDB0060451
DB01495	HMDB0015503
DB01495	HMDB0060451
DB01509	HMDB0041931
DB01512	HMDB0061076
DB01515	HMDB0041836
DB01522	HMDB0015358
DB01522	HMDB0015502
DB01524	HMDB0003818
DB01525	HMDB0006348
DB01525	HMDB0006548
DB01526	HMDB0005849
DB01530	HMDB0000369
DB01530	HMDB0000383
DB01530	HMDB0000412
DB01530	HMDB0000458
DB01530	HMDB0000493
DB01530	HMDB0000495
DB01530	HMDB0000551
DB01530	HMDB0000554
DB01530	HMDB0060437
DB01536	HMDB0000053
DB01544	HMDB0015510
DB01555	HMDB0015358
DB01555	HMDB0015502
DB01558	HMDB0015511
DB01559	HMDB0015512
DB01561	HMDB0000899
DB01561	HMDB0003769
DB01563	HMDB0060451
DB01564	HMDB0004627
DB01564	HMDB0006048
DB01565	HMDB0060548
DB01565	HMDB0060796
DB01565	HMDB0060798
DB01565	HMDB0060854
DB01565	HMDB0060929
DB01567	HMDB0015513
DB01568	HMDB0033948
DB01569	HMDB0004631
DB01574	HMDB0000547
DB01574	HMDB0001039
DB01574	HMDB0002111
DB01574	HMDB0002175
DB01575	HMDB0001039
DB01575	HMDB0002111
DB01576	HMDB0012128
DB01576	HMDB0014328
DB01576	HMDB0015516
DB01577	HMDB0015517
DB01579	HMDB0015519
DB01580	HMDB0015520
DB01581	HMDB0015521
DB01582	HMDB0015522
DB01583	HMDB0000248
DB01583	HMDB0000265
DB01583	HMDB0000588
DB01583	HMDB0014651
DB01586	HMDB0000361
DB01586	HMDB0000384
DB01586	HMDB0000514
DB01586	HMDB0000518
DB01586	HMDB0000686
DB01586	HMDB0000946
DB01587	HMDB0015526
DB01588	HMDB0015527
DB01589	HMDB0015528
DB01590	HMDB0015529
DB01594	HMDB0015533
DB01595	HMDB0015534
DB01597	HMDB0015535
DB01598	HMDB0015536
DB01599	HMDB0015537
DB01600	HMDB0015538
DB01601	HMDB0015539
DB01602	HMDB0015540
DB01603	HMDB0015541
DB01604	HMDB0015542
DB01605	HMDB0015543
DB01606	HMDB0015544
DB01607	HMDB0015545
DB01608	HMDB0015546
DB01609	HMDB0015547
DB01610	HMDB0015548
DB01611	HMDB0015549
DB01612	HMDB0015550
DB01613	HMDB0015551
DB01614	HMDB0015552
DB01615	HMDB0015553
DB01616	HMDB0015554
DB01618	HMDB0015555
DB01619	HMDB0015556
DB01620	HMDB0015557
DB01621	HMDB0015558
DB01622	HMDB0015559
DB01623	HMDB0015560
DB01624	HMDB0015561
DB01625	HMDB0015562
DB01626	HMDB0015563
DB01627	HMDB0015564
DB01628	HMDB0015565
DB01629	HMDB0060396
DB01631	HMDB0031264
DB01632	HMDB0000280
DB01632	HMDB0062643
DB01638	HMDB0000107
DB01638	HMDB0000247
DB01638	HMDB0000765
DB01638	HMDB0011632
DB01642	HMDB0029965
DB01643	HMDB0001227
DB01645	HMDB0003217
DB01646	HMDB0011745
DB01650	HMDB0002641
DB01650	HMDB0041592
DB01650	HMDB0062655
DB01650	HMDB0134028
DB01652	HMDB0006467
DB01652	HMDB0060140
DB01655	HMDB0001316
DB01655	HMDB0062800
DB01670	HMDB0034237
DB01671	HMDB0001039
DB01671	HMDB0002111
DB01672	HMDB0000397
DB01675	HMDB0001011
DB01677	HMDB0000134
DB01677	HMDB0000176
DB01686	HMDB0001539
DB01687	HMDB0000055
DB01687	HMDB0000163
DB01687	HMDB0000186
DB01687	HMDB0029933
DB01687	HMDB0033368
DB01687	HMDB0037138
DB01687	HMDB0041627
DB01688	HMDB0001858
DB01690	HMDB0001155
DB01692	HMDB0013593
DB01694	HMDB0029878
DB01694	HMDB0059916
DB01694	HMDB0062642
DB01697	HMDB0001262
DB01697	HMDB0006857
DB01697	HMDB0038852
DB01698	HMDB0003249
DB01700	HMDB0001517
DB01702	HMDB0001336
DB01704	HMDB0126377
DB01704	HMDB0132508
DB01708	HMDB0000077
DB01708	HMDB0005962
DB01709	HMDB0000362
DB01709	HMDB0003391
DB01709	HMDB0062707
DB01713	HMDB0001018
DB01713	HMDB0012303
DB01714	HMDB0002038
DB01717	HMDB0001192
DB01727	HMDB0000193
DB01727	HMDB0001874
DB01727	HMDB0033717
DB01728	HMDB0008923
DB01729	HMDB0001143
DB01729	HMDB0001498
DB01738	HMDB0000224
DB01739	HMDB0000172
DB01739	HMDB0000557
DB01739	HMDB0033923
DB01744	HMDB0059838
DB01746	HMDB0000687
DB01746	HMDB0013773
DB01746	HMDB0062203
DB01750	HMDB0032708
DB01752	HMDB0000939
DB01758	HMDB0000021
DB01759	HMDB0032923
DB01760	HMDB0040340
DB01762	HMDB0000060
DB01764	HMDB0015566
DB01774	HMDB0006369
DB01774	HMDB0006557
DB01774	HMDB0062621
DB01775	HMDB0001882
DB01776	HMDB0002048
DB01779	HMDB0002520
DB01783	HMDB0000210
DB01785	HMDB0001120
DB01786	HMDB0000161
DB01786	HMDB0001310
DB01786	HMDB0062251
DB01794	HMDB0000547
DB01794	HMDB0001989
DB01796	HMDB0000232
DB01811	HMDB0004058
DB01812	HMDB0000061
DB01819	HMDB0000263
DB01822	HMDB0059664
DB01828	HMDB0000164
DB01833	HMDB0002706
DB01837	HMDB0003011
DB01839	HMDB0001881
DB01839	HMDB0006213
DB01844	HMDB0001888
DB01849	HMDB0000076
DB01852	HMDB0005801
DB01853	HMDB0000547
DB01856	HMDB0000857
DB01857	HMDB0012250
DB01861	HMDB0000286
DB01861	HMDB0000302
DB01861	HMDB0060079
DB01861	HMDB0062573
DB01863	HMDB0001059
DB01872	HMDB0000781
DB01878	HMDB0032049
DB01880	HMDB0001964
DB01880	HMDB0003501
DB01880	HMDB0125102
DB01885	HMDB0000150
DB01889	HMDB0005935
DB01912	HMDB0000492
DB01912	HMDB0002306
DB01914	HMDB0062473
DB01917	HMDB0001414
DB01919	HMDB0031206
DB01923	HMDB0000618
DB01923	HMDB0000868
DB01936	HMDB0000283
DB01936	HMDB0012325
DB01936	HMDB0094694
DB01942	HMDB0000142
DB01956	HMDB0000251
DB01962	HMDB0006049
DB01966	HMDB0008991
DB01966	HMDB0060501
DB01971	HMDB0000301
DB01971	HMDB0034174
DB01971	HMDB0062562
DB01972	HMDB0001397
DB01979	HMDB0029965
DB01982	HMDB0000127
DB01982	HMDB0003363
DB01982	HMDB0003402
DB01982	HMDB0038491
DB01982	HMDB0127846
DB01985	HMDB0004620
DB01987	HMDB0001372
DB01987	HMDB0062636
DB01990	HMDB0000653
DB01992	HMDB0001423
DB01996	HMDB0061887
DB02007	HMDB0001078
DB02007	HMDB0001401
DB02007	HMDB0003498
DB02013	HMDB0001039
DB02013	HMDB0002111
DB02015	HMDB0001056
DB02023	HMDB0011670
DB02024	HMDB0000764
DB02030	HMDB0003882
DB02031	HMDB0001846
DB02031	HMDB0062806
DB02032	HMDB0015328
DB02043	HMDB0010570
DB02053	HMDB0011734
DB02054	HMDB0001891
DB02056	HMDB0001403
DB02059	HMDB0001178
DB02060	HMDB0003315
DB02061	HMDB0000055
DB02061	HMDB0000163
DB02061	HMDB0000186
DB02061	HMDB0029933
DB02061	HMDB0033368
DB02061	HMDB0037138
DB02061	HMDB0041627
DB02068	HMDB0003355
DB02070	HMDB0000684
DB02073	HMDB0001008
DB02074	HMDB0010720
DB02074	HMDB0034439
DB02076	HMDB0001316
DB02076	HMDB0062800
DB02083	HMDB0000092
DB02085	HMDB0036458
DB02092	HMDB0000610
DB02095	HMDB0061933
DB02097	HMDB0000089
DB02097	HMDB0015122
DB02100	HMDB0029965
DB02114	HMDB0062481
DB02115	HMDB0033991
DB02115	HMDB0130491
DB02116	HMDB0035233
DB02121	HMDB0033870
DB02123	HMDB0000637
DB02123	HMDB0000708
DB02123	HMDB0006898
DB02129	HMDB0000528
DB02129	HMDB0003349
DB02130	HMDB0000484
DB02133	HMDB0000547
DB02133	HMDB0038578
DB02134	HMDB0000292
DB02137	HMDB0001302
DB02142	HMDB0001555
DB02144	HMDB0009783
DB02145	HMDB0004327
DB02153	HMDB0060179
DB02156	HMDB0004045
DB02159	HMDB0001881
DB02159	HMDB0006213
DB02165	HMDB0001039
DB02165	HMDB0002111
DB02169	HMDB0030441
DB02174	HMDB0000641
DB02174	HMDB0003423
DB02175	HMDB0000691
DB02176	HMDB0000042
DB02176	HMDB0003625
DB02178	HMDB0006236
DB02180	HMDB0001521
DB02181	HMDB0001440
DB02184	HMDB0013593
DB02185	HMDB0034864
DB02186	HMDB0000814
DB02189	HMDB0060728
DB02189	HMDB0061724
DB02190	HMDB0003974
DB02192	HMDB0033944
DB02196	HMDB0000290
DB02196	HMDB0000304
DB02196	HMDB0013112
DB02196	HMDB0060522
DB02196	HMDB0062760
DB02201	HMDB0000691
DB02202	HMDB0031320
DB02203	HMDB0060427
DB02205	HMDB0130287
DB02209	HMDB0001319
DB02216	HMDB0002108
DB02224	HMDB0125371
DB02232	HMDB0000957
DB02233	HMDB0142963
DB02235	HMDB0002005
DB02236	HMDB0002022
DB02238	HMDB0001553
DB02239	HMDB0000720
DB02249	HMDB0031213
DB02253	HMDB0035685
DB02256	HMDB0000012
DB02261	HMDB0062195
DB02262	HMDB0000226
DB02263	HMDB0001112
DB02267	HMDB0000052
DB02272	HMDB0000245
DB02279	HMDB0001587
DB02280	HMDB0000703
DB02280	HMDB0062635
DB02280	HMDB0124926
DB02282	HMDB0001173
DB02285	HMDB0000241
DB02289	HMDB0001147
DB02296	HMDB0006007
DB02300	HMDB0015567
DB02302	HMDB0003334
DB02304	HMDB0004236
DB02306	HMDB0007973
DB02312	HMDB0001078
DB02312	HMDB0001401
DB02312	HMDB0003498
DB02315	HMDB0001314
DB02317	HMDB0000645
DB02317	HMDB0000994
DB02317	HMDB0001586
DB02317	HMDB0006330
DB02325	HMDB0000863
DB02332	HMDB0001248
DB02333	HMDB0001191
DB02334	HMDB0060176
DB02338	HMDB0000221
DB02340	HMDB0002931
DB02342	HMDB0000405
DB02345	HMDB0003288
DB02362	HMDB0001392
DB02368	HMDB0000856
DB02373	HMDB0001039
DB02373	HMDB0002111
DB02375	HMDB0002755
DB02377	HMDB0000132
DB02379	HMDB0000122
DB02379	HMDB0000143
DB02379	HMDB0000169
DB02379	HMDB0000516
DB02379	HMDB0001151
DB02379	HMDB0003345
DB02379	HMDB0003449
DB02379	HMDB0012326
DB02379	HMDB0033704
DB02379	HMDB0061922
DB02379	HMDB0062202
DB02380	HMDB0000071
DB02382	HMDB0059646
DB02385	HMDB0000727
DB02385	HMDB0000845
DB02385	HMDB0000877
DB02399	HMDB0041500
DB02406	HMDB0000892
DB02417	HMDB0029642
DB02418	HMDB0003156
DB02418	HMDB0033007
DB02421	HMDB0000286
DB02421	HMDB0000302
DB02421	HMDB0060079
DB02421	HMDB0062573
DB02428	HMDB0000842
DB02430	HMDB0001124
DB02431	HMDB0000082
DB02448	HMDB0000910
DB02452	HMDB0001342
DB02453	HMDB0001039
DB02453	HMDB0002111
DB02453	HMDB0004118
DB02456	HMDB0000095
DB02458	HMDB0062528
DB02464	HMDB0033871
DB02467	HMDB0002005
DB02482	HMDB0011185
DB02484	HMDB0059599
DB02485	HMDB0001176
DB02485	HMDB0062695
DB02494	HMDB0000563
DB02494	HMDB0000748
DB02494	HMDB0000779
DB02496	HMDB0001213
DB02501	HMDB0032764
DB02502	HMDB0003333
DB02507	HMDB0001935
DB02509	HMDB0004305
DB02509	HMDB0059849
DB02513	HMDB0001878
DB02515	HMDB0000126
DB02517	HMDB0000148
DB02517	HMDB0003339
DB02517	HMDB0060475
DB02518	HMDB0000766
DB02527	HMDB0000058
DB02530	HMDB0000112
DB02531	HMDB0001873
DB02536	HMDB0001051
DB02543	HMDB0004230
DB02546	HMDB0015568
DB02547	HMDB0001095
DB02547	HMDB0001499
DB02547	HMDB0062554
DB02548	HMDB0001530
DB02548	HMDB0005831
DB02552	HMDB0001285
DB02556	HMDB0000159
DB02562	HMDB0002215
DB02563	HMDB0002845
DB02563	HMDB0062480
DB02571	HMDB0001263
DB02571	HMDB0059595
DB02576	HMDB0012136
DB02579	HMDB0031647
DB02591	HMDB0003701
DB02594	HMDB0000014
DB02606	HMDB0011469
DB02609	HMDB0006802
DB02624	HMDB0029387
DB02637	HMDB0000223
DB02638	HMDB0015569
DB02648	HMDB0000062
DB02648	HMDB0062496
DB02648	HMDB0062634
DB02654	HMDB0011612
DB02655	HMDB0000191
DB02655	HMDB0006483
DB02655	HMDB0062186
DB02655	HMDB0062501
DB02657	HMDB0001254
DB02659	HMDB0000312
DB02659	HMDB0000376
DB02659	HMDB0000390
DB02659	HMDB0000395
DB02659	HMDB0000419
DB02659	HMDB0000427
DB02659	HMDB0000432
DB02659	HMDB0000505
DB02659	HMDB0000619
DB02659	HMDB0000917
DB02665	HMDB0014890
DB02678	HMDB0001514
DB02678	HMDB0030091
DB02688	HMDB0003609
DB02691	HMDB0000138
DB02691	HMDB0000331
DB02691	HMDB0032596
DB02693	HMDB0059664
DB02699	HMDB0012329
DB02701	HMDB0001406
DB02703	HMDB0015570
DB02709	HMDB0003747
DB02709	HMDB0034118
DB02713	HMDB0000532
DB02714	HMDB0060282
DB02717	HMDB0001296
DB02717	HMDB0029931
DB02726	HMDB0000816
DB02736	HMDB0031645
DB02738	HMDB0059647
DB02740	HMDB0002096
DB02743	HMDB0000055
DB02743	HMDB0000163
DB02743	HMDB0000186
DB02743	HMDB0029933
DB02743	HMDB0033368
DB02743	HMDB0037138
DB02743	HMDB0041627
DB02745	HMDB0000296
DB02746	HMDB0002107
DB02750	HMDB0000574
DB02750	HMDB0003417
DB02751	HMDB0000128
DB02756	HMDB0037113
DB02758	HMDB0002302
DB02761	HMDB0003585
DB02767	HMDB0010731
DB02767	HMDB0061656
DB02767	HMDB0094672
DB02772	HMDB0000258
DB02772	HMDB0125600
DB02788	HMDB0003243
DB02789	HMDB0000253
DB02795	HMDB0001101
DB02805	HMDB0060282
DB02807	HMDB0000346
DB02821	HMDB0012251
DB02823	HMDB0004110
DB02831	HMDB0000973
DB02831	HMDB0001429
DB02831	HMDB0002105
DB02831	HMDB0002142
DB02835	HMDB0003514
DB02835	HMDB0060269
DB02838	HMDB0006875
DB02839	HMDB0029666
DB02843	HMDB0000645
DB02843	HMDB0000994
DB02843	HMDB0001586
DB02843	HMDB0006330
DB02852	HMDB0033939
DB02853	HMDB0000162
DB02853	HMDB0003411
DB02854	HMDB0000031
DB02854	HMDB0000365
DB02854	HMDB0000490
DB02854	HMDB0000546
DB02857	HMDB0000133
DB02867	HMDB0000645
DB02867	HMDB0000994
DB02867	HMDB0001586
DB02867	HMDB0006330
DB02891	HMDB0031809
DB02893	HMDB0000696
DB02893	HMDB0033951
DB02897	HMDB0001494
DB02900	HMDB0001078
DB02900	HMDB0001401
DB02900	HMDB0003498
DB02901	HMDB0002961
DB02901	HMDB0006770
DB02901	HMDB0062608
DB02902	HMDB0001134
DB02902	HMDB0062646
DB02910	HMDB0001070
DB02912	HMDB0001275
DB02914	HMDB0062447
DB02924	HMDB0035158
DB02932	HMDB0015260
DB02938	HMDB0000666
DB02942	HMDB0006234
DB02945	HMDB0000127
DB02945	HMDB0003363
DB02945	HMDB0003402
DB02945	HMDB0038491
DB02945	HMDB0127846
DB02951	HMDB0001352
DB02952	HMDB0001906
DB02955	HMDB0034297
DB02957	HMDB0000218
DB02958	HMDB0060257
DB02959	HMDB0000472
DB02961	HMDB0062489
DB02969	HMDB0032985
DB02994	HMDB0011625
DB02994	HMDB0094715
DB02995	HMDB0031404
DB02995	HMDB0062716
DB03013	HMDB0062702
DB03017	HMDB0000638
DB03025	HMDB0031299
DB03034	HMDB0001929
DB03034	HMDB0015296
DB03041	HMDB0000935
DB03041	HMDB0012302
DB03041	HMDB0012304
DB03054	HMDB0062089
DB03057	HMDB0006112
DB03059	HMDB0001484
DB03066	HMDB0000190
DB03066	HMDB0001311
DB03066	HMDB0144295
DB03085	HMDB0000115
DB03087	HMDB0037140
DB03088	HMDB0000267
DB03088	HMDB0000805
DB03088	HMDB0060262
DB03101	HMDB0001489
DB03103	HMDB0001274
DB03105	HMDB0031658
DB03106	HMDB0000211
DB03106	HMDB0006088
DB03106	HMDB0034220
DB03106	HMDB0062138
DB03106	HMDB0240207
DB03106	HMDB0240208
DB03106	HMDB0240209
DB03106	HMDB0240210
DB03106	HMDB0240211
DB03107	HMDB0000056
DB03109	HMDB0000212
DB03109	HMDB0000215
DB03109	HMDB0000803
DB03109	HMDB0000853
DB03109	HMDB0001129
DB03111	HMDB0001109
DB03125	HMDB0014583
DB03128	HMDB0000895
DB03134	HMDB0034252
DB03142	HMDB0000283
DB03142	HMDB0012325
DB03142	HMDB0094694
DB03143	HMDB0031265
DB03144	HMDB0004224
DB03147	HMDB0001248
DB03156	HMDB0000127
DB03156	HMDB0003363
DB03156	HMDB0003402
DB03156	HMDB0038491
DB03156	HMDB0127846
DB03158	HMDB0000968
DB03158	HMDB0062568
DB03166	HMDB0000042
DB03169	HMDB0001375
DB03170	HMDB0001373
DB03175	HMDB0000820
DB03192	HMDB0003938
DB03193	HMDB0000827
DB03201	HMDB0000574
DB03201	HMDB0003417
DB03203	HMDB0000252
DB03203	HMDB0062807
DB03205	HMDB0013636
DB03206	HMDB0035359
DB03222	HMDB0001532
DB03223	HMDB0060473
DB03225	HMDB0000929
DB03225	HMDB0013609
DB03225	HMDB0030396
DB03226	HMDB0059596
DB03227	HMDB0000229
DB03227	HMDB0059645
DB03229	HMDB0000695
DB03246	HMDB0000283
DB03246	HMDB0012325
DB03246	HMDB0094694
DB03247	HMDB0001520
DB03252	HMDB0000182
DB03252	HMDB0003405
DB03252	HMDB0062809
DB03252	HMDB0142894
DB03255	HMDB0000228
DB03256	HMDB0001562
DB03256	HMDB0002140
DB03256	HMDB0062757
DB03258	HMDB0000998
DB03264	HMDB0003571
DB03266	HMDB0029599
DB03277	HMDB0001262
DB03277	HMDB0006857
DB03277	HMDB0038852
DB03278	HMDB0002994
DB03278	HMDB0004136
DB03278	HMDB0094689
DB03283	HMDB0000174
DB03283	HMDB0000849
DB03283	HMDB0003081
DB03283	HMDB0029196
DB03283	HMDB0059624
DB03283	HMDB0059625
DB03283	HMDB0124735
DB03285	HMDB0037316
DB03292	HMDB0000370
DB03293	HMDB0001973
DB03303	HMDB0000346
DB03304	HMDB0011690
DB03310	HMDB0003337
DB03313	HMDB0060450
DB03317	HMDB0000692
DB03317	HMDB0015531
DB03320	HMDB0002006
DB03322	HMDB0001849
DB03323	HMDB0000055
DB03323	HMDB0000163
DB03323	HMDB0000186
DB03323	HMDB0029933
DB03323	HMDB0033368
DB03323	HMDB0037138
DB03323	HMDB0041627
DB03328	HMDB0003276
DB03344	HMDB0003529
DB03350	HMDB0000051
DB03350	HMDB0041827
DB03357	HMDB0000703
DB03357	HMDB0062635
DB03357	HMDB0124926
DB03360	HMDB0094701
DB03362	HMDB0013287
DB03366	HMDB0001525
DB03374	HMDB0003474
DB03374	HMDB0062622
DB03380	HMDB0013319
DB03381	HMDB0001551
DB03389	HMDB0000098
DB03389	HMDB0000646
DB03389	HMDB0060254
DB03394	HMDB0061835
DB03397	HMDB0000290
DB03397	HMDB0000304
DB03397	HMDB0013112
DB03397	HMDB0060522
DB03397	HMDB0062760
DB03401	HMDB0001143
DB03401	HMDB0001498
DB03403	HMDB0000095
DB03407	HMDB0002916
DB03407	HMDB0062694
DB03408	HMDB0001049
DB03410	HMDB0137904
DB03411	HMDB0039499
DB03412	HMDB0142963
DB03413	HMDB0001000
DB03416	HMDB0002666
DB03419	HMDB0000300
DB03423	HMDB0011117
DB03423	HMDB0062526
DB03426	HMDB0011132
DB03429	HMDB0056960
DB03430	HMDB0060318
DB03432	HMDB0002166
DB03432	HMDB0002299
DB03432	HMDB0003911
DB03435	HMDB0000295
DB03440	HMDB0013034
DB03443	HMDB0015532
DB03460	HMDB0003101
DB03461	HMDB0000217
DB03462	HMDB0000262
DB03467	HMDB0002670
DB03467	HMDB0128074
DB03470	HMDB0060520
DB03478	HMDB0059656
DB03481	HMDB0060401
DB03484	HMDB0059660
DB03485	HMDB0000174
DB03485	HMDB0000849
DB03485	HMDB0003081
DB03485	HMDB0029196
DB03485	HMDB0059624
DB03485	HMDB0059625
DB03485	HMDB0124735
DB03489	HMDB0001353
DB03491	HMDB0000960
DB03493	HMDB0001107
DB03499	HMDB0000156
DB03499	HMDB0000744
DB03499	HMDB0031518
DB03500	HMDB0001160
DB03501	HMDB0000286
DB03501	HMDB0000302
DB03501	HMDB0060079
DB03501	HMDB0062573
DB03511	HMDB0000127
DB03511	HMDB0003363
DB03511	HMDB0003402
DB03511	HMDB0038491
DB03511	HMDB0127846
DB03512	HMDB0001039
DB03512	HMDB0002111
DB03514	HMDB0013744
DB03518	HMDB0000227
DB03518	HMDB0059629
DB03528	HMDB0000050
DB03528	HMDB0014340
DB03542	HMDB0000213
DB03542	HMDB0001313
DB03542	HMDB0002985
DB03542	HMDB0006814
DB03552	HMDB0059720
DB03553	HMDB0000661
DB03560	HMDB0011718
DB03566	HMDB0001257
DB03567	HMDB0000212
DB03567	HMDB0000215
DB03567	HMDB0000803
DB03567	HMDB0000853
DB03567	HMDB0001129
DB03568	HMDB0000039
DB03582	HMDB0001199
DB03587	HMDB0001167
DB03589	HMDB0031522
DB03590	HMDB0001370
DB03593	HMDB0059612
DB03600	HMDB0000511
DB03601	HMDB0029519
DB03603	HMDB0000639
DB03603	HMDB0000663
DB03603	HMDB0029881
DB03610	HMDB0014023
DB03612	HMDB0001166
DB03612	HMDB0062259
DB03614	HMDB0000608
DB03614	HMDB0002274
DB03618	HMDB0001542
DB03618	HMDB0006535
DB03619	HMDB0000348
DB03619	HMDB0000411
DB03619	HMDB0000438
DB03619	HMDB0000478
DB03619	HMDB0000626
DB03619	HMDB0002585
DB03633	HMDB0011149
DB03633	HMDB0062689
DB03636	HMDB0062472
DB03644	HMDB0001476
DB03652	HMDB0000127
DB03652	HMDB0003363
DB03652	HMDB0003402
DB03652	HMDB0038491
DB03652	HMDB0127846
DB03659	HMDB0031321
DB03661	HMDB0002757
DB03671	HMDB0060731
DB03675	HMDB0012140
DB03680	HMDB0035227
DB03685	HMDB0000288
DB03688	HMDB0000700
DB03690	HMDB0000593
DB03690	HMDB0062690
DB03696	HMDB0001251
DB03696	HMDB0031438
DB03696	HMDB0037032
DB03699	HMDB0001022
DB03700	HMDB0000167
DB03700	HMDB0004041
DB03704	HMDB0002059
DB03708	HMDB0001003
DB03709	HMDB0011727
DB03721	HMDB0000230
DB03721	HMDB0000773
DB03723	HMDB0006354
DB03727	HMDB0000643
DB03733	HMDB0029571
DB03740	HMDB0000212
DB03740	HMDB0000215
DB03740	HMDB0000803
DB03740	HMDB0000853
DB03740	HMDB0001129
DB03741	HMDB0002176
DB03741	HMDB0033742
DB03750	HMDB0000718
DB03751	HMDB0001328
DB03751	HMDB0006876
DB03751	HMDB0062805
DB03754	HMDB0240288
DB03756	HMDB0002183
DB03756	HMDB0062579
DB03760	HMDB0012210
DB03761	HMDB0060394
DB03765	HMDB0011692
DB03766	HMDB0000237
DB03769	HMDB0029895
DB03773	HMDB0000174
DB03773	HMDB0000849
DB03773	HMDB0003081
DB03773	HMDB0029196
DB03773	HMDB0059624
DB03773	HMDB0059625
DB03773	HMDB0124735
DB03774	HMDB0002104
DB03775	HMDB0003581
DB03779	HMDB0011668
DB03784	HMDB0002117
DB03793	HMDB0001870
DB03796	HMDB0000220
DB03798	HMDB0001202
DB03800	HMDB0001409
DB03811	HMDB0003431
DB03815	HMDB0041500
DB03817	HMDB0002362
DB03817	HMDB0006284
DB03822	HMDB0012228
DB03823	HMDB0038361
DB03823	HMDB0038365
DB03823	HMDB0141542
DB03825	HMDB0000492
DB03825	HMDB0002306
DB03829	HMDB0001271
DB03832	HMDB0000791
DB03839	HMDB0000158
DB03840	HMDB0001039
DB03840	HMDB0002111
DB03843	HMDB0001426
DB03847	HMDB0041900
DB03852	HMDB0004472
DB03854	HMDB0002322
DB03863	HMDB0033789
DB03866	HMDB0003235
DB03867	HMDB0001904
DB03868	HMDB0012710
DB03882	HMDB0000369
DB03882	HMDB0000383
DB03882	HMDB0000412
DB03882	HMDB0000458
DB03882	HMDB0000493
DB03882	HMDB0000495
DB03882	HMDB0000551
DB03882	HMDB0000554
DB03882	HMDB0060437
DB03884	HMDB0000205
DB03886	HMDB0000468
DB03886	HMDB0000633
DB03886	HMDB0000817
DB03894	HMDB0015454
DB03896	HMDB0003379
DB03896	HMDB0012282
DB03897	HMDB0002199
DB03900	HMDB0031456
DB03902	HMDB0002329
DB03904	HMDB0000294
DB03911	HMDB0000098
DB03911	HMDB0000646
DB03911	HMDB0060254
DB03912	HMDB0001416
DB03915	HMDB0006454
DB03918	HMDB0000027
DB03918	HMDB0000787
DB03918	HMDB0059658
DB03926	HMDB0000369
DB03926	HMDB0000383
DB03926	HMDB0000412
DB03926	HMDB0000458
DB03926	HMDB0000493
DB03926	HMDB0000495
DB03926	HMDB0000551
DB03926	HMDB0000554
DB03926	HMDB0060437
DB03929	HMDB0000187
DB03929	HMDB0003406
DB03929	HMDB0062263
DB03931	HMDB0001379
DB03934	HMDB0000887
DB03934	HMDB0003178
DB03934	HMDB0015532
DB03934	HMDB0037761
DB03937	HMDB0001321
DB03943	HMDB0000168
DB03943	HMDB0033780
DB03945	HMDB0001565
DB03946	HMDB0001856
DB03947	HMDB0000621
DB03947	HMDB0000751
DB03947	HMDB0001644
DB03951	HMDB0001062
DB03951	HMDB0001121
DB03951	HMDB0002817
DB03951	HMDB0062500
DB03955	HMDB0035359
DB03956	HMDB0001143
DB03956	HMDB0001498
DB03974	HMDB0000670
DB03977	HMDB0001325
DB03983	HMDB0003276
DB03989	HMDB0000122
DB03989	HMDB0000143
DB03989	HMDB0000169
DB03989	HMDB0000516
DB03989	HMDB0001151
DB03989	HMDB0003345
DB03989	HMDB0003449
DB03989	HMDB0012326
DB03989	HMDB0033704
DB03989	HMDB0061922
DB03989	HMDB0062202
DB03993	HMDB0000689
DB03994	HMDB0000149
DB03994	HMDB0062693
DB03995	HMDB0029926
DB04005	HMDB0000285
DB04008	HMDB0015532
DB04022	HMDB0059638
DB04027	HMDB0000517
DB04027	HMDB0003416
DB04027	HMDB0062762
DB04031	HMDB0001039
DB04031	HMDB0002111
DB04034	HMDB0000618
DB04034	HMDB0000868
DB04038	HMDB0000878
DB04045	HMDB0001269
DB04045	HMDB0002255
DB04045	HMDB0002310
DB04046	HMDB0029965
DB04051	HMDB0002043
DB04052	HMDB0032151
DB04062	HMDB0000174
DB04062	HMDB0000849
DB04062	HMDB0003081
DB04062	HMDB0029196
DB04062	HMDB0059624
DB04062	HMDB0059625
DB04062	HMDB0124735
DB04066	HMDB0002035
DB04066	HMDB0030677
DB04066	HMDB0128076
DB04071	HMDB0039421
DB04072	HMDB0006471
DB04074	HMDB0000019
DB04075	HMDB0001138
DB04076	HMDB0000157
DB04093	HMDB0030941
DB04099	HMDB0001179
DB04100	HMDB0001361
DB04104	HMDB0011600
DB04110	HMDB0059811
DB04113	HMDB0031702
DB04115	HMDB0003409
DB04116	HMDB0000048
DB04116	HMDB0002923
DB04116	HMDB0006792
DB04116	HMDB0038489
DB04116	HMDB0133305
DB04120	HMDB0000873
DB04122	HMDB0001078
DB04122	HMDB0001401
DB04122	HMDB0003498
DB04124	HMDB0030466
DB04127	HMDB0001548
DB04137	HMDB0001273
DB04141	HMDB0031688
DB04151	HMDB0000001
DB04153	HMDB0004662
DB04156	HMDB0000662
DB04160	HMDB0000250
DB04166	HMDB0001123
DB04167	HMDB0006029
DB04173	HMDB0125599
DB04178	HMDB0008036
DB04179	HMDB0032929
DB04183	HMDB0000202
DB04185	HMDB0013716
DB04193	HMDB0000719
DB04194	HMDB0003362
DB04200	HMDB0035698
DB04200	HMDB0035789
DB04202	HMDB0033994
DB04207	HMDB0000279
DB04207	HMDB0062698
DB04214	HMDB0060272
DB04216	HMDB0005794
DB04224	HMDB0000207
DB04224	HMDB0000573
DB04224	HMDB0062703
DB04231	HMDB0001039
DB04231	HMDB0001525
DB04231	HMDB0002111
DB04242	HMDB0000500
DB04248	HMDB0001262
DB04248	HMDB0006857
DB04248	HMDB0038852
DB04252	HMDB0000828
DB04257	HMDB0003229
DB04257	HMDB0012328
DB04261	HMDB0003551
DB04265	HMDB0000230
DB04265	HMDB0000773
DB04267	HMDB0033161
DB04272	HMDB0000094
DB04275	HMDB0001238
DB04277	HMDB0000124
DB04279	HMDB0012156
DB04284	HMDB0004827
DB04286	HMDB0000098
DB04286	HMDB0000646
DB04286	HMDB0060254
DB04293	HMDB0014590
DB04299	HMDB0000134
DB04299	HMDB0000176
DB04300	HMDB0001187
DB04304	HMDB0000565
DB04304	HMDB0000625
DB04304	HMDB0003290
DB04315	HMDB0001201
DB04325	HMDB0012275
DB04325	HMDB0060276
DB04326	HMDB0001473
DB04327	HMDB0008991
DB04327	HMDB0060501
DB04329	HMDB0034244
DB04332	HMDB0062236
DB04335	HMDB0000195
DB04335	HMDB0003040
DB04339	HMDB0029415
DB04342	HMDB0015574
DB04343	HMDB0000119
DB04348	HMDB0000036
DB04348	HMDB0000889
DB04348	HMDB0000922
DB04349	HMDB0001881
DB04349	HMDB0006213
DB04351	HMDB0000072
DB04351	HMDB0000958
DB04352	HMDB0001548
DB04364	HMDB0003243
DB04365	HMDB0030353
DB04370	HMDB0000731
DB04372	HMDB0008138
DB04377	HMDB0000355
DB04377	HMDB0059737
DB04380	HMDB0001209
DB04381	HMDB0034233
DB04382	HMDB0012327
DB04388	HMDB0002104
DB04397	HMDB0001039
DB04397	HMDB0002111
DB04398	HMDB0000190
DB04398	HMDB0001311
DB04398	HMDB0144295
DB04400	HMDB0000038
DB04401	HMDB0001252
DB04414	HMDB0001039
DB04414	HMDB0002111
DB04417	HMDB0001232
DB04417	HMDB0062627
DB04418	HMDB0000536
DB04418	HMDB0059653
DB04419	HMDB0001645
DB04422	HMDB0000742
DB04425	HMDB0002275
DB04440	HMDB0029956
DB04444	HMDB0000662
DB04445	HMDB0003625
DB04445	HMDB0012238
DB04445	HMDB0059634
DB04447	HMDB0013593
DB04454	HMDB0000452
DB04454	HMDB0000650
DB04455	HMDB0000043
DB04455	HMDB0059606
DB04456	HMDB0011620
DB04457	HMDB0001044
DB04461	HMDB0001261
DB04464	HMDB0001015
DB04465	HMDB0000055
DB04465	HMDB0000163
DB04465	HMDB0000186
DB04465	HMDB0029933
DB04465	HMDB0033368
DB04465	HMDB0037138
DB04465	HMDB0041627
DB04468	HMDB0060530
DB04473	HMDB0000174
DB04473	HMDB0000849
DB04473	HMDB0003081
DB04473	HMDB0029196
DB04473	HMDB0059624
DB04473	HMDB0059625
DB04473	HMDB0124735
DB04474	HMDB0061854
DB04481	HMDB0002994
DB04481	HMDB0004136
DB04481	HMDB0094689
DB04485	HMDB0000273
DB04485	HMDB0015394
DB04492	HMDB0000781
DB04493	HMDB0000124
DB04494	HMDB0001039
DB04494	HMDB0002111
DB04498	HMDB0012249
DB04499	HMDB0062765
DB04506	HMDB0000547
DB04506	HMDB0031146
DB04510	HMDB0000807
DB04510	HMDB0060180
DB04512	HMDB0031860
DB04515	HMDB0033789
DB04519	HMDB0000482
DB04519	HMDB0062511
DB04522	HMDB0000272
DB04522	HMDB0001721
DB04524	HMDB0001175
DB04526	HMDB0029952
DB04532	HMDB0000738
DB04537	HMDB0013318
DB04540	HMDB0000067
DB04551	HMDB0001058
DB04551	HMDB0006872
DB04551	HMDB0060444
DB04552	HMDB0015573
DB04553	HMDB0000005
DB04555	HMDB0001546
DB04557	HMDB0001043
DB04557	HMDB0060102
DB04562	HMDB0031193
DB04564	HMDB0000150
DB04566	HMDB0000175
DB04569	HMDB0041485
DB04571	HMDB0015575
DB04572	HMDB0015576
DB04573	HMDB0000153
DB04573	HMDB0000347
DB04573	HMDB0000356
DB04573	HMDB0000431
DB04574	HMDB0001425
DB04575	HMDB0015579
DB04586	HMDB0032059
DB04594	HMDB0000428
DB04619	HMDB0033910
DB04620	HMDB0062225
DB04622	HMDB0013253
DB04630	HMDB0000037
DB04650	HMDB0000030
DB04652	HMDB0001547
DB04658	HMDB0038594
DB04660	HMDB0000086
DB04661	HMDB0012318
DB04665	HMDB0001218
DB04683	HMDB0010631
DB04687	HMDB0061735
DB04688	HMDB0006406
DB04688	HMDB0062751
DB04699	HMDB0000549
DB04703	HMDB0003265
DB04704	HMDB0006283
DB04705	HMDB0006247
DB04706	HMDB0001496
DB04706	HMDB0006119
DB04706	HMDB0059592
DB04711	HMDB0015581
DB04714	HMDB0001347
DB04734	HMDB0000634
DB04734	HMDB0000749
DB04737	HMDB0034666
DB04737	HMDB0060486
DB04746	HMDB0061864
DB04781	HMDB0061927
DB04784	HMDB0032619
DB04786	HMDB0015582
DB04789	HMDB0001396
DB04794	HMDB0015583
DB04801	HMDB0003231
DB04801	HMDB0240219
DB04805	HMDB0030520
DB04816	HMDB0029752
DB04827	HMDB0031219
DB04833	HMDB0240285
DB04835	HMDB0015584
DB04837	HMDB0015585
DB04838	HMDB0015586
DB04840	HMDB0006543
DB04841	HMDB0015589
DB04842	HMDB0015590
DB04843	HMDB0015591
DB04844	HMDB0015592
DB04845	HMDB0015593
DB04861	HMDB0015594
DB04866	HMDB0031784
DB04868	HMDB0015595
DB04874	HMDB0000051
DB04874	HMDB0000492
DB04874	HMDB0002306
DB04874	HMDB0041827
DB04874	HMDB0061888
DB04876	HMDB0015596
DB04877	HMDB0015597
DB04878	HMDB0015598
DB04880	HMDB0015599
DB04890	HMDB0015600
DB04896	HMDB0015602
DB04898	HMDB0015603
DB04912	HMDB0000492
DB04912	HMDB0002306
DB04930	HMDB0015604
DB04936	HMDB0000660
DB04936	HMDB0001266
DB04936	HMDB0003418
DB04936	HMDB0062538
DB04942	HMDB0015605
DB04944	HMDB0062179
DB04948	HMDB0015606
DB04967	HMDB0015607
DB04996	HMDB0000042
DB04996	HMDB0000051
DB04996	HMDB0000492
DB04996	HMDB0002306
DB04996	HMDB0031404
DB04996	HMDB0041827
DB04996	HMDB0062716
DB05034	HMDB0042057
DB05039	HMDB0015608
DB05109	HMDB0015609
DB05197	HMDB0042013
DB05229	HMDB0000588
DB05245	HMDB0002659
DB05246	HMDB0015611
DB05260	HMDB0002878
DB05262	HMDB0000786
DB05265	HMDB0015613
DB05266	HMDB0015614
DB05271	HMDB0015615
DB05289	HMDB0014850
DB05296	HMDB0000042
DB05340	HMDB0000588
DB05351	HMDB0005008
DB05381	HMDB0000870
DB05381	HMDB0060263
DB05382	HMDB0000675
DB05389	HMDB0001039
DB05389	HMDB0001377
DB05389	HMDB0002111
DB05420	HMDB0030776
DB05428	HMDB0000042
DB05446	HMDB0004662
DB05450	HMDB0030024
DB05450	HMDB0030047
DB05450	HMDB0030048
DB05456	HMDB0008100
DB05461	HMDB0000492
DB05461	HMDB0001039
DB05461	HMDB0002111
DB05461	HMDB0002306
DB05475	HMDB0029160
DB05476	HMDB0000492
DB05476	HMDB0002306
DB05478	HMDB0240280
DB05482	HMDB0060510
DB05521	HMDB0015616
DB05549	HMDB0240280
DB05607	HMDB0000134
DB05607	HMDB0000176
DB05630	HMDB0000588
DB05630	HMDB0001039
DB05630	HMDB0002111
DB05630	HMDB0004118
DB05642	HMDB0000492
DB05642	HMDB0001039
DB05642	HMDB0002111
DB05642	HMDB0002306
DB05667	HMDB0012242
DB05668	HMDB0060691
DB05732	HMDB0000691
DB05732	HMDB0003642
DB05779	HMDB0028830
DB05790	HMDB0000492
DB05790	HMDB0002306
DB05792	HMDB0000492
DB05792	HMDB0002306
DB05804	HMDB0001032
DB05837	HMDB0000492
DB05837	HMDB0002306
DB05869	HMDB0031643
DB05956	HMDB0000492
DB05956	HMDB0002306
DB05966	HMDB0000094
DB05974	HMDB0035098
DB05993	HMDB0000492
DB05993	HMDB0002306
DB06082	HMDB0000492
DB06082	HMDB0002306
DB06144	HMDB0015618
DB06147	HMDB0015619
DB06148	HMDB0015620
DB06150	HMDB0015621
DB06151	HMDB0001890
DB06155	HMDB0015623
DB06174	HMDB0033439
DB06174	HMDB0033441
DB06196	HMDB0015624
DB06209	HMDB0015625
DB06211	HMDB0041883
DB06215	HMDB0000692
DB06215	HMDB0015531
DB06216	HMDB0000134
DB06216	HMDB0000176
DB06246	HMDB0060620
DB06253	HMDB0001451
DB06253	HMDB0014312
DB06253	HMDB0240288
DB06267	HMDB0015628
DB06268	HMDB0015629
DB06274	HMDB0015631
DB06282	HMDB0005032
DB06282	HMDB0240226
DB06287	HMDB0015632
DB06288	HMDB0015633
DB06335	HMDB0015634
DB06409	HMDB0041937
DB06413	HMDB0014883
DB06422	HMDB0061018
DB06523	HMDB0014949
DB06543	HMDB0002204
DB06543	HMDB0039128
DB06582	HMDB0015699
DB06590	HMDB0060581
DB06594	HMDB0015636
DB06616	HMDB0240205
DB06659	HMDB0000492
DB06659	HMDB0002306
DB06669	HMDB0060540
DB06678	HMDB0014514
DB06684	HMDB0015637
DB06689	HMDB0000149
DB06689	HMDB0000207
DB06689	HMDB0000573
DB06689	HMDB0062693
DB06689	HMDB0062703
DB06690	HMDB0035807
DB06691	HMDB0015639
DB06694	HMDB0015640
DB06695	HMDB0015641
DB06696	HMDB0015642
DB06697	HMDB0015643
DB06698	HMDB0015644
DB06699	HMDB0015645
DB06700	HMDB0015646
DB06700	HMDB0060532
DB06701	HMDB0014566
DB06701	HMDB0015647
DB06702	HMDB0015648
DB06703	HMDB0015649
DB06705	HMDB0000588
DB06706	HMDB0015651
DB06707	HMDB0002832
DB06707	HMDB0015652
DB06708	HMDB0015653
DB06709	HMDB0015654
DB06710	HMDB0015655
DB06711	HMDB0015656
DB06712	HMDB0015657
DB06713	HMDB0015658
DB06714	HMDB0015659
DB06715	HMDB0000586
DB06715	HMDB0012238
DB06715	HMDB0059634
DB06716	HMDB0015661
DB06717	HMDB0015662
DB06718	HMDB0003116
DB06723	HMDB0001039
DB06723	HMDB0002111
DB06724	HMDB0000464
DB06724	HMDB0000595
DB06724	HMDB0003538
DB06724	HMDB0031453
DB06728	HMDB0003012
DB06729	HMDB0015667
DB06730	HMDB0015668
DB06731	HMDB0060551
DB06735	HMDB0015020
DB06738	HMDB0041913
DB06743	HMDB0036862
DB06744	HMDB0036861
DB06745	HMDB0036860
DB06746	HMDB0029605
DB06747	HMDB0030042
DB06748	HMDB0034996
DB06749	HMDB0035892
DB06750	HMDB0035857
DB06751	HMDB0015669
DB06755	HMDB0000561
DB06755	HMDB0002935
DB06755	HMDB0112264
DB06755	HMDB0112265
DB06756	HMDB0000043
DB06756	HMDB0059606
DB06757	HMDB0001333
DB06766	HMDB0015670
DB06767	HMDB0000051
DB06767	HMDB0000492
DB06767	HMDB0002306
DB06767	HMDB0041827
DB06768	HMDB0000051
DB06768	HMDB0000190
DB06768	HMDB0001311
DB06768	HMDB0041827
DB06768	HMDB0144295
DB06770	HMDB0003119
DB06772	HMDB0015672
DB06774	HMDB0002227
DB06775	HMDB0015673
DB06775	HMDB0062795
DB06777	HMDB0000361
DB06777	HMDB0000384
DB06777	HMDB0000514
DB06777	HMDB0000518
DB06777	HMDB0000686
DB06777	HMDB0000946
DB06778	HMDB0000657
DB06778	HMDB0001448
DB06781	HMDB0015676
DB06781	HMDB0061149
DB06782	HMDB0015677
DB06783	HMDB0032287
DB06784	HMDB0000094
DB06788	HMDB0000042
DB06792	HMDB0000595
DB06792	HMDB0003538
DB06792	HMDB0031453
DB06793	HMDB0014785
DB06796	HMDB0001333
DB06799	HMDB0029598
DB06802	HMDB0015678
DB06803	HMDB0015679
DB06804	HMDB0015680
DB06809	HMDB0015681
DB06810	HMDB0015682
DB06816	HMDB0240273
DB06819	HMDB0000543
DB06842	HMDB0062483
DB06870	HMDB0004626
DB06894	HMDB0011626
DB06926	HMDB0004667
DB06926	HMDB0061708
DB06926	HMDB0112194
DB06973	HMDB0032133
DB06987	HMDB0001924
DB07060	HMDB0000671
DB07069	HMDB0006116
DB07109	HMDB0000955
DB07109	HMDB0131137
DB07111	HMDB0060049
DB07118	HMDB0059622
DB07129	HMDB0014523
DB07172	HMDB0005081
DB07172	HMDB0062408
DB07177	HMDB0002341
DB07177	HMDB0003175
DB07302	HMDB0004670
DB07302	HMDB0010223
DB07302	HMDB0062652
DB07338	HMDB0037112
DB07339	HMDB0012884
DB07352	HMDB0002124
DB07373	HMDB0003422
DB07375	HMDB0000899
DB07375	HMDB0003769
DB07381	HMDB0142137
DB07392	HMDB0041830
DB07424	HMDB0000586
DB07447	HMDB0002961
DB07447	HMDB0006770
DB07447	HMDB0062608
DB07465	HMDB0015634
DB07467	HMDB0014946
DB07496	HMDB0032066
DB07506	HMDB0012127
DB07506	HMDB0142179
DB07517	HMDB0061112
DB07518	HMDB0033373
DB07557	HMDB0003759
DB07557	HMDB0059652
DB07610	HMDB0060497
DB07645	HMDB0000792
DB07673	HMDB0133617
DB07674	HMDB0001460
DB07701	HMDB0005041
DB07702	HMDB0000153
DB07702	HMDB0000347
DB07702	HMDB0000356
DB07702	HMDB0000431
DB07705	HMDB0015259
DB07706	HMDB0000338
DB07715	HMDB0035214
DB07718	HMDB0000707
DB07726	HMDB0032062
DB07767	HMDB0000954
DB07767	HMDB0125096
DB07768	HMDB0000234
DB07768	HMDB0000628
DB07776	HMDB0003075
DB07780	HMDB0000961
DB07810	HMDB0003306
DB07814	HMDB0003559
DB07841	HMDB0004486
DB07841	HMDB0060108
DB07896	HMDB0000822
DB07907	HMDB0000711
DB07907	HMDB0002264
DB07919	HMDB0030311
DB07930	HMDB0000387
DB07930	HMDB0010728
DB07950	HMDB0000197
DB07951	HMDB0038666
DB07992	HMDB0000682
DB08046	HMDB0014455
DB08120	HMDB0000985
DB08230	HMDB0029620
DB08231	HMDB0000806
DB08264	HMDB0060335
DB08276	HMDB0000662
DB08294	HMDB0062403
DB08327	HMDB0000130
DB08398	HMDB0041008
DB08399	HMDB0004215
DB08427	HMDB0012283
DB08435	HMDB0005079
DB08472	HMDB0014615
DB08496	HMDB0001935
DB08517	HMDB0030090
DB08544	HMDB0014615
DB08587	HMDB0032616
DB08587	HMDB0034069
DB08587	HMDB0127488
DB08604	HMDB0061385
DB08645	HMDB0015156
DB08652	HMDB0029739
DB08653	HMDB0000303
DB08688	HMDB0033713
DB08689	HMDB0002012
DB08690	HMDB0006709
DB08711	HMDB0240266
DB08735	HMDB0140994
DB08736	HMDB0140994
DB08744	HMDB0033349
DB08754	HMDB0033026
DB08795	HMDB0015685
DB08796	HMDB0015686
DB08797	HMDB0015687
DB08798	HMDB0015688
DB08799	HMDB0015689
DB08800	HMDB0015690
DB08801	HMDB0015691
DB08802	HMDB0015692
DB08803	HMDB0015693
DB08804	HMDB0015694
DB08805	HMDB0061722
DB08806	HMDB0015695
DB08807	HMDB0015696
DB08808	HMDB0015697
DB08810	HMDB0015698
DB08811	HMDB0015699
DB08816	HMDB0015702
DB08819	HMDB0015704
DB08820	HMDB0015705
DB08830	HMDB0001264
DB08831	HMDB0062477
DB08833	HMDB0000874
DB08833	HMDB0000951
DB08836	HMDB0061720
DB08838	HMDB0001432
DB08839	HMDB0000259
DB08840	HMDB0003152
DB08841	HMDB0000306
DB08841	HMDB0062629
DB08842	HMDB0000201
DB08844	HMDB0000289
DB08845	HMDB0000208
DB08846	HMDB0002899
DB08847	HMDB0000725
DB08847	HMDB0036576
DB08847	HMDB0060460
DB08847	HMDB0240251
DB08855	HMDB0001198
DB08855	HMDB0005095
DB08858	HMDB0000051
DB08858	HMDB0000138
DB08858	HMDB0000331
DB08858	HMDB0000492
DB08858	HMDB0002306
DB08858	HMDB0032596
DB08858	HMDB0041827
DB08864	HMDB0061725
DB08878	HMDB0001833
DB08880	HMDB0060945
DB08887	HMDB0039530
DB08891	HMDB0014327
DB08901	HMDB0240214
DB08908	HMDB0031257
DB08913	HMDB0000492
DB08913	HMDB0002306
DB08918	HMDB0015602
DB08921	HMDB0003375
DB08921	HMDB0004321
DB08921	HMDB0032473
DB08936	HMDB0240224
DB08938	HMDB0000547
DB08938	HMDB0001039
DB08938	HMDB0001448
DB08938	HMDB0002111
DB08940	HMDB0041914
DB08956	HMDB0060407
DB08956	HMDB0062609
DB08961	HMDB0041831
DB08972	HMDB0041895
DB08995	HMDB0029548
DB09001	HMDB0015305
DB09001	HMDB0015659
DB09004	HMDB0032216
DB09007	HMDB0240223
DB09026	HMDB0015387
DB09072	HMDB0000588
DB09072	HMDB0000710
DB09086	HMDB0005809
DB09087	HMDB0000586
DB09087	HMDB0001448
DB09094	HMDB0015310
DB09094	HMDB0031452
DB09096	HMDB0032040
DB09104	HMDB0000547
DB09104	HMDB0001039
DB09104	HMDB0002111
DB09110	HMDB0003745
DB09112	HMDB0002786
DB09114	HMDB0000564
DB09116	HMDB0000464
DB09117	HMDB0032456
DB09120	HMDB0002227
DB09121	HMDB0004138
DB09125	HMDB0000094
DB09125	HMDB0000586
DB09129	HMDB0000492
DB09129	HMDB0000599
DB09129	HMDB0002306
DB09131	HMDB0000492
DB09131	HMDB0000657
DB09131	HMDB0002306
DB09132	HMDB0240289
DB09138	HMDB0001039
DB09138	HMDB0002111
DB09140	HMDB0001377
DB09145	HMDB0001039
DB09145	HMDB0002111
DB09146	HMDB0000258
DB09146	HMDB0000588
DB09146	HMDB0001039
DB09146	HMDB0002111
DB09146	HMDB0125600
DB09147	HMDB0000250
DB09152	HMDB0001371
DB09153	HMDB0000492
DB09153	HMDB0000588
DB09153	HMDB0002306
DB09154	HMDB0000094
DB09154	HMDB0000588
DB09155	HMDB0037238
DB09156	HMDB0041910
DB09157	HMDB0001967
DB09160	HMDB0001039
DB09160	HMDB0002111
DB09165	HMDB0000250
DB09166	HMDB0041890
DB09203	HMDB0004826
DB09203	HMDB0062811
DB09209	HMDB0041984
DB09212	HMDB0041920
DB09213	HMDB0001925
DB09214	HMDB0015144
DB09214	HMDB0041873
DB09216	HMDB0042043
DB09221	HMDB0015532
DB09237	HMDB0005018
DB09241	HMDB0000492
DB09241	HMDB0002306
DB09242	HMDB0041938
DB09267	HMDB0003642
DB09269	HMDB0000209
DB09270	HMDB0001072
DB09270	HMDB0002139
DB09274	HMDB0240267
DB09275	HMDB0000586
DB09275	HMDB0002196
DB09276	HMDB0000588
DB09276	HMDB0004138
DB09277	HMDB0000097
DB09277	HMDB0000492
DB09277	HMDB0002306
DB09281	HMDB0000547
DB09289	HMDB0042038
DB09293	HMDB0012238
DB09293	HMDB0059634
DB09298	HMDB0030583
DB09314	HMDB0001039
DB09314	HMDB0002111
DB09316	HMDB0000492
DB09316	HMDB0002306
DB09316	HMDB0013724
DB09320	HMDB0014859
DB09320	HMDB0015186
DB09322	HMDB0001448
DB09322	HMDB0015532
DB09325	HMDB0000588
DB09325	HMDB0000662
DB09326	HMDB0000051
DB09326	HMDB0041827
DB09327	HMDB0000300
DB09332	HMDB0000588
DB09332	HMDB0032721
DB09338	HMDB0001039
DB09338	HMDB0002111
DB09351	HMDB0014341
DB09352	HMDB0060765
DB09357	HMDB0004231
DB09380	HMDB0000588
DB09389	HMDB0014511
DB09394	HMDB0000973
DB09394	HMDB0001429
DB09394	HMDB0002105
DB09394	HMDB0002142
DB09395	HMDB0000042
DB09395	HMDB0000588
DB09398	HMDB0000662
DB09400	HMDB0003966
DB09407	HMDB0000492
DB09407	HMDB0000547
DB09407	HMDB0002306
DB09409	HMDB0000042
DB09409	HMDB0000547
DB09409	HMDB0001039
DB09409	HMDB0002111
DB09413	HMDB0000586
DB09413	HMDB0000973
DB09413	HMDB0001429
DB09413	HMDB0002105
DB09413	HMDB0002142
DB09414	HMDB0000586
DB09414	HMDB0000973
DB09414	HMDB0001429
DB09414	HMDB0002105
DB09414	HMDB0002142
DB09418	HMDB0000586
DB09419	HMDB0029942
DB09420	HMDB0012238
DB09420	HMDB0059634
DB09421	HMDB0060080
DB09449	HMDB0000588
DB09449	HMDB0000973
DB09449	HMDB0001429
DB09449	HMDB0002105
DB09449	HMDB0002142
DB09459	HMDB0029878
DB09459	HMDB0059916
DB09459	HMDB0062642
DB09460	HMDB0000588
DB09460	HMDB0000595
DB09460	HMDB0003538
DB09460	HMDB0031453
DB09462	HMDB0000131
DB09472	HMDB0000588
DB09472	HMDB0001448
DB09477	HMDB0041886
DB09479	HMDB0001327
DB09481	HMDB0000547
DB09481	HMDB0000595
DB09481	HMDB0003538
DB09481	HMDB0031453
DB09483	HMDB0000190
DB09483	HMDB0000586
DB09483	HMDB0001311
DB09483	HMDB0144295
DB09484	HMDB0000588
DB09488	HMDB0240231
DB09490	HMDB0000492
DB09490	HMDB0002306
DB09494	HMDB0003424
DB09496	HMDB0061861
DB09498	HMDB0000492
DB09498	HMDB0002306
DB09498	HMDB0003642
DB09499	HMDB0000257
DB09499	HMDB0060293
DB09501	HMDB0000051
DB09501	HMDB0000094
DB09501	HMDB0041827
DB09510	HMDB0000294
DB09512	HMDB0035659
DB09513	HMDB0000294
DB09516	HMDB0029696
DB09517	HMDB0000258
DB09517	HMDB0000565
DB09517	HMDB0000588
DB09517	HMDB0000625
DB09517	HMDB0003290
DB09517	HMDB0125600
DB09526	HMDB0002434
DB09543	HMDB0034172
DB09546	HMDB0001448
DB09555	HMDB0000134
DB09555	HMDB0000176
DB09555	HMDB0001944
DB09555	HMDB0240218
DB09561	HMDB0000126
DB09561	HMDB0000588
DB09563	HMDB0000097
DB09571	HMDB0015517
DB11056	HMDB0000492
DB11056	HMDB0002306
DB11068	HMDB0062761
DB11071	HMDB0032018
DB11072	HMDB0000662
DB11079	HMDB0001895
DB11079	HMDB0032538
DB11080	HMDB0002659
DB11080	HMDB0002878
DB11081	HMDB0000492
DB11081	HMDB0002306
DB11085	HMDB0032037
DB11090	HMDB0000586
DB11090	HMDB0002878
DB11091	HMDB0003125
DB11092	HMDB0000662
DB11093	HMDB0000094
DB11093	HMDB0000464
DB11098	HMDB0000586
DB11098	HMDB0000595
DB11098	HMDB0003538
DB11098	HMDB0031453
DB11100	HMDB0000462
DB11102	HMDB0000866
DB11107	HMDB0000586
DB11107	HMDB0029878
DB11107	HMDB0059916
DB11107	HMDB0062642
DB11110	HMDB0000094
DB11110	HMDB0000547
DB11117	HMDB0033724
DB11119	HMDB0000588
DB11119	HMDB0012238
DB11119	HMDB0059634
DB11126	HMDB0000464
DB11126	HMDB0000565
DB11126	HMDB0000625
DB11126	HMDB0003290
DB11127	HMDB0011119
DB11128	HMDB0000051
DB11128	HMDB0001039
DB11128	HMDB0002111
DB11128	HMDB0041827
DB11129	HMDB0000294
DB11129	HMDB0003125
DB11132	HMDB0035659
DB11134	HMDB0000657
DB11141	HMDB0000565
DB11141	HMDB0000625
DB11141	HMDB0001333
DB11141	HMDB0003290
DB11142	HMDB0003966
DB11150	HMDB0001448
DB11150	HMDB0004142
DB11151	HMDB0001039
DB11151	HMDB0002111
DB11153	HMDB0000586
DB11153	HMDB0001039
DB11153	HMDB0002111
DB11154	HMDB0000094
DB11154	HMDB0015532
DB11159	HMDB0000588
DB11159	HMDB0000598
DB11160	HMDB0240250
DB11168	HMDB0000464
DB11168	HMDB0000613
DB11168	HMDB0000943
DB11168	HMDB0062620
DB11171	HMDB0001039
DB11171	HMDB0001448
DB11171	HMDB0002111
DB11175	HMDB0002243
DB11175	HMDB0015532
DB11176	HMDB0002789
DB11176	HMDB0003112
DB11176	HMDB0003146
DB11176	HMDB0003240
DB11176	HMDB0035928
DB11176	HMDB0040162
DB11182	HMDB0036613
DB11183	HMDB0000588
DB11183	HMDB0033391
DB11189	HMDB0000123
DB11189	HMDB0000547
DB11190	HMDB0003828
DB11191	HMDB0000608
DB11191	HMDB0001083
DB11191	HMDB0002086
DB11191	HMDB0006903
DB11191	HMDB0012184
DB11191	HMDB0012185
DB11191	HMDB0060429
DB11192	HMDB0000613
DB11192	HMDB0000943
DB11192	HMDB0062620
DB11195	HMDB0000508
DB11195	HMDB0000568
DB11195	HMDB0001851
DB11195	HMDB0002917
DB11197	HMDB0000123
DB11197	HMDB0000574
DB11197	HMDB0000692
DB11197	HMDB0003417
DB11197	HMDB0015531
DB11200	HMDB0000123
DB11200	HMDB0000492
DB11200	HMDB0001039
DB11200	HMDB0001475
DB11200	HMDB0002111
DB11200	HMDB0002306
DB11205	HMDB0000492
DB11205	HMDB0001039
DB11205	HMDB0002111
DB11205	HMDB0002306
DB11210	HMDB0000123
DB11210	HMDB0000692
DB11210	HMDB0015531
DB11217	HMDB0029943
DB11220	HMDB0034380
DB11231	HMDB0002297
DB11231	HMDB0003000
DB11231	HMDB0035776
DB11233	HMDB0000094
DB11233	HMDB0002659
DB11235	HMDB0240222
DB11239	HMDB0001448
DB11246	HMDB0000565
DB11246	HMDB0000625
DB11246	HMDB0000657
DB11246	HMDB0003290
DB11248	HMDB0000565
DB11248	HMDB0000625
DB11248	HMDB0003290
DB11248	HMDB0015532
DB11250	HMDB0011131
DB11254	HMDB0032567
DB11255	HMDB0000599
DB11255	HMDB0002243
DB11256	HMDB0001396
DB11257	HMDB0000662
DB11259	HMDB0029676
DB11263	HMDB0030564
DB11263	HMDB0031422
DB11264	HMDB0000464
DB11264	HMDB0002520
DB11268	HMDB0059965
DB11278	HMDB0041932
DB11281	HMDB0000595
DB11281	HMDB0002196
DB11281	HMDB0003538
DB11281	HMDB0031453
DB11283	HMDB0007866
DB11283	HMDB0008010
DB11288	HMDB0034976
DB11288	HMDB0035815
DB11288	HMDB0035818
DB11288	HMDB0035819
DB11290	HMDB0000827
DB11299	HMDB0037642
DB11304	HMDB0041607
DB11309	HMDB0001448
DB11315	HMDB0014605
DB11318	HMDB0012450
DB11324	HMDB0029846
DB11326	HMDB0035731
DB11331	HMDB0010574
DB11336	HMDB0012245
DB11337	HMDB0012204
DB11340	HMDB0013111
DB11344	HMDB0003352
DB11344	HMDB0035763
DB11344	HMDB0035764
DB11344	HMDB0035765
DB11344	HMDB0041628
DB11345	HMDB0059838
DB11348	HMDB0000464
DB11348	HMDB0000973
DB11348	HMDB0001429
DB11348	HMDB0002105
DB11348	HMDB0002142
DB11359	HMDB0001398
DB11387	HMDB0029596
DB11397	HMDB0033956
DB11404	HMDB0029861
DB11410	HMDB0029745
DB11412	HMDB0033209
DB11417	HMDB0003125
DB11421	HMDB0040292
DB11428	HMDB0014771
DB11432	HMDB0030448
DB11433	HMDB0031754
DB11437	HMDB0031822
DB11446	HMDB0031812
DB11451	HMDB0031558
DB11457	HMDB0034436
DB11458	HMDB0033205
DB11460	HMDB0000256
DB11464	HMDB0033139
DB11475	HMDB0034108
DB11476	HMDB0030520
DB11478	HMDB0032702
DB11480	HMDB0032558
DB11485	HMDB0033533
DB11491	HMDB0039526
DB11493	HMDB0000588
DB11493	HMDB0003379
DB11493	HMDB0012282
DB11496	HMDB0030524
DB11520	HMDB0034229
DB11525	HMDB0000051
DB11525	HMDB0041827
DB11556	HMDB0041872
DB11558	HMDB0034168
DB11573	HMDB0000492
DB11573	HMDB0001039
DB11573	HMDB0002111
DB11573	HMDB0002306
DB11577	HMDB0037737
DB11577	HMDB0059912
DB11588	HMDB0001361
DB11590	HMDB0000588
DB11591	HMDB0240232
DB11596	HMDB0001562
DB11596	HMDB0002140
DB11596	HMDB0062757
DB11614	HMDB0240234
DB11619	HMDB0002720
DB11638	HMDB0060593
DB11638	HMDB0061088
DB11672	HMDB0002269
DB11673	HMDB0001431
DB11673	HMDB0062696
DB11674	HMDB0002209
DB11674	HMDB0130495
DB11678	HMDB0042046
DB11695	HMDB0000033
DB11710	HMDB0000699
DB11725	HMDB0240240
DB11735	HMDB0062473
DB11742	HMDB0060159
DB11749	HMDB0015191
DB11750	HMDB0015148
DB11770	HMDB0042020
DB11780	HMDB0033963
DB11783	HMDB0041907
DB11789	HMDB0000664
DB11789	HMDB0000733
DB11789	HMDB0000811
DB11807	HMDB0014795
DB11815	HMDB0029416
DB11823	HMDB0015352
DB11842	HMDB0001035
DB11846	HMDB0000562
DB11851	HMDB0240206
DB11858	HMDB0003080
DB11859	HMDB0001449
DB11859	HMDB0001455
DB11859	HMDB0001471
DB11859	HMDB0006759
DB11859	HMDB0062782
DB11868	HMDB0015333
DB11874	HMDB0002398
DB11876	HMDB0028685
DB11924	HMDB0000269
DB11937	HMDB0000715
DB12029	HMDB0003164
DB12029	HMDB0029278
DB12029	HMDB0032849
DB12029	HMDB0040690
DB12039	HMDB0001871
DB12039	HMDB0002780
DB12039	HMDB0037953
DB12039	HMDB0037954
DB12039	HMDB0127721
DB12082	HMDB0042059
DB12087	HMDB0032012
DB12091	HMDB0041899
DB12098	HMDB0014327
DB12110	HMDB0061008
DB12112	HMDB0035185
DB12116	HMDB0003153
DB12116	HMDB0041598
DB12126	HMDB0004246
DB12148	HMDB0030017
DB12153	HMDB0001413
DB12161	HMDB0015592
DB12176	HMDB0011187
DB12179	HMDB0013692
DB12190	HMDB0041892
DB12216	HMDB0030637
DB12221	HMDB0003033
DB12257	HMDB0013671
DB12278	HMDB0041999
DB12286	HMDB0015058
DB12290	HMDB0240265
DB12298	HMDB0034355
DB12305	HMDB0061002
DB12308	HMDB0001449
DB12308	HMDB0001455
DB12308	HMDB0001471
DB12308	HMDB0006759
DB12308	HMDB0062782
DB12310	HMDB0000975
DB12310	HMDB0029880
DB12313	HMDB0041882
DB12319	HMDB0041834
DB12395	HMDB0014379
DB12403	HMDB0062272
DB12418	HMDB0029723
DB12422	HMDB0005792
DB12425	HMDB0000265
DB12434	HMDB0036707
DB12444	HMDB0034365
DB12450	HMDB0033835
DB12452	HMDB0001183
DB12453	HMDB0034826
DB12480	HMDB0030094
DB12492	HMDB0041990
DB12519	HMDB0000271
DB12523	HMDB0240233
DB12528	HMDB0031105
DB12528	HMDB0051629
DB12529	HMDB0002786
DB12539	HMDB0041967
DB12582	HMDB0029377
DB12617	HMDB0041934
DB12628	HMDB0000097
DB12647	HMDB0036368
DB12650	HMDB0015171
DB12665	HMDB0030775
DB12665	HMDB0037362
DB12665	HMDB0126559
DB12672	HMDB0139407
DB12676	HMDB0001533
DB12695	HMDB0038445
DB12697	HMDB0004113
DB12697	HMDB0031466
DB12709	HMDB0031094
DB12749	HMDB0032064
DB12751	HMDB0000156
DB12751	HMDB0000744
DB12751	HMDB0031518
DB12754	HMDB0012238
DB12754	HMDB0059634
DB12770	HMDB0240216
DB12771	HMDB0005784
DB12779	HMDB0033103
DB12802	HMDB0015310
DB12802	HMDB0031452
DB12816	HMDB0035823
DB12816	HMDB0035833
DB12877	HMDB0240225
DB12881	HMDB0005785
DB12905	HMDB0062272
DB12907	HMDB0062473
DB12940	HMDB0037238
DB12942	HMDB0002928
DB12942	HMDB0040937
DB12944	HMDB0013675
DB12947	HMDB0060406
DB12961	HMDB0001085
DB12961	HMDB0005087
DB12961	HMDB0005088
DB12961	HMDB0005089
DB12961	HMDB0062409
DB12969	HMDB0029915
DB12969	HMDB0029916
DB12969	HMDB0031437
DB12969	HMDB0031449
DB12969	HMDB0034219
DB12969	HMDB0034221
DB12969	HMDB0034222
DB12969	HMDB0062564
DB12970	HMDB0062473
DB12972	HMDB0001449
DB12972	HMDB0001455
DB12972	HMDB0001471
DB12972	HMDB0006759
DB12972	HMDB0062782
DB12996	HMDB0034843
DB13009	HMDB0031769
DB13014	HMDB0034271
DB13025	HMDB0042039
DB13038	HMDB0005453
DB13044	HMDB0040723
DB13076	HMDB0013667
DB13089	HMDB0011628
DB13089	HMDB0034517
DB13089	HMDB0035788
DB13091	HMDB0042042
DB13105	HMDB0010410
DB13105	HMDB0060096
DB13108	HMDB0041923
DB13111	HMDB0040217
DB13139	HMDB0001937
DB13142	HMDB0000464
DB13142	HMDB0000565
DB13142	HMDB0000625
DB13142	HMDB0003290
DB13145	HMDB0000051
DB13145	HMDB0041827
DB13153	HMDB0036197
DB13153	HMDB0036198
DB13155	HMDB0030820
DB13156	HMDB0000195
DB13156	HMDB0003040
DB13157	HMDB0000588
DB13163	HMDB0001039
DB13163	HMDB0002111
DB13163	HMDB0035595
DB13169	HMDB0002725
DB13171	HMDB0011567
DB13171	HMDB0094684
DB13174	HMDB0032876
DB13175	HMDB0039449
DB13178	HMDB0000211
DB13178	HMDB0006088
DB13178	HMDB0034220
DB13178	HMDB0062138
DB13178	HMDB0240207
DB13178	HMDB0240208
DB13178	HMDB0240209
DB13178	HMDB0240210
DB13178	HMDB0240211
DB13179	HMDB0015448
DB13180	HMDB0000565
DB13180	HMDB0000625
DB13180	HMDB0003290
DB13182	HMDB0003312
DB13191	HMDB0001511
DB13207	HMDB0000148
DB13207	HMDB0000517
DB13207	HMDB0003339
DB13207	HMDB0003416
DB13207	HMDB0060475
DB13207	HMDB0062762
DB13209	HMDB0001039
DB13209	HMDB0002111
DB13209	HMDB0002196
DB13209	HMDB0002878
DB13210	HMDB0000588
DB13218	HMDB0000703
DB13218	HMDB0062635
DB13218	HMDB0124926
DB13220	HMDB0000191
DB13220	HMDB0000692
DB13220	HMDB0006483
DB13220	HMDB0015531
DB13220	HMDB0062186
DB13220	HMDB0062501
DB13226	HMDB0011756
DB13231	HMDB0000190
DB13231	HMDB0000464
DB13231	HMDB0001311
DB13231	HMDB0144295
DB13232	HMDB0042019
DB13236	HMDB0000588
DB13236	HMDB0001039
DB13236	HMDB0002111
DB13236	HMDB0004118
DB13236	HMDB0029845
DB13249	HMDB0000547
DB13249	HMDB0002175
DB13250	HMDB0000492
DB13250	HMDB0002306
DB13250	HMDB0038670
DB13251	HMDB0004825
DB13257	HMDB0000692
DB13257	HMDB0001448
DB13257	HMDB0015531
DB13261	HMDB0001039
DB13261	HMDB0002111
DB13264	HMDB0014561
DB13280	HMDB0000060
DB13290	HMDB0000662
DB13292	HMDB0240247
DB13305	HMDB0240238
DB13316	HMDB0041906
DB13322	HMDB0000547
DB13322	HMDB0000595
DB13322	HMDB0001039
DB13322	HMDB0002111
DB13322	HMDB0003538
DB13322	HMDB0031453
DB13323	HMDB0029593
DB13324	HMDB0042029
DB13326	HMDB0000492
DB13326	HMDB0002306
DB13329	HMDB0036648
DB13335	HMDB0041988
DB13344	HMDB0000492
DB13344	HMDB0002306
DB13344	HMDB0003625
DB13349	HMDB0240220
DB13352	HMDB0032231
DB13366	HMDB0000492
DB13366	HMDB0002306
DB13379	HMDB0000588
DB13379	HMDB0000595
DB13379	HMDB0003538
DB13379	HMDB0031453
DB13381	HMDB0000588
DB13381	HMDB0015109
DB13387	HMDB0000887
DB13387	HMDB0001039
DB13387	HMDB0002111
DB13387	HMDB0003178
DB13387	HMDB0037761
DB13388	HMDB0002878
DB13392	HMDB0000588
DB13392	HMDB0001039
DB13392	HMDB0002111
DB13402	HMDB0000532
DB13402	HMDB0060451
DB13404	HMDB0000588
DB13404	HMDB0015109
DB13420	HMDB0240235
DB13423	HMDB0001039
DB13423	HMDB0002111
DB13424	HMDB0032127
DB13438	HMDB0041998
DB13443	HMDB0001924
DB13452	HMDB0041845
DB13466	HMDB0240246
DB13470	HMDB0041850
DB13473	HMDB0000598
DB13479	HMDB0240221
DB13483	HMDB0041878
DB13486	HMDB0000547
DB13495	HMDB0013035
DB13509	HMDB0001879
DB13514	HMDB0041996
DB13515	HMDB0014477
DB13519	HMDB0002329
DB13540	HMDB0041911
DB13561	HMDB0041858
DB13568	HMDB0004437
DB13569	HMDB0000492
DB13569	HMDB0000692
DB13569	HMDB0002306
DB13569	HMDB0015531
DB13576	HMDB0001488
DB13582	HMDB0000094
DB13586	HMDB0041925
DB13587	HMDB0006036
DB13590	HMDB0000464
DB13592	HMDB0041889
DB13595	HMDB0000547
DB13595	HMDB0001039
DB13595	HMDB0002111
DB13598	HMDB0062326
DB13600	HMDB0041866
DB13612	HMDB0000294
DB13612	HMDB0000464
DB13612	HMDB0001879
DB13615	HMDB0000588
DB13615	HMDB0001039
DB13615	HMDB0002111
DB13618	HMDB0032987
DB13620	HMDB0000565
DB13620	HMDB0000586
DB13620	HMDB0000625
DB13620	HMDB0003290
DB13624	HMDB0041930
DB13626	HMDB0000123
DB13626	HMDB0001039
DB13626	HMDB0002111
DB13628	HMDB0032573
DB13636	HMDB0001927
DB13639	HMDB0000692
DB13639	HMDB0015531
DB13639	HMDB0029878
DB13639	HMDB0059916
DB13639	HMDB0062642
DB13650	HMDB0000565
DB13650	HMDB0000625
DB13650	HMDB0001039
DB13650	HMDB0002111
DB13650	HMDB0003290
DB13650	HMDB0240288
DB13653	HMDB0041918
DB13654	HMDB0001039
DB13654	HMDB0002111
DB13654	HMDB0035659
DB13666	HMDB0012238
DB13666	HMDB0059634
DB13669	HMDB0031581
DB13679	HMDB0001944
DB13679	HMDB0240218
DB13682	HMDB0041852
DB13698	HMDB0000595
DB13698	HMDB0000692
DB13698	HMDB0003538
DB13698	HMDB0015531
DB13698	HMDB0031453
DB13702	HMDB0012238
DB13702	HMDB0059634
DB13705	HMDB0000492
DB13705	HMDB0002306
DB13706	HMDB0000588
DB13707	HMDB0000588
DB13707	HMDB0029878
DB13707	HMDB0059916
DB13707	HMDB0062642
DB13710	HMDB0041928
DB13711	HMDB0240249
DB13716	HMDB0033244
DB13725	HMDB0240275
DB13732	HMDB0001039
DB13732	HMDB0002111
DB13732	HMDB0240291
DB13743	HMDB0000257
DB13743	HMDB0000588
DB13743	HMDB0001039
DB13743	HMDB0002111
DB13743	HMDB0004138
DB13743	HMDB0060293
DB13745	HMDB0002500
DB13747	HMDB0032538
DB13748	HMDB0000517
DB13748	HMDB0003416
DB13748	HMDB0062762
DB13749	HMDB0000547
DB13749	HMDB0000565
DB13749	HMDB0000625
DB13749	HMDB0001039
DB13749	HMDB0002111
DB13749	HMDB0003290
DB13751	HMDB0029843
DB13762	HMDB0005026
DB13763	HMDB0000588
DB13763	HMDB0004138
DB13765	HMDB0000492
DB13765	HMDB0002306
DB13765	HMDB0003625
DB13769	HMDB0012238
DB13769	HMDB0059634
DB13771	HMDB0000588
DB13772	HMDB0042009
DB13775	HMDB0042026
DB13780	HMDB0001039
DB13780	HMDB0002111
DB13786	HMDB0000226
DB13786	HMDB0000547
DB13789	HMDB0000042
DB13789	HMDB0029878
DB13789	HMDB0059916
DB13789	HMDB0062642
DB13800	HMDB0000464
DB13800	HMDB0000720
DB13802	HMDB0041376
DB13812	HMDB0001889
DB13818	HMDB0001039
DB13818	HMDB0002111
DB13818	HMDB0002196
DB13820	HMDB0240230
DB13823	HMDB0041989
DB13829	HMDB0000464
DB13830	HMDB0000657
DB13831	HMDB0000586
DB13840	HMDB0240229
DB13846	HMDB0240248
DB13847	HMDB0000598
DB13847	HMDB0013719
DB13854	HMDB0003073
DB13860	HMDB0001525
DB13860	HMDB0001895
DB13861	HMDB0041909
DB13862	HMDB0000547
DB13862	HMDB0000973
DB13862	HMDB0001429
DB13862	HMDB0002105
DB13862	HMDB0002142
DB13871	HMDB0059609
DB13871	HMDB0060560
DB13872	HMDB0041919
DB13875	HMDB0030310
DB13882	HMDB0029806
DB13909	HMDB0001039
DB13909	HMDB0002111
DB13909	HMDB0002196
DB13909	HMDB0005807
DB13910	HMDB0001877
DB13910	HMDB0002196
DB13911	HMDB0000588
DB13917	HMDB0032020
DB13919	HMDB0014934
DB13944	HMDB0005814
DB13962	HMDB0000464
DB13962	HMDB0000639
DB13962	HMDB0000663
DB13962	HMDB0029881
DB13966	HMDB0040392
DB13969	HMDB0000492
DB13969	HMDB0002306
DB13972	HMDB0000696
DB13972	HMDB0033951
DB13977	HMDB0000586
DB13977	HMDB0000595
DB13977	HMDB0003538
DB13977	HMDB0031453
DB13987	HMDB0000492
DB13987	HMDB0002306
DB13987	HMDB0003642
DB13995	HMDB0000094
DB13995	HMDB0000250
DB13996	HMDB0000042
DB13996	HMDB0000547
DB14001	HMDB0033685
DB14002	HMDB0034227
DB14006	HMDB0000097
DB14006	HMDB0001895
DB14008	HMDB0128581
DB14010	HMDB0002004
DB14015	HMDB0000240
DB14015	HMDB0000588
DB14015	HMDB0001033
DB14015	HMDB0034829
DB14020	HMDB0032039
DB14028	HMDB0060538
DB14037	HMDB0036670
DB14038	HMDB0000649
DB14038	HMDB0000852
DB14043	HMDB0002100
DB14048	HMDB0000588
DB14049	HMDB0002878
DB14054	HMDB0035782
DB14055	HMDB0001935
DB14063	HMDB0001850
DB14064	HMDB0012224
DB14071	HMDB0061002
DB14073	HMDB0002231
DB14073	HMDB0034296
DB14077	HMDB0000547
DB14077	HMDB0000827
DB14080	HMDB0000547
DB14080	HMDB0001890
DB14081	HMDB0036656
DB14083	HMDB0032737
DB14084	HMDB0032575
DB14086	HMDB0001871
DB14086	HMDB0002780
DB14086	HMDB0037953
DB14086	HMDB0037954
DB14086	HMDB0127721
DB14088	HMDB0001976
DB14089	HMDB0014706
DB14090	HMDB0004983
DB14092	HMDB0002084
DB14093	HMDB0000234
DB14093	HMDB0000628
DB14094	HMDB0034408
DB14098	HMDB0000608
DB14098	HMDB0006316
DB14099	HMDB0008036
DB14103	HMDB0029430
DB14104	HMDB0000673
DB14104	HMDB0006270
DB14105	HMDB0000588
DB14105	HMDB0010570
DB14109	HMDB0029943
DB14110	HMDB0031320
DB14116	HMDB0000547
DB14116	HMDB0001039
DB14116	HMDB0002111
DB14119	HMDB0004610
DB14122	HMDB0132913
DB14125	HMDB0060582
DB14126	HMDB0014445
DB14128	HMDB0000902
DB14129	HMDB0036459
DB14135	HMDB0001050
DB14135	HMDB0059650
DB14136	HMDB0059946
DB14138	HMDB0001039
DB14138	HMDB0002111
DB14138	HMDB0035659
DB14144	HMDB0001169
DB14149	HMDB0000586
DB14149	HMDB0000588
DB14149	HMDB0000827
DB14149	HMDB0011131
DB14149	HMDB0011535
DB14151	HMDB0001315
DB14151	HMDB0034790
DB14156	HMDB0059838
DB14175	HMDB0031313
DB14177	HMDB0032574
DB14180	HMDB0001448
DB14180	HMDB0002457
DB14183	HMDB0005812
DB14183	HMDB0035155
DB14184	HMDB0003441
DB14184	HMDB0032072
DB14186	HMDB0029697
DB14186	HMDB0029698
DB14187	HMDB0031739
DB14188	HMDB0005802
DB14189	HMDB0031225
DB14204	HMDB0002457
DB14205	HMDB0000608
DB14206	HMDB0000492
DB14206	HMDB0000608
DB14206	HMDB0002306
DB14208	HMDB0060579
DB14209	HMDB0060583
DB14212	HMDB0032572
DB14213	HMDB0060574
DB14217	HMDB0042005
DB14219	HMDB0033809
DB14475	HMDB0000190
DB14475	HMDB0001311
DB14475	HMDB0144295
DB14476	HMDB0001893
DB14479	HMDB0001890
DB14479	HMDB0015532
DB14481	HMDB0000464
DB14481	HMDB0000973
DB14481	HMDB0001039
DB14481	HMDB0001429
DB14481	HMDB0002105
DB14481	HMDB0002111
DB14481	HMDB0002142
DB14482	HMDB0000044
DB14482	HMDB0000588
DB14483	HMDB0000044
DB14483	HMDB0000464
DB14484	HMDB0000044
DB14484	HMDB0000547
DB14485	HMDB0000044
DB14485	HMDB0015532
DB14486	HMDB0000044
DB14486	HMDB0001406
DB14489	HMDB0000254
DB14489	HMDB0000692
DB14489	HMDB0015531
DB14490	HMDB0000044
DB14490	HMDB0000692
DB14490	HMDB0015531
DB14491	HMDB0000134
DB14491	HMDB0000176
DB14491	HMDB0000692
DB14491	HMDB0015531
DB14492	HMDB0000586
DB14493	HMDB0000123
DB14493	HMDB0015532
DB14494	HMDB0000595
DB14494	HMDB0001039
DB14494	HMDB0002111
DB14494	HMDB0003538
DB14494	HMDB0015532
DB14494	HMDB0031453
DB14496	HMDB0000588
DB14497	HMDB0000464
DB14497	HMDB0000492
DB14497	HMDB0000547
DB14497	HMDB0000595
DB14497	HMDB0001039
DB14497	HMDB0002111
DB14497	HMDB0002306
DB14497	HMDB0003538
DB14497	HMDB0031453
DB14498	HMDB0000042
DB14498	HMDB0000586
DB14501	HMDB0000123
DB14501	HMDB0000692
DB14501	HMDB0001448
DB14501	HMDB0015531
DB14502	HMDB0000588
DB14502	HMDB0000973
DB14502	HMDB0001429
DB14502	HMDB0002105
DB14502	HMDB0002142
DB14505	HMDB0000588
DB14506	HMDB0001039
DB14506	HMDB0002111
DB14506	HMDB0005949
DB14507	HMDB0000094
DB14507	HMDB0005949
DB14508	HMDB0000254
DB14508	HMDB0005949
DB14509	HMDB0000595
DB14509	HMDB0003538
DB14509	HMDB0005949
DB14509	HMDB0031453
DB14510	HMDB0000692
DB14510	HMDB0015531
DB14511	HMDB0000042
DB14514	HMDB0000547
DB14514	HMDB0000720
DB14516	HMDB0000588
DB14517	HMDB0000973
DB14517	HMDB0001429
DB14517	HMDB0002105
DB14517	HMDB0002142
DB14518	HMDB0000042
DB14520	HMDB0001039
DB14520	HMDB0002111
DB14521	HMDB0002659
DB14522	HMDB0001039
DB14522	HMDB0002111
DB14523	HMDB0000973
DB14523	HMDB0001429
DB14523	HMDB0002105
DB14523	HMDB0002142
DB14525	HMDB0000599
DB14526	HMDB0000094
DB14526	HMDB0000599
DB14527	HMDB0000599
DB14527	HMDB0002878
DB14528	HMDB0000565
DB14528	HMDB0000599
DB14528	HMDB0000625
DB14528	HMDB0003290
DB14529	HMDB0000599
DB14529	HMDB0001488
DB14530	HMDB0001448
DB14531	HMDB0000595
DB14531	HMDB0003538
DB14531	HMDB0031453
DB14532	HMDB0015532
DB14533	HMDB0000492
DB14533	HMDB0002306
DB14533	HMDB0015532
DB14534	HMDB0004138
DB14536	HMDB0003642
DB14546	HMDB0001448
DB14547	HMDB0000492
DB14547	HMDB0002306
DB14550	HMDB0000492
DB14550	HMDB0002306
DB14552	HMDB0000657
DB14555	HMDB0034664
DB14556	HMDB0031608
DB14570	HMDB0000374
DB14572	HMDB0002196
DB14573	HMDB0000973
DB14573	HMDB0001429
DB14573	HMDB0002105
DB14573	HMDB0002142
DB14575	HMDB0060676
DB14575	HMDB0060701
DB14575	HMDB0060702
DB14577	HMDB0000464
DB14598	HMDB0000464
DB14598	HMDB0000588
DB14598	HMDB0015109
DB14599	HMDB0000588
DB14599	HMDB0000657
DB14599	HMDB0015109
DB14600	HMDB0000588
DB14600	HMDB0015109
DB14622	HMDB0000588
DB14622	HMDB0000973
DB14622	HMDB0001039
DB14622	HMDB0001429
DB14622	HMDB0002105
DB14622	HMDB0002111
DB14622	HMDB0002142
DB14630	HMDB0006409
DB14638	HMDB0015684
DB14642	HMDB0001980
DB14645	HMDB0034827
DB14650	HMDB0032721
DB14665	HMDB0040397
DB14667	HMDB0060015
DB14681	HMDB0002802
DB14682	HMDB0014992
DB14682	HMDB0060552
DB14683	HMDB0000657
DB14695	HMDB0001039
DB14695	HMDB0002111
DB14704	HMDB0000508
DB14704	HMDB0000568
DB14704	HMDB0001851
DB14704	HMDB0002917
DB14706	HMDB0011761
DB14714	HMDB0061047
DB14727	HMDB0034433
DB14732	HMDB0001495
DB14750	HMDB0015273
DB14753	HMDB0240284
DB14756	HMDB0029878
DB14756	HMDB0059916
DB14756	HMDB0062642
DB14763	HMDB0060974
DB14815	HMDB0035749
DB14872	HMDB0014563
DB14933	HMDB0000855
DB14972	HMDB0031803
DB14981	HMDB0003502
DB14981	HMDB0060271
DB15016	HMDB0013670
DB15026	HMDB0062737
DB15050	HMDB0000727
DB15050	HMDB0000845
DB15050	HMDB0000877
DB15073	HMDB0029942
DB15087	HMDB0000660
DB15087	HMDB0001266
DB15087	HMDB0003418
DB15087	HMDB0062538
DB15111	HMDB0000042
DB15130	HMDB0014557
DB15136	HMDB0034950
DB15141	HMDB0015705
DB15198	HMDB0014477
DB15201	HMDB0035832
DB15236	HMDB0062489
DB15289	HMDB0003634
DB15289	HMDB0036087
DB15289	HMDB0036088
DB15318	HMDB0013715
DB15334	HMDB0002338
DB15335	HMDB0005808
DB15339	HMDB0041927
DB15344	HMDB0000754
DB15350	HMDB0000211
DB15350	HMDB0006088
DB15350	HMDB0034220
DB15350	HMDB0062138
DB15350	HMDB0240207
DB15350	HMDB0240208
DB15350	HMDB0240209
DB15350	HMDB0240210
DB15350	HMDB0240211
DB15392	HMDB0013669
DB15394	HMDB0001492
DB15398	HMDB0034781
DB15410	HMDB0015313
DB15414	HMDB0014542
DB15436	HMDB0038404
DB15458	HMDB0001645
DB15464	HMDB0013695
DB15477	HMDB0035219
DB15479	HMDB0000492
DB15479	HMDB0001039
DB15479	HMDB0002111
DB15479	HMDB0002306
DB15532	HMDB0040122
DB15533	HMDB0000464
DB15533	HMDB0001448
DB15535	HMDB0000492
DB15535	HMDB0002306
DB15536	HMDB0000492
DB15536	HMDB0002306
DB15555	HMDB0000156
DB15555	HMDB0000547
DB15555	HMDB0000744
DB15555	HMDB0031518
DB15556	HMDB0000094
DB15556	HMDB0000123
DB15556	HMDB0015532
DB15571	HMDB0010202
DB15573	HMDB0006525
DB15573	HMDB0035658
DB15574	HMDB0036559
DB15574	HMDB0036560
DB15576	HMDB0029817
DB15578	HMDB0013973
DB15579	HMDB0035220
DB15581	HMDB0036619
DB15584	HMDB0005800
DB15586	HMDB0034299
DB15587	HMDB0000586
DB15587	HMDB0001039
DB15587	HMDB0002111
DB15587	HMDB0004118
DB15588	HMDB0002395
DB15588	HMDB0038703
DB15589	HMDB0032590
DB15594	HMDB0000588
DB15598	HMDB0030776
