drugbank_id	kegg_ligand_id
DB00007	C07612
DB00035	C06944
DB00080	C12013
DB00091	C05086
DB00104	C07306
DB00114	C00018
DB00115	C00175
DB00116	C00101
DB00117	C00135
DB00117	C00768
DB00117	C06419
DB00118	C00019
DB00119	C00022
DB00120	C00079
DB00120	C02057
DB00120	C02265
DB00121	C00120
DB00122	C00114
DB00123	C00047
DB00123	C00739
DB00123	C16440
DB00125	C00062
DB00125	C00792
DB00125	C02385
DB00126	C00072
DB00127	C00750
DB00128	C00049
DB00128	C00402
DB00128	C16433
DB00129	C00077
DB00129	C00515
DB00129	C01602
DB00130	C00064
DB00130	C00303
DB00130	C00819
DB00131	C00020
DB00132	C06427
DB00133	C00065
DB00133	C00716
DB00133	C00740
DB00134	C00073
DB00134	C00855
DB00134	C01733
DB00135	C00082
DB00135	C01536
DB00135	C06420
DB00136	C01673
DB00137	C08601
DB00138	C00491
DB00138	C01420
DB00139	C00042
DB00140	C00255
DB00142	C00025
DB00142	C00217
DB00142	C00302
DB00143	C00051
DB00143	C02471
DB00145	C00037
DB00146	C01561
DB00147	C00250
DB00148	C00300
DB00149	C00123
DB00149	C01570
DB00149	C16439
DB00150	C00078
DB00150	C00525
DB00150	C00806
DB00151	C00097
DB00151	C00736
DB00151	C00793
DB00152	C00378
DB00153	C05441
DB00154	C03242
DB00155	C00327
DB00156	C00188
DB00156	C00820
DB00156	C05519
DB00156	C12317
DB00158	C00504
DB00159	C06428
DB00160	C00041
DB00160	C00133
DB00160	C01401
DB00161	C00183
DB00161	C06417
DB00161	C16436
DB00162	C00473
DB00162	C00899
DB00162	C16682
DB00162	C17276
DB00163	C02477
DB00165	C00314
DB00166	C00725
DB00166	C16241
DB00167	C00407
DB00167	C06418
DB00167	C16434
DB00169	C05443
DB00170	C05377
DB00171	C00002
DB00172	C00148
DB00172	C00763
DB00172	C16435
DB00173	C00147
DB00174	C00152
DB00174	C01905
DB00174	C16438
DB00175	C01844
DB00176	C07571
DB00179	C10719
DB00180	C07005
DB00182	C07514
DB00182	C07884
DB00184	C00745
DB00184	C16150
DB00184	C16386
DB00187	C06980
DB00189	C07833
DB00190	C06870
DB00191	C07438
DB00193	C07153
DB00194	C00212
DB00195	C06849
DB00198	C08092
DB00198	C08093
DB00199	C01912
DB00200	C00001
DB00200	C01328
DB00201	C07481
DB00202	C07546
DB00203	C07259
DB00204	C07751
DB00205	C07391
DB00206	C06539
DB00207	C06838
DB00208	C07140
DB00211	C07890
DB00212	C07465
DB00213	C11806
DB00215	C07572
DB00218	C07663
DB00218	C08054
DB00220	C07257
DB00220	C08091
DB00221	C07053
DB00222	C07669
DB00223	C14479
DB00224	C07051
DB00224	C08089
DB00225	C13106
DB00226	C07035
DB00227	C07074
DB00228	C07516
DB00231	C07125
DB00232	C07765
DB00233	C02518
DB00235	C07224
DB00235	C13595
DB00236	C07362
DB00237	C07827
DB00238	C07263
DB00239	C08074
DB00239	C08075
DB00245	C06846
DB00246	C07568
DB00247	C07199
DB00248	C08187
DB00250	C07666
DB00251	C08080
DB00252	C07443
DB00253	C14643
DB00254	C06973
DB00255	C07620
DB00257	C06922
DB00258	C00033
DB00258	C00076
DB00259	C07458
DB00260	C06682
DB00260	C08057
DB00262	C06873
DB00263	C07318
DB00264	C07202
DB00266	C00796
DB00268	C07564
DB00271	C13429
DB00273	C07502
DB00274	C08103
DB00274	C08104
DB00276	C01553
DB00277	C07130
DB00278	C04931
DB00279	C02465
DB00280	C06965
DB00280	C07740
DB00281	C07073
DB00282	C07395
DB00283	C06913
DB00285	C07187
DB00290	C06854
DB00291	C06900
DB00292	C07522
DB00293	C11372
DB00296	C07532
DB00297	C07529
DB00297	C07887
DB00299	C07417
DB00301	C11748
DB00302	C12535
DB00304	C07629
DB00305	C06681
DB00308	C07753
DB00312	C07422
DB00313	C07185
DB00316	C06804
DB00319	C07361
DB00319	C14034
DB00320	C07798
DB00321	C06824
DB00322	C11736
DB00323	C07949
DB00325	C07695
DB00327	C07042
DB00328	C01926
DB00330	C06984
DB00331	C07151
DB00332	C07052
DB00333	C07163
DB00334	C07322
DB00336	C08042
DB00339	C01956
DB00341	C07778
DB00342	C07463
DB00343	C06958
DB00344	C07408
DB00351	C08151
DB00352	C07648
DB00354	C07777
DB00356	C07931
DB00357	C07617
DB00358	C07633
DB00359	C07658
DB00360	C00272
DB00363	C06924
DB00364	C00001
DB00364	C01328
DB00365	C11368
DB00366	C19414
DB00367	C08149
DB00367	C08153
DB00368	C00547
DB00369	C06909
DB00370	C07570
DB00372	C07132
DB00373	C07141
DB00376	C07171
DB00379	C07220
DB00381	C06825
DB00382	C01453
DB00383	C07851
DB00387	C07378
DB00388	C07441
DB00389	C07615
DB00390	C06956
DB00393	C07267
DB00394	C07813
DB00395	C07927
DB00396	C00410
DB00397	C02343
DB00397	C07911
DB00397	C08300
DB00397	C16719
DB00400	C06686
DB00401	C07699
DB00404	C06817
DB00405	C06857
DB00408	C07104
DB00410	C11758
DB00414	C06806
DB00415	C06574
DB00415	C13652
DB00416	C00708
DB00416	C05590
DB00416	C07919
DB00417	C08126
DB00420	C07379
DB00421	C07310
DB00422	C07196
DB00425	C07219
DB00428	C07313
DB00429	C06872
DB00429	C07182
DB00430	C13376
DB00431	C06988
DB00431	C07075
DB00431	C15214
DB00431	C18738
DB00433	C07403
DB00433	C13524
DB00434	C06935
DB00435	C00533
DB00436	C07758
DB00438	C06889
DB00439	C07966
DB00440	C01965
DB00441	C07650
DB00443	C15643
DB00444	C11153
DB00445	C01661
DB00445	C11230
DB00446	C00918
DB00447	C08109
DB00449	C06963
DB00451	C01829
DB00451	C08212
DB00452	C01737
DB00452	C15652
DB00454	C07128
DB00456	C07761
DB00456	C08100
DB00457	C07368
DB00458	C07049
DB00458	C07982
DB00462	C01324
DB00462	C13645
DB00464	C01330
DB00465	C07062
DB00466	C09528
DB00466	C09529
DB00467	C06979
DB00468	C06526
DB00468	C06527
DB00470	C06972
DB00471	C07482
DB00473	C14172
DB00474	C07844
DB00477	C06906
DB00478	C07236
DB00478	C08094
DB00479	C06820
DB00481	C07228
DB00482	C07589
DB00483	C00708
DB00483	C05590
DB00484	C07886
DB00485	C06950
DB00485	C13756
DB00489	C07309
DB00490	C06861
DB00491	C07708
DB00492	C07016
DB00493	C06885
DB00493	C08113
DB00494	C07943
DB00495	C07210
DB00498	C07584
DB00499	C07653
DB00500	C02328
DB00500	C07149
DB00501	C06952
DB00502	C01814
DB00503	C07240
DB00504	C07069
DB00505	C07861
DB00505	C07862
DB00505	C11761
DB00509	C01829
DB00509	C08212
DB00512	C06689
DB00513	C02378
DB00514	C06947
DB00515	C00014
DB00515	C00698
DB00515	C01327
DB00515	C01342
DB00517	C01324
DB00517	C06830
DB00517	C13645
DB00518	C01779
DB00521	C06874
DB00523	C00777
DB00523	C15493
DB00526	C00209
DB00527	C07879
DB00529	C06456
DB00531	C07888
DB00533	C07590
DB00534	C00698
DB00534	C01327
DB00535	C08110
DB00537	C05349
DB00539	C08166
DB00540	C07274
DB00541	C07204
DB00541	C13974
DB00542	C06843
DB00542	C07701
DB00544	C07649
DB00545	C07410
DB00548	C08261
DB00549	C07206
DB00550	C07569
DB00551	C06808
DB00552	C02267
DB00553	C01864
DB00554	C01608
DB00557	C07045
DB00558	C08095
DB00560	C12012
DB00562	C07759
DB00563	C01937
DB00564	C06868
DB00565	C07548
DB00566	C07598
DB00567	C06895
DB00567	C08099
DB00570	C07201
DB00570	C09218
DB00570	C11626
DB00571	C07407
DB00571	C11193
DB00572	C01479
DB00572	C02046
DB00573	C02539
DB00573	C06997
DB00574	C06996
DB00576	C08050
DB00577	C07184
DB00578	C06869
DB00578	C13967
DB00581	C07064
DB00582	C07622
DB00583	C00318
DB00583	C00487
DB00583	C15025
DB00584	C06977
DB00585	C07270
DB00586	C01690
DB00590	C06970
DB00592	C07973
DB00593	C07505
DB00594	C06821
DB00595	C06624
DB00595	C13055
DB00598	C07063
DB00599	C07521
DB00600	C14244
DB00601	C08146
DB00602	C07970
DB00603	C08150
DB00604	C06910
DB00605	C01531
DB00606	C12685
DB00607	C07250
DB00607	C08124
DB00608	C07625
DB00609	C07665
DB00610	C07146
DB00611	C06863
DB00612	C06852
DB00613	C07626
DB00614	C07999
DB00615	C07235
DB00617	C07411
DB00621	C07346
DB00622	C07264
DB00623	C07010
DB00624	C00535
DB00625	C08088
DB00626	C15482
DB00627	C00253
DB00628	C06921
DB00629	C07034
DB00630	C07752
DB00633	C07450
DB00634	C08051
DB00635	C07370
DB00636	C06916
DB00637	C06832
DB00639	C08065
DB00639	C08066
DB00640	C00212
DB00644	C07607
DB00645	C07881
DB00646	C12155
DB00647	C07406
DB00649	C07312
DB00650	C03479
DB00650	C17731
DB00651	C07819
DB00652	C07421
DB00653	C00059
DB00653	C00305
DB00655	C00468
DB00656	C07156
DB00657	C07511
DB00658	C14449
DB00660	C07934
DB00661	C07188
DB00662	C07178
DB00663	C14479
DB00664	C12616
DB00665	C08164
DB00666	C07613
DB00668	C00788
DB00670	C07508
DB00671	C06881
DB00674	C08526
DB00675	C07108
DB00677	C00202
DB00678	C07072
DB00680	C07743
DB00681	C06573
DB00682	C01541
DB00683	C07524
DB00684	C00397
DB00685	C07664
DB00687	C07004
DB00688	C07908
DB00689	C13440
DB00691	C07704
DB00694	C01907
DB00695	C07017
DB00696	C07544
DB00697	C07452
DB00698	C07268
DB00700	C12512
DB00701	C08086
DB00703	C07764
DB00704	C07253
DB00705	C06941
DB00705	C08087
DB00706	C07124
DB00708	C08022
DB00709	C07065
DB00711	C07968
DB00713	C07334
DB00715	C07415
DB00716	C07255
DB00717	C05028
DB00719	C07774
DB00721	C07375
DB00721	C07894
DB00723	C07513
DB00725	C01324
DB00725	C13645
DB00726	C14029
DB00727	C07455
DB00728	C07556
DB00730	C07131
DB00732	C07548
DB00733	C07400
DB00735	C08071
DB00735	C08072
DB00736	C07324
DB00737	C07116
DB00738	C07420
DB00739	C11729
DB00739	C13980
DB00740	C07937
DB00742	C00392
DB00742	C00794
DB00742	C01489
DB00742	C01507
DB00742	C01697
DB00742	C01722
DB00747	C01851
DB00748	C06871
DB00749	C06991
DB00750	C07531
DB00752	C07155
DB00753	C07518
DB00754	C07839
DB00755	C00777
DB00755	C15493
DB00756	C08039
DB00757	C07866
DB00759	C06570
DB00761	C00238
DB00761	C00698
DB00761	C01327
DB00762	C11294
DB00762	C16641
DB00763	C07190
DB00764	C07816
DB00765	C07921
DB00766	C06662
DB00766	C11833
DB00770	C04741
DB00770	C13548
DB00771	C07853
DB00772	C07497
DB00773	C01576
DB00774	C07763
DB00775	C07965
DB00776	C07492
DB00777	C07384
DB00777	C07405
DB00778	C13173
DB00779	C05079
DB00780	C07430
DB00780	C07431
DB00782	C07506
DB00782	C11762
DB00783	C00951
DB00783	C02537
DB00784	C02168
DB00787	C06810
DB00788	C01517
DB00790	C07706
DB00790	C07707
DB00791	C11686
DB00792	C07180
DB00794	C07371
DB00795	C07316
DB00797	C07147
DB00798	C07656
DB00799	C12531
DB00800	C07693
DB00802	C08005
DB00804	C06951
DB00806	C07424
DB00807	C07383
DB00810	C07941
DB00812	C07440
DB00814	C08169
DB00815	C01330
DB00815	C11166
DB00816	C07144
DB00818	C07523
DB00819	C06805
DB00821	C18364
DB00822	C01692
DB00825	C00400
DB00825	C00553
DB00826	C08073
DB00827	C08052
DB00828	C06454
DB00828	C13964
DB00829	C06948
DB00830	C07432
DB00830	C07433
DB00831	C07168
DB00832	C07437
DB00833	C06877
DB00834	C07652
DB00835	C06857
DB00836	C07080
DB00841	C06967
DB00842	C07359
DB00844	C07251
DB00845	C06915
DB00847	C01678
DB00848	C07070
DB00848	C07906
DB00848	C11337
DB00849	C07829
DB00850	C07427
DB00850	C13540
DB00851	C06936
DB00852	C01575
DB00852	C02765
DB00854	C08014
DB00855	C00430
DB00856	C07928
DB00857	C08079
DB00859	C07418
DB00860	C07369
DB00861	C01691
DB00864	C01375
DB00865	C07538
DB00867	C07239
DB00869	C06969
DB00870	C07320
DB00871	C07129
DB00875	C11191
DB00877	C07909
DB00878	C06902
DB00879	C12599
DB00880	C07461
DB00881	C07340
DB00881	C07398
DB00882	C06917
DB00882	C08161
DB00883	C07456
DB00884	C08233
DB00888	C07115
DB00889	C07023
DB00890	C08090
DB00894	C02197
DB00895	C00047
DB00895	C00739
DB00895	C16440
DB00898	C00469
DB00899	C08021
DB00900	C06953
DB00901	C06853
DB00902	C07175
DB00904	C07325
DB00906	C07503
DB00908	C06526
DB00908	C06527
DB00909	C07504
DB00910	C08127
DB00912	C07670
DB00914	C07673
DB00915	C06818
DB00916	C07203
DB00917	C00584
DB00919	C02078
DB00919	C11619
DB00921	C08007
DB00923	C06884
DB00924	C06931
DB00925	C07435
DB00925	C07436
DB00928	C11262
DB00931	C07654
DB00931	C08029
DB00933	C07143
DB00934	C07107
DB00935	C07363
DB00936	C00805
DB00937	C06954
DB00938	C07241
DB00939	C02996
DB00939	C07117
DB00940	C07849
DB00943	C07207
DB00945	C01405
DB00948	C07221
DB00949	C07501
DB00950	C06999
DB00951	C07054
DB00952	C07792
DB00955	C07657
DB00956	C08024
DB00958	C00014
DB00958	C01342
DB00960	C07445
DB00961	C07528
DB00962	C07484
DB00964	C07668
DB00966	C07710
DB00968	C07194
DB00970	C06770
DB00972	C07768
DB00974	C00284
DB00978	C07078
DB00978	C08053
DB00979	C06932
DB00981	C06535
DB00982	C00777
DB00982	C15493
DB00983	C07805
DB00984	C08155
DB00985	C06960
DB00987	C00475
DB00987	C02961
DB00988	C03758
DB00989	C11766
DB00991	C07356
DB00993	C06837
DB00997	C01661
DB00997	C11230
DB00999	C07041
DB01000	C12766
DB01001	C11770
DB01002	C07529
DB01002	C07887
DB01003	C06928
DB01005	C07044
DB01006	C08163
DB01007	C08082
DB01008	C06862
DB01009	C01716
DB01010	C06976
DB01011	C07205
DB01015	C07315
DB01018	C07037
DB01019	C06850
DB01019	C08202
DB01020	C07714
DB01021	C07767
DB01022	C02059
DB01028	C07517
DB01029	C07469
DB01030	C11158
DB01031	C07832
DB01033	C01756
DB01033	C02380
DB01034	C12058
DB01035	C07401
DB01037	C07245
DB01041	C07910
DB01042	C07122
DB01042	C19256
DB01042	C19442
DB01043	C13736
DB01044	C07661
DB01045	C06688
DB01046	C13707
DB01050	C01588
DB01051	C05080
DB01051	C12609
DB01053	C05551
DB01054	C07713
DB01056	C07142
DB01057	C06975
DB01058	C07367
DB01059	C06687
DB01060	C06827
DB01061	C06839
DB01062	C07360
DB01064	C07056
DB01064	C11703
DB01069	C07404
DB01070	C06957
DB01071	C12755
DB01075	C06960
DB01076	C06834
DB01077	C07736
DB01080	C07500
DB01081	C07872
DB01082	C00413
DB01084	C07785
DB01085	C07474
DB01086	C07527
DB01087	C07627
DB01089	C06541
DB01091	C08067
DB01091	C12490
DB01092	C01443
DB01093	C11143
DB01094	C01709
DB01096	C07341
DB01097	C07905
DB01100	C07566
DB01101	C12650
DB01103	C07339
DB01104	C07246
DB01105	C07247
DB01108	C12580
DB01110	C08070
DB01112	C06894
DB01112	C08108
DB01113	C06533
DB01114	C06905
DB01114	C06946
DB01114	C07780
DB01114	C07783
DB01115	C07266
DB01116	C07174
DB01117	C06835
DB01118	C06823
DB01119	C06949
DB01121	C07428
DB01122	C07773
DB01123	C11181
DB01123	C11273
DB01124	C07148
DB01127	C08068
DB01127	C08069
DB01128	C08160
DB01129	C07864
DB01131	C07631
DB01132	C07675
DB01133	C08141
DB01135	C07549
DB01136	C06875
DB01137	C07321
DB01137	C07660
DB01138	C07317
DB01139	C06896
DB01139	C08101
DB01140	C06878
DB01141	C15819
DB01142	C06971
DB01143	C06819
DB01144	C07459
DB01147	C06923
DB01147	C14010
DB01148	C07809
DB01149	C07256
DB01150	C06888
DB01151	C06943
DB01154	C07846
DB01156	C06860
DB01157	C11154
DB01158	C06855
DB01159	C07515
DB01160	C00639
DB01160	C02314
DB01160	C05959
DB01160	C07182
DB01160	C12786
DB01160	C13809
DB01161	C07877
DB01162	C07127
DB01164	C00076
DB01164	C00698
DB01164	C01327
DB01164	C08130
DB01165	C07321
DB01165	C07660
DB01168	C07376
DB01168	C07402
DB01170	C07036
DB01172	C01822
DB01172	C08046
DB01173	C07935
DB01174	C07434
DB01175	C07572
DB01176	C06930
DB01179	C10871
DB01179	C10874
DB01180	C06540
DB01181	C07047
DB01182	C07381
DB01183	C07252
DB01186	C07425
DB01189	C07519
DB01190	C06914
DB01190	C13684
DB01191	C06996
DB01192	C08019
DB01193	C06803
DB01193	C07677
DB01194	C07760
DB01195	C07001
DB01196	C11228
DB01199	C07547
DB01200	C06856
DB01201	C08059
DB01202	C07841
DB01204	C11195
DB01205	C07825
DB01206	C07079
DB01208	C07662
DB01209	C08010
DB01210	C04883
DB01210	C07914
DB01210	C08228
DB01211	C06912
DB01212	C06683
DB01213	C07837
DB01214	C07915
DB01214	C13591
DB01215	C06981
DB01217	C08159
DB01218	C07634
DB01219	C06939
DB01219	C07933
DB01221	C07525
DB01221	C07843
DB01223	C07130
DB01224	C07397
DB01226	C07550
DB01227	C08012
DB01228	C06978
DB01229	C07394
DB01230	C07899
DB01231	C06961
DB01232	C12560
DB01233	C07868
DB01234	C15643
DB01235	C00355
DB01236	C07520
DB01238	C12564
DB01239	C07953
DB01241	C07020
DB01242	C06918
DB01244	C06847
DB01245	C11733
DB01246	C07172
DB01248	C11231
DB01250	C07323
DB01252	C13326
DB01253	C07543
DB01265	C00214
DB01274	C07805
DB01275	C07040
DB01282	C18365
DB01284	C06926
DB01291	C07807
DB01294	C00001
DB01294	C00805
DB01294	C01328
DB01294	C07870
DB01296	C00329
DB01296	C02262
DB01296	C03570
DB01296	C08349
DB01297	C11696
DB01299	C07630
DB01301	C12933
DB01303	C00114
DB01320	C07840
DB01321	C12662
DB01322	C07611
DB01324	C07766
DB01325	C07342
DB01326	C06879
DB01326	C13968
DB01327	C06880
DB01328	C06882
DB01328	C08105
DB01329	C06883
DB01329	C08112
DB01330	C06886
DB01330	C14007
DB01331	C06887
DB01331	C08106
DB01332	C06890
DB01332	C08118
DB01333	C06897
DB01336	C07919
DB01337	C07551
DB01338	C07554
DB01339	C07553
DB01345	C00238
DB01346	C06526
DB01346	C06527
DB01346	C07434
DB01351	C07536
DB01352	C07826
DB01354	C17725
DB01355	C11723
DB01357	C07618
DB01359	C07416
DB01364	C01575
DB01364	C02765
DB01365	C07889
DB01366	C13235
DB01369	C08032
DB01369	C08034
DB01375	C00001
DB01375	C01328
DB01377	C00305
DB01377	C12567
DB01378	C00305
DB01380	C08173
DB01384	C07413
DB01388	C07222
DB01390	C00288
DB01390	C01330
DB01390	C01353
DB01390	C12603
DB01392	C09256
DB01394	C07592
DB01396	C06955
DB01397	C00305
DB01397	C00805
DB01397	C07995
DB01400	C07258
DB01400	C08197
DB01400	C08200
DB01401	C00114
DB01401	C00305
DB01401	C00805
DB01403	C07192
DB01412	C07480
DB01413	C08111
DB01413	C12557
DB01414	C12691
DB01415	C08117
DB01416	C08114
DB01420	C08158
DB01421	C00832
DB01421	C17712
DB01424	C07539
DB01426	C06542
DB01426	C09217
DB01427	C13594
DB01428	C14285
DB01431	C12811
DB01433	C08012
DB01434	C14500
DB01435	C13244
DB01437	C07489
DB01438	C07429
DB01440	C00989
DB01440	C01991
DB01445	C08299
DB01452	C06534
DB01454	C07577
DB01466	C07537
DB01471	C14475
DB01477	C01324
DB01477	C13645
DB01479	C15376
DB01481	C15377
DB01486	C02343
DB01486	C07911
DB01486	C08300
DB01486	C16719
DB01488	C08302
DB01494	C00719
DB01494	C06899
DB01495	C06899
DB01495	C13244
DB01497	C11793
DB01501	C07871
DB01513	C15376
DB01515	C10847
DB01522	C08012
DB01524	C04295
DB01525	C10858
DB01525	C12449
DB01526	C14210
DB01530	C03051
DB01530	C03852
DB01530	C07632
DB01530	C12525
DB01536	C00280
DB01541	C14502
DB01548	C11794
DB01555	C08012
DB01556	C07559
DB01560	C08301
DB01561	C00674
DB01561	C03772
DB01563	C06899
DB01564	C14475
DB01565	C11782
DB01574	C00001
DB01574	C00305
DB01574	C01328
DB01575	C00001
DB01575	C01328
DB01576	C07514
DB01576	C07884
DB01577	C07164
DB01579	C07904
DB01582	C19530
DB01583	C01330
DB01583	C01829
DB01583	C02465
DB01583	C08212
DB01586	C02528
DB01586	C07880
DB01586	C17660
DB01586	C17662
DB01586	C17664
DB01588	C07366
DB01589	C07336
DB01592	C00023
DB01595	C07487
DB01597	C01675
DB01598	C06665
DB01599	C07373
DB01601	C12871
DB01602	C08122
DB01602	C08123
DB01603	C07177
DB01603	C13973
DB01604	C11750
DB01606	C07771
DB01607	C07139
DB01607	C14021
DB01611	C07043
DB01618	C07230
DB01619	C07790
DB01620	C12574
DB01625	C07055
DB01626	C07414
DB01627	C06812
DB01627	C14002
DB01628	C11718
DB01629	C16633
DB01632	C00119
DB01638	C00392
DB01638	C00794
DB01638	C01489
DB01638	C01507
DB01638	C01697
DB01638	C01722
DB01642	C03619
DB01643	C00364
DB01645	C06563
DB01646	C02712
DB01650	C01772
DB01650	C05838
DB01652	C02949
DB01655	C00345
DB01661	C02739
DB01669	C11299
DB01671	C00001
DB01671	C00985
DB01671	C01328
DB01671	C03444
DB01672	C00196
DB01673	C01212
DB01675	C03460
DB01676	C16391
DB01677	C00122
DB01677	C01384
DB01683	C11308
DB01686	C03626
DB01687	C00185
DB01687	C00208
DB01687	C00243
DB01687	C00897
DB01687	C01970
DB01687	C01971
DB01687	C02964
DB01687	C06421
DB01687	C06422
DB01688	C01468
DB01690	C06197
DB01692	C00265
DB01692	C00950
DB01694	C00552
DB01694	C00898
DB01694	C02107
DB01697	C00420
DB01697	C00551
DB01697	C01835
DB01697	C06219
DB01698	C05625
DB01700	C04677
DB01701	C19034
DB01702	C01161
DB01703	C00023
DB01708	C01227
DB01709	C00631
DB01713	C00190
DB01713	C00935
DB01714	C02728
DB01715	C01037
DB01717	C04058
DB01726	C01987
DB01727	C00311
DB01727	C00451
DB01727	C04617
DB01729	C01243
DB01729	C01245
DB01733	C19156
DB01735	C02634
DB01735	C02635
DB01738	C00346
DB01739	C00407
DB01739	C06418
DB01739	C16434
DB01744	C00808
DB01744	C00809
DB01744	C18369
DB01746	C00123
DB01746	C01570
DB01746	C16439
DB01747	C14819
DB01750	C13014
DB01750	C18534
DB01752	C00021
DB01756	C03393
DB01758	C02515
DB01759	C14516
DB01762	C00164
DB01764	C08033
DB01764	C08034
DB01774	C00498
DB01774	C06192
DB01775	C00184
DB01776	C01467
DB01779	C02979
DB01779	C12935
DB01783	C00864
DB01785	C00235
DB01786	C00041
DB01786	C00133
DB01786	C01401
DB01794	C00305
DB01794	C05924
DB01795	C16200
DB01796	C03722
DB01811	C05578
DB01812	C00054
DB01816	C02256
DB01819	C00074
DB01822	C01119
DB01822	C06484
DB01828	C00218
DB01833	C00308
DB01837	C00979
DB01839	C00583
DB01839	C02912
DB01839	C02917
DB01844	C03134
DB01849	C00429
DB01852	C05903
DB01853	C00305
DB01853	C11242
DB01856	C02656
DB01857	C03082
DB01859	C11436
DB01861	C00029
DB01861	C00052
DB01863	C01272
DB01864	C01806
DB01872	C03953
DB01872	C16265
DB01873	C12039
DB01874	C00783
DB01878	C06354
DB01880	C01197
DB01880	C01481
DB01885	C00198
DB01885	C02669
DB01885	C02692
DB01892	C07608
DB01909	C13548
DB01912	C00698
DB01912	C01327
DB01914	C01662
DB01917	C00134
DB01917	C02896
DB01923	C00199
DB01923	C00231
DB01923	C01101
DB01923	C03291
DB01930	C00522
DB01936	C00121
DB01936	C01510
DB01936	C06115
DB01936	C16639
DB01941	C15640
DB01942	C00058
DB01956	C00245
DB01957	C14270
DB01961	C05822
DB01962	C06501
DB01971	C00785
DB01972	C00144
DB01979	C03619
DB01982	C00191
DB01982	C00333
DB01982	C02024
DB01982	C06472
DB01982	C06477
DB01982	C08348
DB01982	C08350
DB01987	C00068
DB01990	C18043
DB01992	C00010
DB02007	C00092
DB02007	C00275
DB02007	C00668
DB02007	C01113
DB02007	C01172
DB02007	C02962
DB02007	C02965
DB02007	C03735
DB02010	C02079
DB02013	C00001
DB02013	C00023
DB02013	C01328
DB02015	C00415
DB02022	C01279
DB02024	C05629
DB02025	C05556
DB02030	C04778
DB02031	C00101
DB02034	C10173
DB02053	C01112
DB02053	C06814
DB02056	C00696
DB02057	C13672
DB02059	C00301
DB02060	C00414
DB02061	C00185
DB02061	C00208
DB02061	C00243
DB02061	C00897
DB02061	C01970
DB02061	C01971
DB02061	C02964
DB02061	C06421
DB02061	C06422
DB02068	C00431
DB02070	C00328
DB02070	C01718
DB02073	C00500
DB02074	C01771
DB02076	C00345
DB02083	C01026
DB02085	C01234
DB02092	C15441
DB02095	C11129
DB02097	C00475
DB02097	C02961
DB02098	C03850
DB02100	C03619
DB02115	C10216
DB02119	C01300
DB02123	C05466
DB02129	C00337
DB02130	C06672
DB02133	C00305
DB02134	C00385
DB02137	C05924
DB02142	C00647
DB02144	C13888
DB02145	C06142
DB02153	C00606
DB02156	C05528
DB02159	C00583
DB02159	C02912
DB02159	C02917
DB02161	C07814
DB02163	C18993
DB02165	C00001
DB02165	C01328
DB02169	C01945
DB02172	C10143
DB02174	C00064
DB02174	C00303
DB02174	C00819
DB02175	C00383
DB02175	C02028
DB02175	C04025
DB02176	C00033
DB02176	C00703
DB02178	C00601
DB02180	C02593
DB02181	C00286
DB02184	C00265
DB02184	C00950
DB02185	C04720
DB02186	C04132
DB02186	C04255
DB02187	C14392
DB02190	C05379
DB02192	C05853
DB02196	C00043
DB02196	C00203
DB02196	C01170
DB02201	C00383
DB02201	C02028
DB02201	C04025
DB02203	C02659
DB02205	C09267
DB02209	C00627
DB02224	C01617
DB02224	C12316
DB02232	C00090
DB02232	C15571
DB02235	C02989
DB02235	C15998
DB02235	C15999
DB02236	C03838
DB02238	C01180
DB02249	C14687
DB02251	C02730
DB02256	C00526
DB02262	C00295
DB02263	C00118
DB02263	C00661
DB02264	C03126
DB02266	C13038
DB02267	C03406
DB02272	C00931
DB02274	C01092
DB02279	C02137
DB02280	C01983
DB02280	C01984
DB02282	C00170
DB02285	C02191
DB02289	C00872
DB02296	C07328
DB02304	C05954
DB02312	C00092
DB02312	C00275
DB02312	C00668
DB02312	C01113
DB02312	C01172
DB02312	C02962
DB02312	C02965
DB02312	C03735
DB02314	C00692
DB02315	C00942
DB02317	C00103
DB02317	C00446
DB02317	C00636
DB02317	C00663
DB02317	C01002
DB02317	C01171
DB02317	C03384
DB02317	C15924
DB02317	C15926
DB02321	C03539
DB02325	C01845
DB02332	C00016
DB02333	C00460
DB02334	C11499
DB02334	C11537
DB02334	C16069
DB02338	C00005
DB02342	C05302
DB02345	C05688
DB02362	C00568
DB02365	C00604
DB02368	C15532
DB02371	C05353
DB02373	C00001
DB02373	C01328
DB02375	C10107
DB02377	C00242
DB02379	C00031
DB02379	C00124
DB02379	C00159
DB02379	C00221
DB02379	C00267
DB02379	C00737
DB02379	C00738
DB02379	C00936
DB02379	C00962
DB02379	C00984
DB02379	C01487
DB02379	C01582
DB02379	C01825
DB02379	C02209
DB02379	C06464
DB02379	C06465
DB02379	C06466
DB02379	C06467
DB02379	C15923
DB02379	C17207
DB02380	C05512
DB02382	C01185
DB02383	C01621
DB02385	C05926
DB02403	C11010
DB02406	C00803
DB02417	C14454
DB02418	C03044
DB02418	C03046
DB02421	C00029
DB02421	C00052
DB02424	C11222
DB02428	C06325
DB02430	C00689
DB02431	C00063
DB02448	C17076
DB02452	C00459
DB02453	C00001
DB02453	C01328
DB02456	C00055
DB02458	C11175
DB02464	C15562
DB02467	C02989
DB02467	C15998
DB02467	C15999
DB02470	C07836
DB02475	C06656
DB02481	C15561
DB02482	C12147
DB02484	C00513
DB02485	C00128
DB02494	C05607
DB02496	C11437
DB02501	C03296
DB02507	C01541
DB02509	C01126
DB02509	C03220
DB02509	C06081
DB02513	C09908
DB02515	C00093
DB02515	C00623
DB02515	C03189
DB02517	C00025
DB02517	C00217
DB02517	C00302
DB02520	C19150
DB02521	C18012
DB02522	C02798
DB02527	C00575
DB02530	C00334
DB02531	C02632
DB02536	C00577
DB02536	C02154
DB02536	C02426
DB02543	C05942
DB02545	C15649
DB02547	C00325
DB02547	C02977
DB02547	C03117
DB02547	C05386
DB02548	C00644
DB02548	C01096
DB02548	C02810
DB02548	C06311
DB02552	C00341
DB02552	C02569
DB02552	C04093
DB02552	C05847
DB02554	C11521
DB02556	C00079
DB02556	C02057
DB02556	C02265
DB02557	C00563
DB02561	C00247
DB02561	C00764
DB02561	C00795
DB02561	C05003
DB02561	C06468
DB02561	C08356
DB02562	C00268
DB02563	C05270
DB02571	C04076
DB02576	C03194
DB02576	C05771
DB02579	C00511
DB02579	C19501
DB02587	C09076
DB02590	C03348
DB02590	C06471
DB02591	C03114
DB02594	C00881
DB02596	C13740
DB02601	C03493
DB02601	C12323
DB02604	C06369
DB02609	C06055
DB02624	C02926
DB02626	C00023
DB02630	C01068
DB02630	C02895
DB02630	C03509
DB02632	C04452
DB02637	C00036
DB02640	C09668
DB02648	C00318
DB02648	C00487
DB02648	C15025
DB02649	C04131
DB02650	C14866
DB02655	C00049
DB02655	C00402
DB02655	C16433
DB02656	C15195
DB02657	C00352
DB02657	C06377
DB02659	C00695
DB02659	C01558
DB02659	C04661
DB02659	C17644
DB02659	C17737
DB02663	C04650
DB02663	C05042
DB02665	C07155
DB02678	C00329
DB02678	C02262
DB02678	C03570
DB02678	C08349
DB02679	C01566
DB02688	C02218
DB02691	C01921
DB02693	C01119
DB02693	C06484
DB02699	C16683
DB02701	C00153
DB02709	C03582
DB02710	C04204
DB02714	C01368
DB02717	C01810
DB02717	C02013
DB02717	C02052
DB02724	C14819
DB02726	C00988
DB02731	C08171
DB02736	C06244
DB02740	C11284
DB02743	C00185
DB02743	C00208
DB02743	C00243
DB02743	C00897
DB02743	C01970
DB02743	C01971
DB02743	C02964
DB02743	C06421
DB02743	C06422
DB02745	C00299
DB02745	C16745
DB02746	C01606
DB02750	C00097
DB02750	C00736
DB02750	C00793
DB02751	C00581
DB02756	C18487
DB02757	C00481
DB02761	C01962
DB02772	C00089
DB02772	C04219
DB02772	C18068
DB02774	C02457
DB02788	C00466
DB02788	C00810
DB02788	C01769
DB02789	C01953
DB02793	C00885
DB02795	C02519
DB02805	C01368
DB02813	C03776
DB02817	C03448
DB02821	C08270
DB02823	C05682
DB02831	C00009
DB02835	C00660
DB02835	C01231
DB02835	C03693
DB02838	C03564
DB02843	C00103
DB02843	C00446
DB02843	C00636
DB02843	C00663
DB02843	C01002
DB02843	C01171
DB02843	C03384
DB02843	C15924
DB02843	C15926
DB02852	C13732
DB02853	C00148
DB02853	C00763
DB02853	C16435
DB02854	C00523
DB02854	C04373
DB02854	C07635
DB02857	C00387
DB02859	C11300
DB02860	C05370
DB02867	C00103
DB02867	C00446
DB02867	C00636
DB02867	C00663
DB02867	C01002
DB02867	C01171
DB02867	C03384
DB02867	C15924
DB02867	C15926
DB02877	C15634
DB02891	C18492
DB02893	C00073
DB02893	C00855
DB02893	C01733
DB02897	C00227
DB02900	C00092
DB02900	C00275
DB02900	C00668
DB02900	C01113
DB02900	C01172
DB02900	C02962
DB02900	C02965
DB02900	C03735
DB02901	C03917
DB02901	C05293
DB02902	C00053
DB02910	C01944
DB02912	C00100
DB02923	C02526
DB02924	C07271
DB02924	C19081
DB02930	C13742
DB02932	C08160
DB02938	C17714
DB02942	C04062
DB02945	C00191
DB02945	C00333
DB02945	C02024
DB02945	C06472
DB02945	C06477
DB02945	C08348
DB02945	C08350
DB02946	C10932
DB02951	C00168
DB02952	C03665
DB02955	C08365
DB02957	C01103
DB02958	C05708
DB02959	C00643
DB02959	C01017
DB02962	C02009
DB02967	C02441
DB02969	C04294
DB02975	C12068
DB02982	C16873
DB02994	C07308
DB02995	C00571
DB02998	C14257
DB02999	C08296
DB03007	C01226
DB03007	C13816
DB03010	C12154
DB03013	C01674
DB03015	C04583
DB03017	C02679
DB03025	C14272
DB03032	C11302
DB03034	C07321
DB03034	C07660
DB03040	C14695
DB03041	C00167
DB03041	C00617
DB03041	C02330
DB03054	C14707
DB03057	C19440
DB03059	C00332
DB03066	C00186
DB03066	C00256
DB03066	C01432
DB03074	C15996
DB03085	C00160
DB03085	C03547
DB03088	C01879
DB03088	C02237
DB03091	C16673
DB03101	C00620
DB03103	C00363
DB03106	C00137
DB03106	C06152
DB03106	C06153
DB03107	C00099
DB03108	C03393
DB03109	C00140
DB03109	C00645
DB03109	C01132
DB03109	C02711
DB03109	C03136
DB03109	C03878
DB03109	C05021
DB03110	C14219
DB03111	C03783
DB03111	C06156
DB03120	C06677
DB03125	C01965
DB03127	C01784
DB03128	C01996
DB03142	C00121
DB03142	C01510
DB03142	C06115
DB03142	C16639
DB03143	C14696
DB03144	C05933
DB03145	C04327
DB03147	C00016
DB03151	C00070
DB03151	C00087
DB03156	C00191
DB03156	C00333
DB03156	C02024
DB03156	C06472
DB03156	C06477
DB03156	C08348
DB03156	C08350
DB03158	C01220
DB03163	C11497
DB03166	C00033
DB03169	C00356
DB03170	C00882
DB03171	C04229
DB03174	C03167
DB03175	C05979
DB03189	C00070
DB03192	C05264
DB03201	C00097
DB03201	C00736
DB03201	C00793
DB03203	C00319
DB03205	C00113
DB03206	C10141
DB03206	C16843
DB03208	C04576
DB03209	C15997
DB03215	C17366
DB03222	C00131
DB03225	C00078
DB03225	C00525
DB03225	C00806
DB03227	C00455
DB03229	C00233
DB03232	C05810
DB03237	C00679
DB03237	C03921
DB03246	C00121
DB03246	C01510
DB03246	C06115
DB03246	C16639
DB03247	C00061
DB03252	C00047
DB03252	C00739
DB03252	C16440
DB03255	C00146
DB03255	C15584
DB03256	C03479
DB03256	C17731
DB03258	C00458
DB03264	C01832
DB03266	C12518
DB03277	C00420
DB03277	C00551
DB03277	C01835
DB03277	C06219
DB03278	C00503
DB03278	C16884
DB03283	C00507
DB03283	C01018
DB03283	C01019
DB03283	C01684
DB03283	C02095
DB03283	C02338
DB03283	C02476
DB03283	C02522
DB03283	C08352
DB03285	C08650
DB03292	C05672
DB03295	C05730
DB03298	C02734
DB03302	C18611
DB03304	C16675
DB03310	C00127
DB03313	C00916
DB03315	C06193
DB03316	C14440
DB03317	C14818
DB03319	C13733
DB03320	C03401
DB03320	C06393
DB03322	C07407
DB03322	C11193
DB03323	C00185
DB03323	C00208
DB03323	C00243
DB03323	C00897
DB03323	C01970
DB03323	C01971
DB03323	C02964
DB03323	C06421
DB03323	C06422
DB03328	C00283
DB03344	C01284
DB03344	C04563
DB03344	C04579
DB03344	C15990
DB03344	C15991
DB03345	C00928
DB03346	C14194
DB03348	C09866
DB03350	C00014
DB03350	C01342
DB03357	C01983
DB03357	C01984
DB03366	C01589
DB03374	C01060
DB03381	C00517
DB03385	C19262
DB03389	C00181
DB03389	C00216
DB03389	C00259
DB03389	C00476
DB03389	C01394
DB03389	C01508
DB03389	C02096
DB03389	C02204
DB03389	C02205
DB03389	C02479
DB03389	C02604
DB03389	C08353
DB03397	C00043
DB03397	C00203
DB03397	C01170
DB03401	C01243
DB03401	C01245
DB03403	C00055
DB03407	C02235
DB03408	C00669
DB03413	C01346
DB03416	C01081
DB03419	C00106
DB03423	C05692
DB03424	C00732
DB03425	C06234
DB03430	C00650
DB03430	C03742
DB03432	C01205
DB03432	C03284
DB03432	C05145
DB03435	C00015
DB03443	C00038
DB03454	C02923
DB03460	C08614
DB03460	C13433
DB03461	C00006
DB03462	C00178
DB03467	C00509
DB03470	C02090
DB03473	C03153
DB03481	C04377
DB03484	C01233
DB03485	C00507
DB03485	C01018
DB03485	C01019
DB03485	C01684
DB03485	C02095
DB03485	C02338
DB03485	C02476
DB03485	C02522
DB03485	C08352
DB03489	C00204
DB03489	C01216
DB03491	C00361
DB03497	C02703
DB03499	C00149
DB03499	C00497
DB03499	C00711
DB03499	C03668
DB03501	C00029
DB03501	C00052
DB03511	C00191
DB03511	C00333
DB03511	C02024
DB03511	C06472
DB03511	C06477
DB03511	C08348
DB03511	C08350
DB03512	C00001
DB03512	C01328
DB03514	C17883
DB03515	C14303
DB03517	C03173
DB03518	C00418
DB03518	C02104
DB03528	C00212
DB03541	C11737
DB03542	C01177
DB03542	C03546
DB03542	C04006
DB03542	C06155
DB03550	C05557
DB03550	C06564
DB03553	C00489
DB03559	C11519
DB03560	C00633
DB03566	C00315
DB03567	C00140
DB03567	C00645
DB03567	C01132
DB03567	C02711
DB03567	C03136
DB03567	C03878
DB03567	C05021
DB03568	C00246
DB03574	C00023
DB03575	C07575
DB03581	C03251
DB03582	C03415
DB03585	C19494
DB03587	C00546
DB03589	C00830
DB03590	C00666
DB03590	C00680
DB03593	C03998
DB03600	C01571
DB03601	C09762
DB03603	C00767
DB03603	C00818
DB03603	C00879
DB03603	C01807
DB03608	C18388
DB03612	C01144
DB03612	C03561
DB03612	C05116
DB03614	C00175
DB03615	C01759
DB03615	C17584
DB03618	C00611
DB03619	C04483
DB03619	C11171
DB03619	C17646
DB03619	C17687
DB03640	C03961
DB03640	C11511
DB03644	C00632
DB03646	C13863
DB03652	C00191
DB03652	C00333
DB03652	C02024
DB03652	C06472
DB03652	C06477
DB03652	C08348
DB03652	C08350
DB03656	C10962
DB03661	C00506
DB03675	C04104
DB03675	C06007
DB03680	C02287
DB03685	C00105
DB03687	C11435
DB03688	C01013
DB03696	C01724
DB03696	C08624
DB03699	C00091
DB03700	C00188
DB03700	C00820
DB03700	C05519
DB03700	C12317
DB03703	C00854
DB03704	C08317
DB03708	C00224
DB03720	C17234
DB03721	C00270
DB03723	C03187
DB03723	C03319
DB03723	C07277
DB03723	C11912
DB03725	C06500
DB03726	C05325
DB03727	C05769
DB03728	C02370
DB03733	C06752
DB03740	C00140
DB03740	C00645
DB03740	C01132
DB03740	C02711
DB03740	C03136
DB03740	C03878
DB03740	C05021
DB03741	C18319
DB03745	C01068
DB03745	C02895
DB03745	C03509
DB03750	C08262
DB03751	C00842
DB03751	C02097
DB03754	C07182
DB03756	C06429
DB03760	C02147
DB03761	C04242
DB03765	C03104
DB03766	C00163
DB03773	C00507
DB03773	C01018
DB03773	C01019
DB03773	C01684
DB03773	C02095
DB03773	C02338
DB03773	C02476
DB03773	C02522
DB03773	C08352
DB03774	C01165
DB03775	C01909
DB03777	C11238
DB03779	C15658
DB03781	C18716
DB03783	C07591
DB03791	C15631
DB03793	C00180
DB03793	C00539
DB03795	C00966
DB03796	C00249
DB03798	C00239
DB03800	C00365
DB03811	C00860
DB03817	C03283
DB03819	C11343
DB03823	C12127
DB03823	C12136
DB03825	C00698
DB03825	C01327
DB03825	C11177
DB03829	C01168
DB03832	C02838
DB03839	C00082
DB03839	C01536
DB03839	C06420
DB03840	C00001
DB03840	C01328
DB03843	C00067
DB03852	C09844
DB03854	C01672
DB03856	C07997
DB03859	C08193
DB03860	C14758
DB03866	C05956
DB03868	C00944
DB03882	C03051
DB03882	C03852
DB03882	C07632
DB03882	C12525
DB03884	C00166
DB03886	C06313
DB03887	C04378
DB03895	C18367
DB03896	C00404
DB03896	C00536
DB03896	C02174
DB03897	C01744
DB03902	C00209
DB03904	C00086
DB03909	C13741
DB03911	C00181
DB03911	C00216
DB03911	C00259
DB03911	C00476
DB03911	C01394
DB03911	C01508
DB03911	C02096
DB03911	C02204
DB03911	C02205
DB03911	C02479
DB03911	C02604
DB03911	C08353
DB03912	C01134
DB03913	C00876
DB03915	C03214
DB03915	C03508
DB03918	C00272
DB03923	C12203
DB03926	C03051
DB03926	C03852
DB03926	C07632
DB03926	C12525
DB03929	C00065
DB03929	C00716
DB03929	C00740
DB03933	C11442
DB03934	C00038
DB03934	C03184
DB03935	C03126
DB03937	C00279
DB03937	C03109
DB03938	C06565
DB03940	C01444
DB03941	C14698
DB03943	C00152
DB03943	C01905
DB03943	C16438
DB03945	C00588
DB03946	C00230
DB03947	C05052
DB03951	C00357
DB03951	C04257
DB03951	C06376
DB03955	C10141
DB03955	C16843
DB03956	C01243
DB03956	C01245
DB03959	C03789
DB03961	C11453
DB03966	C12032
DB03974	C01924
DB03977	C03793
DB03980	C14316
DB03983	C00283
DB03983	C05924
DB03988	C01930
DB03989	C00031
DB03989	C00124
DB03989	C00159
DB03989	C00221
DB03989	C00267
DB03989	C00737
DB03989	C00738
DB03989	C00936
DB03989	C00962
DB03989	C00984
DB03989	C01487
DB03989	C01582
DB03989	C01825
DB03989	C02209
DB03989	C06464
DB03989	C06465
DB03989	C06466
DB03989	C06467
DB03989	C15923
DB03989	C17207
DB03991	C04580
DB03994	C00189
DB03995	C13183
DB03997	C01100
DB04005	C00075
DB04008	C00038
DB04017	C11685
DB04022	C01228
DB04023	C00976
DB04026	C00729
DB04026	C02066
DB04027	C00062
DB04027	C00792
DB04027	C02385
DB04028	C03348
DB04028	C06471
DB04031	C00001
DB04031	C01328
DB04034	C00199
DB04034	C00231
DB04034	C01101
DB04034	C03291
DB04038	C01694
DB04045	C00683
DB04045	C01213
DB04045	C02557
DB04046	C03619
DB04049	C15038
DB04062	C00507
DB04062	C01018
DB04062	C01019
DB04062	C01684
DB04062	C02095
DB04062	C02338
DB04062	C02476
DB04062	C02522
DB04062	C08352
DB04066	C00811
DB04066	C06738
DB04070	C03240
DB04072	C04593
DB04074	C00141
DB04075	C00624
DB04076	C00262
DB04099	C00857
DB04100	C00237
DB04100	C00604
DB04104	C00913
DB04111	C15711
DB04115	C00757
DB04115	C12679
DB04116	C00252
DB04116	C01728
DB04116	C05400
DB04116	C05402
DB04116	C08240
DB04120	C06730
DB04122	C00092
DB04122	C00275
DB04122	C00668
DB04122	C01113
DB04122	C01172
DB04122	C02962
DB04122	C02965
DB04122	C03735
DB04127	C00117
DB04127	C03736
DB04132	C02886
DB04137	C00044
DB04143	C03506
DB04153	C14180
DB04156	C00742
DB04156	C16487
DB04160	C00013
DB04166	C00108
DB04168	C13127
DB04171	C03571
DB04173	C00095
DB04173	C01719
DB04173	C02336
DB04179	C14512
DB04183	C02170
DB04185	C01799
DB04185	C01826
DB04189	C06655
DB04193	C00263
DB04196	C07582
DB04200	C10682
DB04202	C12125
DB04207	C00449
DB04214	C03360
DB04216	C00389
DB04223	C03417
DB04224	C00712
DB04224	C01712
DB04228	C12026
DB04231	C00001
DB04231	C01328
DB04231	C01589
DB04242	C00156
DB04248	C00420
DB04248	C00551
DB04248	C01835
DB04248	C06219
DB04252	C00438
DB04257	C08362
DB04261	C01563
DB04263	C17703
DB04265	C00270
DB04272	C00158
DB04274	C14290
DB04275	C00978
DB04279	C04411
DB04284	C10172
DB04286	C00181
DB04286	C00216
DB04286	C00259
DB04286	C00476
DB04286	C01394
DB04286	C01508
DB04286	C02096
DB04286	C02204
DB04286	C02205
DB04286	C02479
DB04286	C02604
DB04286	C08353
DB04291	C03493
DB04291	C12323
DB04293	C08109
DB04296	C05825
DB04299	C00122
DB04299	C01384
DB04300	C04477
DB04302	C11165
DB04304	C00257
DB04304	C00514
DB04304	C00770
DB04304	C00800
DB04304	C00817
DB04304	C00880
DB04304	C15930
DB04308	C03493
DB04308	C12323
DB04310	C12056
DB04313	C03618
DB04315	C00035
DB04325	C05332
DB04326	C00111
DB04328	C03175
DB04329	C06323
DB04335	C00294
DB04339	C03727
DB04342	C07231
DB04343	C00048
DB04345	C01727
DB04347	C02637
DB04349	C00583
DB04349	C02912
DB04349	C02917
DB04351	C00417
DB04351	C02341
DB04352	C00117
DB04352	C03736
DB04357	C07582
DB04364	C00466
DB04364	C00810
DB04364	C01769
DB04365	C10129
DB04370	C05824
DB04377	C03761
DB04380	C00499
DB04381	C19377
DB04382	C00586
DB04382	C02781
DB04388	C01165
DB04397	C00001
DB04397	C01328
DB04398	C00186
DB04398	C00256
DB04398	C01432
DB04400	C02953
DB04401	C00576
DB04408	C12049
DB04414	C00001
DB04414	C00150
DB04414	C01328
DB04417	C00870
DB04418	C03794
DB04419	C01933
DB04422	C00155
DB04422	C05330
DB04425	C04874
DB04429	C14241
DB04431	C12014
DB04440	C01736
DB04440	C15586
DB04444	C00742
DB04444	C16487
DB04445	C00703
DB04445	C00708
DB04445	C05590
DB04447	C00265
DB04447	C00950
DB04454	C02261
DB04454	C02356
DB04455	C00719
DB04457	C00362
DB04461	C03263
DB04464	C03145
DB04465	C00185
DB04465	C00208
DB04465	C00243
DB04465	C00897
DB04465	C01970
DB04465	C01971
DB04465	C02964
DB04465	C06421
DB04465	C06422
DB04466	C15628
DB04468	C05011
DB04473	C00507
DB04473	C01018
DB04473	C01019
DB04473	C01684
DB04473	C02095
DB04473	C02338
DB04473	C02476
DB04473	C02522
DB04473	C08352
DB04474	C11326
DB04481	C00503
DB04481	C16884
DB04482	C04121
DB04485	C00214
DB04492	C03953
DB04492	C16265
DB04494	C00001
DB04494	C01328
DB04498	C00441
DB04499	C02083
DB04506	C00305
DB04510	C00197
DB04510	C00597
DB04519	C06423
DB04520	C10605
DB04522	C01005
DB04522	C02532
DB04524	C00083
DB04524	C03188
DB04528	C02496
DB04532	C00463
DB04537	C00977
DB04538	C03618
DB04539	C01705
DB04540	C00187
DB04551	C00354
DB04551	C03785
DB04551	C05378
DB04552	C13698
DB04553	C00109
DB04555	C00112
DB04557	C00219
DB04564	C00198
DB04564	C02669
DB04564	C02692
DB04566	C00130
DB04569	C05613
DB04571	C09314
DB04572	C07641
DB04574	C02538
DB04575	C07619
DB04576	C13179
DB04582	C05076
DB04586	C14841
DB04599	C13355
DB04619	C07113
DB04620	C03969
DB04622	C05135
DB04626	C01555
DB04628	C05346
DB04630	C01780
DB04640	C16194
DB04650	C00120
DB04652	C02140
DB04652	C02942
DB04657	C11255
DB04658	C10851
DB04660	C00670
DB04665	C05851
DB04688	C12448
DB04690	C01897
DB04699	C01770
DB04701	C11347
DB04703	C09755
DB04704	C05500
DB04705	C15519
DB04706	C03594
DB04714	C00129
DB04728	C17707
DB04729	C00908
DB04734	C01732
DB04734	C02226
DB04737	C00561
DB04737	C02615
DB04741	C15674
DB04744	C10368
DB04745	C06338
DB04745	C06415
DB04781	C02804
DB04784	C07112
DB04784	C11348
DB04786	C07974
DB04789	C00440
DB04801	C08367
DB04805	C11269
DB04808	C01441
DB04813	C07967
DB04816	C10312
DB04817	C13229
DB04818	C11777
DB04819	C11114
DB04824	C14286
DB04827	C01537
DB04829	C07542
DB04830	C07674
DB04831	C11702
DB04833	C07560
DB04840	C13650
DB04844	C11168
DB04859	C13424
DB04874	C00014
DB04874	C00698
DB04874	C01327
DB04874	C01342
DB04874	C14447
DB04877	C09252
DB04886	C09147
DB04911	C12034
DB04912	C00698
DB04912	C01327
DB04930	C14388
DB04936	C01452
DB04936	C10906
DB04942	C12864
DB04952	C12008
DB04953	C13826
DB04957	C13777
DB04967	C11715
DB04982	C13670
DB04996	C00014
DB04996	C00033
DB04996	C00571
DB04996	C00698
DB04996	C01327
DB04996	C01342
DB05088	C00087
DB05088	C00150
DB05137	C07475
DB05188	C06677
DB05229	C01330
DB05232	C11692
DB05252	C11024
DB05262	C07599
DB05296	C00033
DB05340	C01330
DB05377	C19024
DB05381	C00388
DB05382	C01382
DB05389	C00001
DB05389	C00007
DB05389	C01328
DB05389	C01486
DB05420	C11918
DB05428	C00033
DB05446	C14180
DB05450	C03963
DB05450	C08913
DB05450	C08914
DB05450	C16819
DB05461	C00001
DB05461	C00698
DB05461	C01327
DB05461	C01328
DB05476	C00698
DB05476	C01327
DB05478	C11145
DB05482	C11173
DB05549	C11145
DB05607	C00122
DB05607	C01384
DB05630	C00001
DB05630	C01328
DB05630	C01330
DB05642	C00001
DB05642	C00698
DB05642	C01327
DB05642	C01328
DB05668	C16559
DB05683	C13426
DB05732	C00383
DB05732	C02028
DB05732	C04025
DB05732	C13884
DB05790	C00698
DB05790	C01327
DB05792	C00698
DB05792	C01327
DB05804	C04555
DB05837	C00698
DB05837	C01327
DB05956	C00698
DB05956	C01327
DB05966	C00158
DB05974	C08588
DB05990	C15636
DB05993	C00698
DB05993	C01327
DB06021	C06677
DB06082	C00698
DB06082	C01327
DB06144	C07567
DB06147	C11169
DB06151	C06809
DB06155	C14319
DB06174	C09592
DB06215	C14818
DB06215	C14819
DB06216	C00122
DB06216	C01384
DB06230	C08027
DB06233	C15183
DB06243	C07997
DB06247	C13675
DB06253	C00725
DB06253	C07182
DB06253	C16241
DB06282	C07778
DB06287	C15182
DB06409	C16578
DB06410	C08211
DB06412	C07393
DB06419	C12020
DB06461	C16841
DB06527	C03349
DB06543	C08580
DB06554	C13693
DB06637	C13728
DB06659	C00698
DB06659	C01327
DB06678	C07570
DB06689	C00189
DB06689	C00712
DB06689	C01712
DB06690	C00887
DB06691	C11798
DB06693	C13963
DB06694	C07913
DB06701	C07196
DB06705	C01330
DB06707	C11768
DB06707	C17925
DB06709	C07471
DB06710	C07198
DB06711	C07898
DB06715	C00238
DB06715	C00708
DB06715	C05590
DB06715	C08219
DB06718	C07311
DB06723	C00001
DB06723	C01328
DB06723	C13391
DB06724	C00076
DB06724	C00288
DB06724	C01353
DB06724	C08129
DB06726	C13769
DB06727	C10783
DB06727	C17418
DB06728	C00292
DB06735	C06917
DB06735	C08161
DB06738	C11792
DB06743	C07601
DB06744	C07602
DB06745	C07603
DB06746	C07604
DB06747	C16816
DB06750	C08946
DB06753	C07165
DB06756	C00719
DB06757	C19610
DB06762	C13729
DB06764	C07912
DB06767	C00014
DB06767	C00698
DB06767	C01327
DB06767	C01342
DB06767	C12538
DB06768	C00014
DB06768	C00186
DB06768	C00256
DB06768	C01342
DB06768	C01432
DB06770	C00556
DB06770	C03485
DB06774	C06866
DB06775	C05829
DB06777	C02528
DB06777	C07880
DB06777	C17660
DB06777	C17662
DB06777	C17664
DB06778	C00059
DB06778	C18713
DB06780	C14554
DB06781	C12695
DB06782	C02924
DB06783	C01913
DB06783	C14819
DB06784	C00158
DB06787	C07811
DB06788	C00033
DB06788	C07671
DB06789	C08148
DB06792	C00288
DB06792	C01353
DB06793	C07406
DB06795	C07106
DB06796	C19610
DB06804	C18612
DB06810	C12389
DB06811	C13493
DB06816	C07412
DB06820	C08076
DB06823	C12876
DB06824	C07166
DB06827	C01540
DB06864	C05817
DB06894	C02277
DB06902	C14258
DB06926	C14762
DB06952	C06204
DB06973	C13624
DB07060	C02043
DB07080	C15630
DB07109	C10470
DB07118	C03081
DB07129	C07220
DB07177	C04707
DB07301	C08060
DB07302	C14767
DB07352	C01477
DB07374	C11281
DB07375	C00674
DB07375	C03772
DB07392	C06551
DB07401	C18558
DB07418	C03779
DB07424	C00238
DB07425	C15618
DB07447	C03917
DB07447	C05293
DB07506	C09816
DB07557	C03681
DB07557	C05479
DB07558	C11306
DB07565	C11727
DB07565	C13962
DB07610	C03012
DB07635	C14220
DB07637	C03224
DB07637	C17080
DB07640	C15494
DB07645	C08277
DB07674	C06607
DB07703	C11993
DB07705	C08068
DB07705	C08069
DB07706	C05301
DB07715	C10343
DB07718	C01179
DB07720	C11690
DB07767	C01494
DB07768	C00535
DB07776	C10043
DB07776	C15608
DB07780	C00448
DB07780	C16689
DB07780	C16826
DB07795	C10041
DB07810	C00774
DB07814	C01699
DB07815	C11864
DB07841	C00353
DB07841	C11356
DB07863	C15627
DB07870	C04871
DB07896	C03198
DB07896	C05343
DB07896	C11527
DB07914	C01273
DB07915	C01273
DB07918	C04284
DB07919	C06538
DB07931	C13101
DB07950	C00954
DB07954	C13708
DB08059	C15181
DB08074	C08435
DB08081	C11841
DB08120	C00579
DB08167	C00220
DB08168	C01386
DB08209	C19459
DB08215	C18811
DB08224	C14183
DB08230	C10192
DB08231	C06424
DB08254	C16202
DB08264	C04314
DB08264	C04514
DB08264	C06205
DB08276	C00742
DB08276	C16487
DB08313	C13719
DB08319	C06742
DB08324	C11840
DB08326	C03797
DB08327	C00544
DB08398	C16038
DB08399	C05901
DB08427	C00254
DB08435	C14717
DB08437	C01610
DB08437	C11618
DB08466	C10255
DB08496	C01541
DB08517	C09833
DB08541	C12434
DB08541	C18835
DB08542	C04793
DB08587	C00482
DB08603	C00896
DB08604	C12059
DB08620	C18512
DB08621	C12853
DB08626	C01619
DB08636	C06203
DB08645	C07767
DB08652	C02693
DB08653	C00398
DB08688	C01875
DB08690	C00399
DB08719	C06489
DB08720	C06490
DB08721	C06491
DB08722	C06492
DB08723	C06493
DB08724	C06494
DB08725	C06495
DB08726	C06496
DB08727	C06497
DB08728	C06499
DB08744	C10654
DB08768	C04083
DB08772	C01865
DB08804	C08154
DB08805	C07449
DB08809	C11149
DB08823	C11054
DB08823	C11056
DB08830	C05422
DB08833	C05465
DB08833	C16868
DB08837	C07512
DB08838	C00179
DB08839	C00780
DB08841	C00483
DB08842	C02571
DB08844	C00366
DB08845	C00026
DB08846	C10788
DB08847	C01015
DB08847	C01157
DB08847	C03440
DB08847	C03441
DB08847	C03651
DB08848	C10149
DB08855	C02166
DB08858	C00014
DB08858	C00698
DB08858	C01327
DB08858	C01342
DB08858	C01921
DB08887	C16184
DB08903	C14122
DB08913	C00698
DB08913	C01327
DB08921	C00521
DB08921	C06078
DB08921	C06099
DB08933	C13478
DB08938	C00001
DB08938	C00059
DB08938	C00305
DB08938	C01328
DB08946	C08217
DB08956	C18040
DB08960	C07510
DB08965	C15740
DB08966	C18376
DB08987	C07530
DB08995	C10039
DB08996	C12959
DB09001	C07434
DB09008	C11754
DB09028	C10763
DB09061	C07578
DB09072	C00989
DB09072	C01330
DB09072	C01991
DB09085	C07526
DB09086	C10453
DB09087	C00059
DB09087	C00238
DB09088	C14169
DB09093	C06571
DB09094	C10871
DB09094	C10874
DB09096	C19346
DB09104	C00001
DB09104	C00305
DB09104	C01328
DB09104	C07876
DB09110	C03576
DB09112	C00088
DB09115	C07636
DB09116	C00076
DB09116	C19113
DB09117	C07834
DB09120	C06866
DB09121	C08193
DB09125	C00158
DB09125	C00238
DB09129	C00698
DB09129	C01327
DB09129	C19368
DB09130	C00070
DB09131	C00698
DB09131	C01327
DB09138	C00001
DB09138	C01328
DB09140	C00007
DB09145	C00001
DB09145	C01328
DB09146	C00001
DB09146	C00089
DB09146	C01328
DB09146	C01330
DB09146	C04219
DB09146	C14819
DB09146	C18068
DB09147	C00013
DB09147	C14819
DB09152	C00697
DB09153	C00698
DB09153	C01327
DB09153	C01330
DB09153	C13563
DB09154	C00158
DB09154	C01330
DB09157	C00011
DB09158	C19307
DB09160	C00001
DB09160	C01328
DB09165	C00013
DB09203	C01869
DB09203	C04548
DB09213	C01588
DB09214	C01716
DB09217	C18363
DB09220	C13280
DB09221	C00038
DB09237	C06825
DB09239	C11236
DB09241	C00220
DB09241	C00698
DB09241	C01327
DB09242	C07451
DB09256	C12673
DB09267	C13884
DB09268	C13072
DB09269	C07086
DB09270	C11378
DB09275	C00238
DB09276	C01330
DB09277	C00114
DB09277	C00698
DB09277	C01327
DB09281	C00305
DB09293	C00708
DB09293	C05590
DB09298	C07610
DB09309	C14056
DB09314	C00001
DB09314	C01328
DB09315	C13373
DB09316	C00698
DB09316	C01327
DB09316	C15226
DB09319	C12712
DB09320	C05551
DB09320	C07375
DB09320	C07894
DB09322	C00038
DB09322	C00059
DB09324	C07770
DB09324	C14001
DB09325	C00742
DB09325	C01330
DB09325	C08142
DB09325	C16487
DB09326	C00014
DB09326	C01342
DB09327	C00106
DB09327	C12673
DB09332	C01330
DB09333	C18093
DB09338	C00001
DB09338	C01328
DB09338	C11336
DB09342	C07895
DB09345	C07892
DB09346	C14165
DB09347	C14164
DB09348	C19297
DB09350	C18880
DB09351	C06849
DB09357	C05944
DB09371	C14249
DB09372	C13452
DB09372	C17409
DB09380	C01330
DB09380	C06268
DB09389	C08149
DB09389	C08153
DB09394	C00009
DB09395	C00033
DB09395	C01330
DB09398	C00742
DB09398	C16487
DB09400	C05335
DB09407	C00305
DB09407	C00698
DB09407	C01327
DB09407	C07755
DB09409	C00001
DB09409	C00033
DB09409	C00305
DB09409	C01328
DB09413	C00009
DB09413	C00238
DB09414	C00009
DB09414	C00238
DB09414	C13197
DB09418	C00238
DB09419	C11476
DB09420	C00708
DB09420	C05590
DB09421	C03958
DB09449	C00009
DB09449	C01330
DB09459	C00552
DB09459	C00898
DB09459	C02107
DB09460	C00288
DB09460	C01330
DB09460	C01353
DB09462	C00116
DB09472	C00059
DB09472	C01330
DB09472	C13199
DB09473	C19434
DB09477	C11720
DB09479	C13515
DB09479	C17061
DB09481	C00288
DB09481	C00305
DB09481	C01353
DB09481	C12893
DB09483	C00186
DB09483	C00238
DB09483	C00256
DB09483	C01432
DB09484	C01330
DB09490	C00698
DB09490	C01327
DB09498	C00698
DB09498	C01327
DB09498	C13884
DB09499	C00320
DB09499	C05529
DB09501	C00014
DB09501	C00158
DB09501	C01342
DB09501	C14819
DB09510	C00086
DB09513	C00086
DB09517	C00089
DB09517	C00257
DB09517	C00514
DB09517	C00770
DB09517	C00800
DB09517	C00817
DB09517	C00880
DB09517	C01330
DB09517	C04219
DB09517	C14819
DB09517	C15930
DB09517	C18068
DB09526	C00530
DB09543	C12305
DB09546	C00059
DB09555	C00122
DB09555	C01384
DB09555	C06905
DB09555	C06946
DB09555	C07780
DB09555	C07783
DB09561	C00093
DB09561	C00623
DB09561	C01330
DB09561	C03189
DB09563	C00114
DB09571	C07164
DB11056	C00698
DB11056	C01327
DB11068	C05697
DB11071	C14163
DB11072	C00742
DB11072	C16487
DB11079	C00805
DB11079	C06771
DB11081	C00698
DB11081	C01327
DB11085	C01751
DB11090	C00238
DB11091	C00027
DB11092	C00742
DB11092	C16487
DB11093	C00076
DB11093	C00158
DB11098	C00238
DB11098	C00288
DB11098	C01353
DB11098	C18606
DB11100	C01551
DB11100	C02348
DB11100	C02350
DB11107	C00238
DB11107	C00552
DB11107	C00898
DB11107	C02107
DB11110	C00158
DB11110	C00305
DB11119	C00708
DB11119	C01330
DB11119	C05590
DB11119	C14042
DB11121	C14715
DB11125	C12539
DB11126	C00076
DB11126	C00257
DB11126	C00514
DB11126	C00770
DB11126	C00800
DB11126	C00817
DB11126	C00880
DB11126	C08133
DB11126	C15930
DB11127	C05684
DB11128	C00001
DB11128	C00014
DB11128	C01328
DB11128	C01342
DB11129	C00027
DB11129	C00086
DB11135	C01529
DB11136	C06268
DB11137	C00150
DB11140	C06268
DB11141	C00257
DB11141	C00514
DB11141	C00770
DB11141	C00800
DB11141	C00817
DB11141	C00880
DB11141	C15930
DB11141	C19610
DB11142	C05335
DB11145	C19434
DB11148	C07875
DB11150	C00059
DB11150	C13881
DB11151	C00001
DB11151	C01328
DB11151	C12569
DB11153	C00001
DB11153	C00238
DB11153	C01328
DB11153	C12568
DB11154	C00038
DB11154	C00158
DB11156	C07389
DB11156	C07409
DB11157	C06831
DB11159	C01330
DB11168	C00076
DB11168	C01620
DB11171	C00001
DB11171	C00059
DB11171	C01328
DB11171	C14819
DB11175	C00038
DB11175	C10164
DB11176	C06098
DB11181	C07814
DB11183	C01330
DB11183	C19439
DB11189	C00037
DB11189	C00305
DB11190	C12661
DB11191	C00175
DB11191	C06506
DB11191	C06507
DB11191	C06508
DB11191	C06509
DB11191	C06510
DB11192	C01620
DB11195	C00379
DB11195	C00474
DB11195	C00532
DB11195	C01904
DB11197	C00037
DB11197	C00097
DB11197	C00736
DB11197	C00793
DB11197	C14818
DB11200	C00001
DB11200	C00037
DB11200	C00698
DB11200	C01327
DB11200	C01328
DB11205	C00001
DB11205	C00698
DB11205	C01327
DB11205	C01328
DB11210	C00037
DB11210	C14818
DB11217	C06186
DB11217	C12079
DB11220	C08387
DB11221	C14283
DB11231	C05432
DB11231	C15858
DB11233	C00158
DB11239	C00059
DB11246	C00257
DB11246	C00514
DB11246	C00770
DB11246	C00800
DB11246	C00817
DB11246	C00880
DB11246	C12278
DB11246	C15930
DB11248	C00038
DB11248	C00257
DB11248	C00514
DB11248	C00770
DB11248	C00800
DB11248	C00817
DB11248	C00880
DB11248	C15930
DB11255	C10164
DB11255	C19368
DB11256	C00440
DB11257	C00742
DB11257	C16487
DB11259	C10038
DB11263	C10275
DB11264	C00076
DB11264	C02979
DB11264	C12935
DB11268	C16700
DB11273	C14053
DB11274	C13167
DB11275	C14054
DB11278	C13639
DB11278	C17903
DB11281	C00288
DB11281	C01353
DB11282	C10935
DB11288	C01411
DB11288	C01765
DB11288	C01766
DB11309	C00059
DB11326	C12486
DB11331	C13883
DB11335	C18339
DB11336	C08272
DB11337	C00371
DB11337	C15545
DB11344	C00400
DB11344	C00553
DB11345	C00808
DB11345	C00809
DB11345	C18369
DB11348	C00009
DB11348	C00076
DB11348	C08136
DB11359	C01502
DB11359	C15572
DB11367	C12979
DB11371	C13803
DB11373	C10995
DB11379	C18967
DB11387	C13827
DB11390	C11025
DB11396	C14292
DB11397	C14430
DB11403	C18390
DB11408	C18658
DB11412	C14420
DB11417	C00027
DB11421	C11110
DB11424	C18434
DB11428	C07450
DB11429	C14255
DB11430	C06693
DB11438	C18511
DB11442	C01946
DB11448	C18756
DB11451	C06548
DB11451	C11506
DB11451	C11507
DB11451	C15508
DB11456	C18986
DB11457	C07593
DB11460	C00751
DB11466	C18362
DB11467	C12054
DB11468	C12065
DB11473	C07971
DB11475	C01457
DB11476	C11269
DB11476	C11299
DB11478	C14752
DB11478	C14753
DB11485	C13143
DB11490	C11787
DB11493	C00404
DB11493	C00536
DB11493	C01330
DB11493	C02174
DB11495	C14308
DB11496	C14437
DB11511	C11234
DB11512	C01023
DB11520	C01688
DB11520	C01925
DB11522	C14484
DB11525	C00014
DB11525	C01342
DB11544	C15690
DB11551	C14261
DB11552	C18090
DB11558	C01455
DB11562	C09364
DB11562	C09372
DB11573	C00001
DB11573	C00698
DB11573	C01327
DB11573	C01328
DB11576	C00023
DB11588	C00237
DB11590	C01330
DB11590	C08171
DB11596	C03479
DB11596	C17731
DB11617	C18638
DB11622	C13154
DB11623	C11721
DB11630	C11730
DB11664	C07576
DB11673	C00534
DB11674	C14131
DB11675	C13494
DB11678	C19557
DB11695	C00386
DB11699	C13666
DB11710	C02918
DB11735	C01662
DB11738	C11120
DB11749	C07367
DB11753	C12044
DB11780	C07600
DB11789	C15515
DB11807	C07511
DB11815	C03884
DB11820	C08002
DB11823	C07525
DB11823	C07843
DB11831	C14397
DB11842	C02135
DB11846	C00791
DB11848	C03251
DB11858	C05951
DB11859	C05480
DB11859	C11825
DB11859	C13712
DB11859	C15484
DB11868	C07841
DB11869	C11213
DB11874	C08589
DB11924	C00836
DB11933	C16427
DB11937	C01717
DB11948	C10367
DB12007	C00799
DB12017	C13144
DB12025	C09204
DB12029	C00852
DB12029	C17147
DB12039	C06562
DB12039	C09727
DB12039	C09728
DB12039	C14079
DB12039	C17590
DB12052	C17555
DB12054	C11587
DB12087	C06317
DB12093	C02890
DB12110	C11738
DB12116	C09731
DB12126	C00306
DB12127	C13129
DB12153	C00307
DB12156	C08431
DB12161	C11168
DB12179	C18167
DB12190	C13310
DB12216	C01557
DB12231	C18809
DB12243	C13008
DB12248	C12798
DB12278	C07852
DB12290	C10524
DB12298	C11101
DB12300	C19473
DB12308	C05480
DB12308	C11825
DB12308	C13712
DB12308	C15484
DB12310	C01083
DB12328	C16778
DB12358	C13415
DB12385	C17939
DB12418	C12283
DB12425	C02465
DB12444	C01047
DB12450	C11155
DB12452	C00756
DB12458	C08311
DB12465	C07464
DB12474	C13037
DB12480	C08619
DB12482	C14127
DB12515	C16822
DB12519	C00213
DB12521	C11118
DB12529	C00088
DB12532	C12552
DB12551	C10968
DB12553	C07006
DB12582	C03882
DB12586	C11641
DB12604	C00494
DB12618	C11380
DB12622	C08628
DB12628	C00114
DB12650	C07245
DB12665	C05623
DB12665	C10073
DB12668	C11684
DB12676	C00143
DB12697	C05689
DB12700	C10819
DB12709	C13870
DB12710	C16903
DB12728	C18726
DB12730	C11280
DB12750	C04337
DB12751	C00149
DB12751	C00497
DB12751	C00711
DB12751	C03668
DB12754	C00708
DB12754	C05590
DB12779	C06160
DB12779	C06346
DB12779	C06347
DB12792	C18547
DB12802	C10871
DB12802	C10874
DB12803	C11772
DB12813	C16455
DB12813	C16456
DB12813	C16457
DB12816	C17073
DB12832	C19512
DB12838	C19032
DB12864	C08001
DB12870	C04543
DB12884	C11805
DB12907	C01662
DB12911	C13138
DB12916	C13522
DB12923	C13764
DB12942	C13542
DB12944	C02183
DB12946	C13709
DB12947	C12739
DB12961	C02165
DB12965	C06710
DB12969	C03365
DB12969	C03659
DB12969	C03660
DB12969	C03844
DB12969	C05163
DB12969	C06352
DB12969	C06353
DB12969	C08257
DB12970	C01662
DB12972	C05480
DB12972	C11825
DB12972	C13712
DB12972	C15484
DB12996	C10501
DB13009	C10897
DB13014	C07606
DB13028	C11268
DB13044	C07667
DB13063	C07609
DB13069	C11276
DB13089	C02283
DB13089	C03930
DB13100	C07672
DB13105	C18171
DB13132	C09538
DB13139	C11770
DB13142	C00076
DB13142	C00257
DB13142	C00514
DB13142	C00770
DB13142	C00800
DB13142	C00817
DB13142	C00880
DB13142	C15930
DB13143	C07621
DB13145	C00014
DB13145	C01342
DB13153	C09621
DB13154	C02124
DB13155	C09264
DB13156	C00294
DB13157	C01330
DB13163	C00001
DB13163	C01328
DB13169	C07254
DB13174	C10401
DB13178	C00137
DB13178	C06152
DB13178	C06153
DB13179	C12753
DB13180	C00257
DB13180	C00514
DB13180	C00770
DB13180	C00800
DB13180	C00817
DB13180	C00880
DB13180	C15930
DB13182	C10208
DB13191	C02305
DB13207	C00025
DB13207	C00062
DB13207	C00217
DB13207	C00302
DB13207	C00792
DB13207	C02385
DB13209	C00001
DB13209	C01328
DB13210	C01330
DB13210	C01486
DB13210	C19523
DB13212	C12600
DB13215	C11363
DB13218	C01983
DB13218	C01984
DB13220	C00049
DB13220	C00402
DB13220	C14818
DB13220	C16433
DB13224	C17730
DB13226	C02710
DB13229	C17722
DB13231	C00076
DB13231	C00186
DB13231	C00256
DB13231	C01432
DB13236	C00001
DB13236	C01328
DB13236	C01330
DB13236	C11159
DB13240	C08859
DB13245	C11160
DB13248	C07659
DB13249	C00305
DB13250	C00698
DB13250	C01327
DB13250	C03172
DB13250	C04078
DB13251	C04227
DB13254	C12814
DB13257	C00059
DB13257	C14818
DB13259	C18248
DB13261	C00001
DB13261	C01328
DB13261	C11248
DB13264	C08126
DB13273	C11708
DB13274	C17706
DB13276	C17728
DB13280	C00164
DB13290	C00742
DB13290	C16487
DB13304	C19542
DB13318	C11250
DB13322	C00001
DB13322	C00288
DB13322	C00305
DB13322	C01328
DB13322	C01353
DB13323	C06790
DB13326	C00698
DB13326	C01327
DB13326	C11273
DB13329	C09675
DB13330	C02704
DB13332	C19143
DB13336	C11233
DB13339	C19537
DB13344	C00698
DB13344	C00703
DB13344	C01327
DB13345	C13168
DB13347	C18698
DB13355	C09316
DB13362	C12590
DB13366	C00698
DB13366	C01327
DB13370	C12829
DB13371	C17720
DB13374	C09251
DB13376	C07273
DB13379	C00288
DB13379	C01330
DB13379	C01353
DB13381	C00284
DB13381	C01330
DB13381	C14819
DB13386	C14593
DB13386	C15216
DB13387	C00001
DB13387	C01328
DB13387	C03184
DB13387	C14819
DB13391	C09913
DB13392	C00001
DB13392	C01328
DB13392	C01330
DB13393	C09421
DB13402	C06899
DB13404	C00284
DB13404	C01330
DB13415	C13692
DB13416	C12750
DB13418	C14757
DB13423	C00001
DB13423	C01328
DB13423	C14819
DB13424	C04623
DB13448	C12948
DB13453	C13373
DB13482	C12717
DB13486	C00305
DB13486	C17732
DB13487	C13547
DB13495	C06606
DB13499	C11253
DB13499	C13505
DB13506	C11752
DB13506	C13976
DB13509	C01405
DB13515	C07163
DB13519	C00209
DB13531	C17729
DB13533	C14491
DB13543	C13522
DB13547	C07106
DB13553	C13016
DB13568	C06772
DB13569	C00698
DB13569	C01327
DB13569	C14818
DB13571	C13299
DB13576	C00253
DB13578	C17723
DB13580	C11745
DB13582	C00158
DB13582	C14819
DB13590	C00076
DB13595	C00001
DB13595	C00305
DB13595	C01328
DB13598	C13240
DB13600	C10985
DB13602	C14208
DB13603	C12491
DB13606	C11790
DB13612	C00076
DB13612	C00086
DB13612	C01405
DB13615	C00001
DB13615	C01328
DB13615	C01330
DB13620	C00238
DB13620	C00257
DB13620	C00514
DB13620	C00770
DB13620	C00800
DB13620	C00817
DB13620	C00880
DB13620	C15930
DB13626	C00001
DB13626	C00037
DB13626	C01328
DB13627	C11342
DB13636	C06960
DB13637	C17719
DB13639	C00552
DB13639	C00898
DB13639	C02107
DB13639	C14818
DB13640	C17734
DB13644	C19265
DB13650	C00001
DB13650	C00257
DB13650	C00514
DB13650	C00770
DB13650	C00800
DB13650	C00817
DB13650	C00880
DB13650	C01328
DB13650	C07182
DB13650	C15930
DB13654	C00001
DB13654	C01328
DB13660	C13110
DB13661	C19268
DB13666	C00708
DB13666	C05590
DB13667	C11203
DB13669	C14452
DB13673	C00825
DB13679	C06905
DB13679	C06946
DB13679	C07780
DB13679	C07783
DB13682	C11199
DB13689	C12919
DB13690	C17721
DB13693	C11170
DB13694	C16823
DB13698	C00288
DB13698	C01353
DB13698	C14818
DB13702	C00708
DB13702	C05590
DB13703	C11776
DB13705	C00698
DB13705	C01327
DB13706	C01330
DB13707	C00552
DB13707	C00898
DB13707	C01330
DB13707	C02107
DB13712	C19120
DB13715	C12954
DB13716	C14214
DB13717	C14387
DB13718	C10696
DB13721	C10984
DB13721	C18715
DB13732	C00001
DB13732	C01328
DB13743	C00001
DB13743	C00320
DB13743	C01328
DB13743	C01330
DB13743	C05529
DB13745	C01324
DB13745	C13645
DB13747	C06771
DB13748	C00062
DB13748	C00792
DB13748	C02385
DB13749	C00001
DB13749	C00257
DB13749	C00305
DB13749	C00514
DB13749	C00770
DB13749	C00800
DB13749	C00817
DB13749	C00880
DB13749	C01328
DB13749	C15930
DB13751	C02284
DB13751	C14049
DB13751	C18610
DB13752	C18373
DB13753	C13786
DB13757	C11773
DB13758	C08195
DB13762	C07864
DB13763	C01330
DB13765	C00698
DB13765	C00703
DB13765	C01327
DB13765	C13377
DB13769	C00708
DB13769	C05590
DB13771	C01330
DB13771	C14819
DB13772	C11240
DB13777	C07533
DB13780	C00001
DB13780	C01328
DB13780	C13700
DB13781	C11775
DB13786	C00295
DB13786	C00305
DB13789	C00033
DB13789	C00552
DB13789	C00898
DB13789	C02107
DB13793	C09149
DB13800	C00076
DB13800	C18380
DB13802	C17620
DB13806	C13780
DB13812	C07130
DB13814	C11751
DB13814	C13978
DB13816	C13269
DB13818	C00001
DB13818	C01328
DB13826	C14271
DB13828	C10982
DB13829	C00076
DB13830	C05153
DB13831	C00034
DB13831	C00238
DB13837	C19413
DB13845	C12886
DB13850	C12768
DB13854	C06426
DB13860	C00805
DB13860	C01589
DB13862	C00009
DB13862	C00305
DB13865	C07996
DB13867	C07815
DB13868	C11277
DB13871	C02809
DB13875	C06536
DB13909	C00001
DB13909	C01328
DB13909	C01424
DB13910	C07185
DB13911	C01330
DB13912	C05073
DB13917	C07453
DB13918	C11021
DB13943	C08156
DB13944	C08157
DB13949	C14819
DB13954	C14640
DB13956	C12859
DB13960	C13034
DB13962	C00076
DB13962	C00767
DB13962	C00818
DB13962	C00879
DB13962	C01807
DB13963	C14328
DB13969	C00698
DB13969	C01327
DB13972	C00073
DB13972	C00855
DB13972	C01733
DB13977	C00238
DB13977	C00288
DB13977	C01353
DB13987	C00698
DB13987	C01327
DB13987	C13884
DB13995	C00013
DB13995	C00158
DB13995	C14819
DB13996	C00033
DB13996	C00305
DB14002	C13202
DB14006	C00114
DB14006	C00805
DB14008	C10058
DB14010	C08309
DB14015	C00094
DB14015	C01330
DB14015	C11481
DB14020	C01408
DB14026	C08171
DB14028	C07486
DB14031	C07642
DB14038	C01753
DB14043	C16512
DB14048	C01330
DB14054	C08617
DB14055	C01541
DB14056	C11609
DB14057	C06684
DB14061	C19432
DB14062	C15761
DB14063	C07188
DB14064	C13766
DB14073	C16526
DB14077	C00305
DB14080	C00305
DB14080	C06809
DB14081	C15428
DB14083	C14348
DB14086	C06562
DB14086	C09727
DB14086	C09728
DB14086	C14079
DB14086	C17590
DB14089	C07598
DB14090	C11142
DB14092	C00177
DB14093	C00535
DB14098	C00175
DB14098	C00541
DB14103	C03510
DB14103	C03829
DB14104	C01595
DB14105	C01330
DB14109	C06186
DB14109	C12079
DB14116	C00001
DB14116	C00305
DB14116	C01328
DB14119	C12144
DB14121	C08502
DB14128	C00003
DB14138	C00001
DB14138	C01328
DB14141	C19499
DB14144	C02372
DB14149	C00238
DB14149	C01330
DB14150	C01485
DB14152	C08621
DB14156	C00808
DB14156	C00809
DB14156	C18369
DB14160	C13409
DB14175	C12288
DB14176	C14393
DB14180	C00059
DB14180	C19609
DB14182	C06268
DB14183	C01500
DB14183	C09871
DB14184	C00903
DB14186	C02394
DB14188	C10469
DB14193	C19150
DB14204	C19609
DB14205	C00175
DB14206	C00175
DB14206	C00698
DB14206	C01327
DB14475	C00186
DB14475	C00256
DB14475	C01432
DB14476	C02477
DB14479	C00038
DB14479	C06809
DB14481	C00001
DB14481	C00009
DB14481	C00076
DB14481	C01328
DB14482	C00072
DB14482	C01330
DB14483	C00072
DB14483	C00076
DB14484	C00072
DB14484	C00305
DB14485	C00038
DB14485	C00072
DB14486	C00072
DB14486	C00153
DB14489	C00042
DB14489	C14818
DB14490	C00072
DB14490	C14818
DB14491	C00122
DB14491	C01384
DB14491	C14818
DB14492	C00238
DB14492	C08040
DB14493	C00037
DB14493	C00038
DB14494	C00001
DB14494	C00038
DB14494	C00288
DB14494	C01328
DB14494	C01353
DB14496	C00150
DB14496	C01330
DB14496	C15455
DB14497	C00001
DB14497	C00076
DB14497	C00288
DB14497	C00305
DB14497	C00698
DB14497	C01327
DB14497	C01328
DB14497	C01353
DB14498	C00033
DB14498	C00238
DB14498	C12554
DB14501	C00037
DB14501	C00059
DB14501	C14818
DB14502	C00009
DB14502	C01330
DB14502	C13558
DB14505	C01330
DB14506	C00001
DB14506	C01328
DB14507	C00158
DB14508	C00042
DB14509	C00288
DB14509	C01353
DB14509	C07964
DB14510	C14818
DB14511	C00033
DB14512	C07817
DB14514	C00305
DB14516	C01330
DB14517	C00009
DB14518	C00033
DB14520	C00001
DB14520	C01328
DB14520	C14819
DB14522	C00001
DB14522	C01328
DB14523	C00009
DB14525	C19368
DB14526	C00158
DB14526	C19368
DB14527	C19368
DB14528	C00257
DB14528	C00514
DB14528	C00770
DB14528	C00800
DB14528	C00817
DB14528	C00880
DB14528	C15930
DB14528	C19368
DB14529	C00253
DB14529	C19368
DB14530	C00059
DB14531	C00288
DB14531	C01353
DB14532	C00038
DB14533	C00038
DB14533	C00698
DB14533	C01327
DB14536	C13884
DB14537	C06268
DB14539	C02821
DB14541	C08176
DB14543	C13358
DB14546	C00059
DB14547	C00698
DB14547	C01327
DB14550	C00698
DB14550	C01327
DB14551	C19162
DB14570	C01176
DB14573	C00009
DB14574	C19171
DB14575	C07493
DB14577	C00076
DB14589	C14273
DB14598	C00076
DB14598	C00284
DB14598	C01330
DB14599	C00284
DB14599	C01330
DB14600	C00284
DB14600	C01330
DB14622	C00001
DB14622	C00009
DB14622	C01328
DB14622	C01330
DB14626	C14658
DB14633	C12666
DB14638	C07637
DB14640	C14636
DB14642	C07105
DB14646	C14668
DB14649	C08174
DB14656	C07930
DB14657	C12656
DB14659	C14642
DB14665	C09837
DB14665	C11338
DB14667	C00850
DB14667	C02180
DB14674	C13031
DB14678	C14486
DB14681	C00762
DB14682	C08014
DB14695	C00001
DB14695	C01328
DB14695	C14819
DB14703	C12961
DB14704	C00379
DB14704	C00474
DB14704	C00532
DB14704	C01904
DB14725	C08102
DB14732	C01449
DB14735	C08998
DB14737	C07580
DB14739	C12849
DB14750	C06971
DB14755	C10783
DB14755	C17418
DB14756	C00552
DB14756	C00898
DB14756	C02107
DB14763	C11724
DB14763	C15270
DB14815	C08944
DB14933	C03150
DB14972	C18667
DB14981	C01204
DB15006	C18430
DB15050	C05926
DB15056	C10980
DB15073	C11476
DB15087	C01452
DB15087	C10906
DB15111	C00033
DB15117	C13410
DB15198	C07163
DB15201	C08608
DB15202	C06108
DB15204	C14817
DB15230	C18826
DB15289	C02452
DB15300	C10696
DB15316	C18850
DB15334	C00814
DB15335	C00858
DB15350	C00137
DB15350	C06152
DB15350	C06153
DB15357	C11767
DB15374	C19171
DB15394	C02483
DB15410	C07381
DB15429	C02086
DB15436	C08419
DB15458	C01933
DB15477	C10305
DB15477	C17778
DB15479	C00001
DB15479	C00698
DB15479	C01327
DB15479	C01328
DB15480	C12064
DB15488	C10450
DB15488	C10488
DB15533	C00059
DB15533	C00076
DB15533	C13194
DB15535	C00698
DB15535	C01327
DB15536	C00698
DB15536	C01327
DB15536	C14819
DB15555	C00149
DB15555	C00305
DB15555	C00497
DB15555	C00711
DB15555	C03668
DB15556	C00037
DB15556	C00038
DB15556	C00158
DB15565	C17309
DB15566	C08180
DB15573	C06306
DB15573	C06308
DB15573	C09880
DB15574	C06307
DB15574	C09882
DB15581	C10028
DB15582	C15722
DB15584	C01514
DB15586	C16748
DB15587	C00001
DB15587	C00238
DB15587	C01328
DB15587	C11340
DB15588	C08988
DB15589	C17497
DB15594	C01330
DB15598	C11918
DB15598	C14819
