drugbank_id	lincs_id
DB00014	LSM-46023
DB00014	LSM-5104
DB00035	LSM-46024
DB00091	LSM-1703
DB00091	LSM-2280
DB00091	LSM-42817
DB00091	LSM-42829
DB00091	LSM-42883
DB00115	LSM-5024
DB00115	LSM-6408
DB00121	LSM-3994
DB00121	LSM-5727
DB00121	LSM-6430
DB00130	LSM-4741
DB00131	LSM-5914
DB00131	LSM-6386
DB00132	LSM-42939
DB00133	LSM-45895
DB00136	LSM-43088
DB00136	LSM-43157
DB00136	LSM-44626
DB00136	LSM-45950
DB00140	LSM-4084
DB00140	LSM-6648
DB00142	LSM-36375
DB00146	LSM-43234
DB00146	LSM-44630
DB00150	LSM-36836
DB00152	LSM-5996
DB00153	LSM-43313
DB00154	LSM-42904
DB00155	LSM-45926
DB00158	LSM-5355
DB00159	LSM-42964
DB00162	LSM-43173
DB00162	LSM-43174
DB00162	LSM-5317
DB00163	LSM-4487
DB00165	LSM-5324
DB00166	LSM-45889
DB00170	LSM-3755
DB00175	LSM-1760
DB00175	LSM-3347
DB00175	LSM-45836
DB00175	LSM-4966
DB00175	LSM-5402
DB00176	LSM-3625
DB00177	LSM-2993
DB00177	LSM-4977
DB00178	LSM-1717
DB00178	LSM-5228
DB00178	LSM-5950
DB00179	LSM-6507
DB00180	LSM-1711
DB00180	LSM-3089
DB00180	LSM-5356
DB00181	LSM-5169
DB00184	LSM-2093
DB00186	LSM-4970
DB00187	LSM-4957
DB00188	LSM-6281
DB00190	LSM-5128
DB00190	LSM-5850
DB00191	LSM-4174
DB00193	LSM-3125
DB00193	LSM-5221
DB00194	LSM-28568
DB00194	LSM-4491
DB00194	LSM-5800
DB00194	LSM-6461
DB00195	LSM-1255
DB00196	LSM-2106
DB00197	LSM-4890
DB00199	LSM-3416
DB00199	LSM-6532
DB00201	LSM-2026
DB00203	LSM-3797
DB00204	LSM-5925
DB00205	LSM-3967
DB00206	LSM-1758
DB00206	LSM-2816
DB00206	LSM-4162
DB00206	LSM-5557
DB00207	LSM-5821
DB00208	LSM-1986
DB00210	LSM-37048
DB00211	LSM-1815
DB00213	LSM-1390
DB00214	LSM-2662
DB00215	LSM-1585
DB00215	LSM-3569
DB00218	LSM-5746
DB00219	LSM-4974
DB00220	LSM-5702
DB00220	LSM-5819
DB00221	LSM-4374
DB00222	LSM-2760
DB00222	LSM-44957
DB00223	LSM-1241
DB00223	LSM-3369
DB00223	LSM-5872
DB00224	LSM-5471
DB00226	LSM-43257
DB00227	LSM-2189
DB00227	LSM-5348
DB00227	LSM-6486
DB00229	LSM-2022
DB00229	LSM-5376
DB00231	LSM-45470
DB00233	LSM-5862
DB00234	LSM-1561
DB00234	LSM-37047
DB00234	LSM-5462
DB00235	LSM-3493
DB00238	LSM-5336
DB00239	LSM-5389
DB00241	LSM-5793
DB00242	LSM-21600
DB00242	LSM-5976
DB00243	LSM-1952
DB00244	LSM-5427
DB00245	LSM-5012
DB00245	LSM-5764
DB00246	LSM-5433
DB00247	LSM-1964
DB00247	LSM-2786
DB00248	LSM-1692
DB00248	LSM-3939
DB00249	LSM-45784
DB00249	LSM-5836
DB00249	LSM-6409
DB00250	LSM-5714
DB00251	LSM-3923
DB00251	LSM-6538
DB00252	LSM-5663
DB00253	LSM-1378
DB00253	LSM-3259
DB00253	LSM-5315
DB00255	LSM-3001
DB00255	LSM-42960
DB00257	LSM-5341
DB00259	LSM-6524
DB00260	LSM-5639
DB00260	LSM-5932
DB00262	LSM-6584
DB00263	LSM-3120
DB00264	LSM-1259
DB00265	LSM-3274
DB00265	LSM-42989
DB00266	LSM-45761
DB00268	LSM-2351
DB00269	LSM-5411
DB00270	LSM-1897
DB00272	LSM-5366
DB00273	LSM-5435
DB00274	LSM-5594
DB00275	LSM-5893
DB00276	LSM-45972
DB00277	LSM-6010
DB00278	LSM-45272
DB00278	LSM-5061
DB00279	LSM-1780
DB00279	LSM-3991
DB00280	LSM-1439
DB00281	LSM-3165
DB00283	LSM-2655
DB00285	LSM-1616
DB00287	LSM-45593
DB00288	LSM-1487
DB00288	LSM-4981
DB00288	LSM-5564
DB00289	LSM-2452
DB00291	LSM-2645
DB00292	LSM-1640
DB00292	LSM-37126
DB00292	LSM-6599
DB00293	LSM-5952
DB00296	LSM-5619
DB00297	LSM-4301
DB00299	LSM-5587
DB00301	LSM-1327
DB00301	LSM-5094
DB00302	LSM-5332
DB00305	LSM-1590
DB00305	LSM-5621
DB00305	LSM-6310
DB00307	LSM-45378
DB00308	LSM-43264
DB00309	LSM-5693
DB00310	LSM-1417
DB00311	LSM-18787
DB00312	LSM-1566
DB00313	LSM-4620
DB00316	LSM-5533
DB00317	LSM-1098
DB00319	LSM-5516
DB00319	LSM-5924
DB00320	LSM-1639
DB00320	LSM-3619
DB00320	LSM-44964
DB00321	LSM-3190
DB00322	LSM-45624
DB00322	LSM-5157
DB00322	LSM-5588
DB00323	LSM-5282
DB00324	LSM-1325
DB00324	LSM-25624
DB00324	LSM-5306
DB00328	LSM-3275
DB00330	LSM-5137
DB00330	LSM-5649
DB00331	LSM-4730
DB00332	LSM-1268
DB00332	LSM-1281
DB00332	LSM-1497
DB00332	LSM-45290
DB00332	LSM-46035
DB00334	LSM-5359
DB00335	LSM-4355
DB00335	LSM-5562
DB00335	LSM-5757
DB00336	LSM-3779
DB00337	LSM-45937
DB00339	LSM-5425
DB00340	LSM-1467
DB00341	LSM-1544
DB00341	LSM-5412
DB00342	LSM-1273
DB00343	LSM-1744
DB00343	LSM-2523
DB00343	LSM-3819
DB00344	LSM-2936
DB00345	LSM-5739
DB00346	LSM-1291
DB00347	LSM-5345
DB00350	LSM-2134
DB00351	LSM-1486
DB00351	LSM-2441
DB00351	LSM-5299
DB00351	LSM-5699
DB00352	LSM-6723
DB00353	LSM-1695
DB00353	LSM-2758
DB00355	LSM-5301
DB00356	LSM-6011
DB00357	LSM-1409
DB00358	LSM-5180
DB00358	LSM-5525
DB00359	LSM-5457
DB00360	LSM-5120
DB00361	LSM-5284
DB00361	LSM-6007
DB00361	LSM-6302
DB00362	LSM-45534
DB00363	LSM-2823
DB00366	LSM-1563
DB00367	LSM-1612
DB00367	LSM-2768
DB00367	LSM-45699
DB00367	LSM-5824
DB00367	LSM-5955
DB00368	LSM-37072
DB00368	LSM-5181
DB00370	LSM-1706
DB00370	LSM-5894
DB00372	LSM-3556
DB00373	LSM-15524
DB00373	LSM-2176
DB00373	LSM-4397
DB00374	LSM-45331
DB00376	LSM-5060
DB00377	LSM-5266
DB00378	LSM-3538
DB00378	LSM-5289
DB00379	LSM-1700
DB00380	LSM-5248
DB00381	LSM-1388
DB00382	LSM-5871
DB00384	LSM-4060
DB00385	LSM-45887
DB00387	LSM-4396
DB00388	LSM-15380
DB00389	LSM-5930
DB00390	LSM-1930
DB00390	LSM-2511
DB00390	LSM-5141
DB00390	LSM-5523
DB00391	LSM-5080
DB00391	LSM-5624
DB00392	LSM-1342
DB00393	LSM-1659
DB00394	LSM-4209
DB00394	LSM-45855
DB00394	LSM-5838
DB00395	LSM-5197
DB00396	LSM-1728
DB00396	LSM-3452
DB00396	LSM-5580
DB00397	LSM-5416
DB00398	LSM-1008
DB00400	LSM-45713
DB00400	LSM-5259
DB00401	LSM-5172
DB00402	LSM-4408
DB00404	LSM-5460
DB00405	LSM-1736
DB00405	LSM-5386
DB00408	LSM-2881
DB00409	LSM-3202
DB00410	LSM-43176
DB00411	LSM-5827
DB00412	LSM-1949
DB00413	LSM-5243
DB00414	LSM-5638
DB00415	LSM-4982
DB00415	LSM-5761
DB00417	LSM-45211
DB00417	LSM-45657
DB00417	LSM-46163
DB00417	LSM-5173
DB00419	LSM-45962
DB00420	LSM-2137
DB00421	LSM-4018
DB00421	LSM-45441
DB00421	LSM-5755
DB00421	LSM-6489
DB00423	LSM-1453
DB00425	LSM-5560
DB00426	LSM-2990
DB00427	LSM-2240
DB00427	LSM-42877
DB00428	LSM-5014
DB00428	LSM-5479
DB00428	LSM-6395
DB00432	LSM-5217
DB00432	LSM-6478
DB00433	LSM-2436
DB00434	LSM-5419
DB00436	LSM-1816
DB00437	LSM-5919
DB00438	LSM-44989
DB00438	LSM-5695
DB00439	LSM-43237
DB00440	LSM-5246
DB00441	LSM-5333
DB00442	LSM-5258
DB00443	LSM-1248
DB00443	LSM-1303
DB00443	LSM-2864
DB00443	LSM-4412
DB00443	LSM-4466
DB00443	LSM-5202
DB00443	LSM-5512
DB00444	LSM-1483
DB00445	LSM-1622
DB00445	LSM-1799
DB00445	LSM-2078
DB00445	LSM-36423
DB00445	LSM-4062
DB00445	LSM-45684
DB00446	LSM-20955
DB00446	LSM-5069
DB00446	LSM-5256
DB00447	LSM-5429
DB00448	LSM-5064
DB00449	LSM-1583
DB00450	LSM-4193
DB00451	LSM-5447
DB00452	LSM-5787
DB00455	LSM-5891
DB00456	LSM-15184
DB00456	LSM-5929
DB00457	LSM-3079
DB00458	LSM-2852
DB00459	LSM-43217
DB00459	LSM-5713
DB00460	LSM-43146
DB00460	LSM-44934
DB00461	LSM-3453
DB00462	LSM-4308
DB00465	LSM-1526
DB00466	LSM-1504
DB00466	LSM-24959
DB00466	LSM-4980
DB00466	LSM-6051
DB00467	LSM-5848
DB00468	LSM-3325
DB00468	LSM-46038
DB00468	LSM-5109
DB00468	LSM-6020
DB00468	LSM-6452
DB00471	LSM-43144
DB00471	LSM-43228
DB00471	LSM-5768
DB00472	LSM-1449
DB00473	LSM-1954
DB00475	LSM-5922
DB00477	LSM-4017
DB00478	LSM-44963
DB00478	LSM-5143
DB00479	LSM-45899
DB00479	LSM-5935
DB00480	LSM-5237
DB00480	LSM-6187
DB00481	LSM-3425
DB00482	LSM-2032
DB00483	LSM-5540
DB00484	LSM-3526
DB00485	LSM-5234
DB00487	LSM-5653
DB00488	LSM-3492
DB00489	LSM-1465
DB00490	LSM-4105
DB00491	LSM-45690
DB00491	LSM-5559
DB00492	LSM-4444
DB00492	LSM-6485
DB00493	LSM-44978
DB00493	LSM-5834
DB00494	LSM-43240
DB00494	LSM-5898
DB00495	LSM-45628
DB00495	LSM-5806
DB00496	LSM-5995
DB00498	LSM-5784
DB00499	LSM-2621
DB00500	LSM-3852
DB00501	LSM-2404
DB00502	LSM-3512
DB00503	LSM-4954
DB00503	LSM-5623
DB00505	LSM-4996
DB00507	LSM-6002
DB00508	LSM-3421
DB00509	LSM-5447
DB00512	LSM-45214
DB00512	LSM-4992
DB00513	LSM-5733
DB00514	LSM-1535
DB00514	LSM-2525
DB00514	LSM-2726
DB00515	LSM-4268
DB00518	LSM-3782
DB00519	LSM-4402
DB00521	LSM-1541
DB00523	LSM-2135
DB00523	LSM-42854
DB00523	LSM-42855
DB00523	LSM-42856
DB00524	LSM-1680
DB00525	LSM-5554
DB00527	LSM-6018
DB00530	LSM-1097
DB00531	LSM-4961
DB00532	LSM-1852
DB00533	LSM-2482
DB00535	LSM-5216
DB00537	LSM-5226
DB00539	LSM-3135
DB00539	LSM-42973
DB00539	LSM-42974
DB00540	LSM-4039
DB00541	LSM-15607
DB00541	LSM-1672
DB00541	LSM-5877
DB00542	LSM-1336
DB00542	LSM-5609
DB00543	LSM-2021
DB00544	LSM-4261
DB00545	LSM-5770
DB00547	LSM-1602
DB00547	LSM-5448
DB00548	LSM-45550
DB00549	LSM-5792
DB00550	LSM-5592
DB00553	LSM-3410
DB00555	LSM-4104
DB00557	LSM-44962
DB00557	LSM-5103
DB00559	LSM-5825
DB00561	LSM-5058
DB00562	LSM-2474
DB00563	LSM-4285
DB00563	LSM-5690
DB00564	LSM-3610
DB00565	LSM-45935
DB00565	LSM-5147
DB00566	LSM-4749
DB00567	LSM-5957
DB00568	LSM-2142
DB00568	LSM-42858
DB00570	LSM-1647
DB00570	LSM-36946
DB00570	LSM-6068
DB00571	LSM-4329
DB00571	LSM-5318
DB00571	LSM-5972
DB00572	LSM-15608
DB00572	LSM-1806
DB00572	LSM-2897
DB00572	LSM-43258
DB00572	LSM-4380
DB00572	LSM-5514
DB00573	LSM-6498
DB00574	LSM-5685
DB00575	LSM-4223
DB00576	LSM-5455
DB00577	LSM-5571
DB00579	LSM-45791
DB00580	LSM-5305
DB00582	LSM-5244
DB00582	LSM-5570
DB00584	LSM-3282
DB00584	LSM-5558
DB00585	LSM-3031
DB00585	LSM-42962
DB00585	LSM-42963
DB00586	LSM-2160
DB00587	LSM-3630
DB00588	LSM-3384
DB00588	LSM-5291
DB00588	LSM-5328
DB00589	LSM-3984
DB00590	LSM-4335
DB00590	LSM-6569
DB00591	LSM-1804
DB00591	LSM-5482
DB00591	LSM-5988
DB00593	LSM-5195
DB00594	LSM-4194
DB00598	LSM-1282
DB00598	LSM-5220
DB00600	LSM-5642
DB00601	LSM-5750
DB00602	LSM-42824
DB00602	LSM-5397
DB00603	LSM-21624
DB00603	LSM-5882
DB00604	LSM-2133
DB00604	LSM-3312
DB00604	LSM-6397
DB00605	LSM-43065
DB00605	LSM-4338
DB00606	LSM-4421
DB00607	LSM-2402
DB00607	LSM-5446
DB00608	LSM-1901
DB00609	LSM-5620
DB00610	LSM-6000
DB00611	LSM-45696
DB00612	LSM-1886
DB00613	LSM-4042
DB00614	LSM-44949
DB00615	LSM-43193
DB00619	LSM-1023
DB00620	LSM-1503
DB00620	LSM-3736
DB00620	LSM-5391
DB00621	LSM-45444
DB00621	LSM-5544
DB00622	LSM-1418
DB00623	LSM-3226
DB00624	LSM-1628
DB00624	LSM-1643
DB00624	LSM-2564
DB00624	LSM-5153
DB00625	LSM-5526
DB00626	LSM-5003
DB00627	LSM-4676
DB00629	LSM-3266
DB00630	LSM-5831
DB00631	LSM-1837
DB00631	LSM-45668
DB00633	LSM-1722
DB00634	LSM-5374
DB00635	LSM-1690
DB00635	LSM-24953
DB00635	LSM-5890
DB00636	LSM-2996
DB00637	LSM-5502
DB00639	LSM-1344
DB00640	LSM-28568
DB00640	LSM-4491
DB00640	LSM-5800
DB00640	LSM-6461
DB00641	LSM-1830
DB00641	LSM-2492
DB00641	LSM-5417
DB00641	LSM-6463
DB00642	LSM-6253
DB00642	LSM-6353
DB00643	LSM-3749
DB00645	LSM-5801
DB00646	LSM-43311
DB00646	LSM-43348
DB00647	LSM-44977
DB00648	LSM-1451
DB00649	LSM-5983
DB00650	LSM-5146
DB00651	LSM-4299
DB00654	LSM-43170
DB00655	LSM-1506
DB00655	LSM-3837
DB00655	LSM-5772
DB00655	LSM-6399
DB00656	LSM-3580
DB00657	LSM-4990
DB00659	LSM-43113
DB00660	LSM-1929
DB00661	LSM-1298
DB00661	LSM-45139
DB00662	LSM-2750
DB00663	LSM-1241
DB00663	LSM-3369
DB00663	LSM-5872
DB00665	LSM-2513
DB00668	LSM-45900
DB00668	LSM-4958
DB00670	LSM-4001
DB00671	LSM-44950
DB00671	LSM-5644
DB00672	LSM-6695
DB00673	LSM-45261
DB00673	LSM-5350
DB00673	LSM-5637
DB00674	LSM-1597
DB00674	LSM-5604
DB00675	LSM-2966
DB00675	LSM-42959
DB00678	LSM-3701
DB00679	LSM-1863
DB00680	LSM-2476
DB00681	LSM-43304
DB00681	LSM-5443
DB00682	LSM-1405
DB00682	LSM-5404
DB00683	LSM-5200
DB00684	LSM-6467
DB00684	LSM-6534
DB00685	LSM-45386
DB00688	LSM-43041
DB00691	LSM-2751
DB00692	LSM-4022
DB00694	LSM-1731
DB00694	LSM-2962
DB00694	LSM-4891
DB00694	LSM-5967
DB00695	LSM-5847
DB00697	LSM-5242
DB00698	LSM-6522
DB00699	LSM-3720
DB00699	LSM-5852
DB00699	LSM-6518
DB00700	LSM-1524
DB00700	LSM-42771
DB00703	LSM-5311
DB00704	LSM-1721
DB00704	LSM-1850
DB00704	LSM-3962
DB00706	LSM-45903
DB00708	LSM-45544
DB00709	LSM-5215
DB00710	LSM-4279
DB00711	LSM-3009
DB00712	LSM-5174
DB00713	LSM-4952
DB00713	LSM-6005
DB00714	LSM-25611
DB00714	LSM-43266
DB00714	LSM-4413
DB00715	LSM-2843
DB00715	LSM-5101
DB00717	LSM-1520
DB00717	LSM-4061
DB00717	LSM-5395
DB00720	LSM-5802
DB00721	LSM-5396
DB00722	LSM-5756
DB00723	LSM-4423
DB00724	LSM-5408
DB00725	LSM-4438
DB00726	LSM-1371
DB00728	LSM-45869
DB00730	LSM-3741
DB00731	LSM-3892
DB00731	LSM-5555
DB00732	LSM-45935
DB00732	LSM-5147
DB00733	LSM-44532
DB00733	LSM-5708
DB00734	LSM-3193
DB00735	LSM-3661
DB00735	LSM-43018
DB00736	LSM-1651
DB00736	LSM-44961
DB00737	LSM-1607
DB00738	LSM-4540
DB00740	LSM-2471
DB00741	LSM-1785
DB00741	LSM-5980
DB00741	LSM-6492
DB00741	LSM-6649
DB00742	LSM-36877
DB00742	LSM-45695
DB00744	LSM-5084
DB00745	LSM-1343
DB00745	LSM-45603
DB00746	LSM-6541
DB00747	LSM-1330
DB00747	LSM-1684
DB00747	LSM-4015
DB00747	LSM-46039
DB00748	LSM-1435
DB00749	LSM-1781
DB00749	LSM-6021
DB00750	LSM-5078
DB00751	LSM-45639
DB00752	LSM-1562
DB00752	LSM-5578
DB00752	LSM-5943
DB00754	LSM-1440
DB00755	LSM-2135
DB00755	LSM-42854
DB00755	LSM-42855
DB00755	LSM-42856
DB00756	LSM-6032
DB00757	LSM-45241
DB00757	LSM-5418
DB00758	LSM-15331
DB00758	LSM-5415
DB00760	LSM-5208
DB00760	LSM-5822
DB00762	LSM-2167
DB00763	LSM-5646
DB00766	LSM-5434
DB00770	LSM-3161
DB00770	LSM-42979
DB00770	LSM-45530
DB00771	LSM-6447
DB00773	LSM-36939
DB00773	LSM-45872
DB00773	LSM-5572
DB00773	LSM-6348
DB00774	LSM-5497
DB00775	LSM-45871
DB00776	LSM-5219
DB00778	LSM-44988
DB00778	LSM-45095
DB00778	LSM-45999
DB00778	LSM-5319
DB00779	LSM-5590
DB00780	LSM-5928
DB00782	LSM-5959
DB00783	LSM-1367
DB00783	LSM-2421
DB00783	LSM-6474
DB00784	LSM-4085
DB00786	LSM-45636
DB00787	LSM-5459
DB00788	LSM-1880
DB00788	LSM-5472
DB00788	LSM-5689
DB00789	LSM-5524
DB00790	LSM-4080
DB00790	LSM-5927
DB00792	LSM-3271
DB00793	LSM-5310
DB00794	LSM-2700
DB00795	LSM-5278
DB00796	LSM-1716
DB00797	LSM-3020
DB00798	LSM-6037
DB00798	LSM-6491
DB00799	LSM-45376
DB00800	LSM-1609
DB00804	LSM-3534
DB00805	LSM-2037
DB00806	LSM-3285
DB00807	LSM-3780
DB00808	LSM-1936
DB00809	LSM-1814
DB00810	LSM-1235
DB00810	LSM-1495
DB00810	LSM-6403
DB00811	LSM-45572
DB00811	LSM-5189
DB00811	LSM-5701
DB00811	LSM-6426
DB00812	LSM-2219
DB00816	LSM-4318
DB00818	LSM-3847
DB00819	LSM-5543
DB00820	LSM-4109
DB00821	LSM-1350
DB00822	LSM-5467
DB00823	LSM-5321
DB00824	LSM-45973
DB00826	LSM-43295
DB00827	LSM-6552
DB00828	LSM-45458
DB00829	LSM-2359
DB00831	LSM-4010
DB00832	LSM-1359
DB00833	LSM-5368
DB00833	LSM-6481
DB00834	LSM-1569
DB00834	LSM-2822
DB00834	LSM-5552
DB00835	LSM-1736
DB00835	LSM-5386
DB00836	LSM-3365
DB00839	LSM-2699
DB00841	LSM-1807
DB00843	LSM-1598
DB00844	LSM-1908
DB00844	LSM-3477
DB00844	LSM-4983
DB00845	LSM-5669
DB00846	LSM-1605
DB00846	LSM-1993
DB00846	LSM-5687
DB00848	LSM-1579
DB00848	LSM-6655
DB00850	LSM-2224
DB00851	LSM-5487
DB00852	LSM-1633
DB00852	LSM-1961
DB00852	LSM-3885
DB00853	LSM-4590
DB00854	LSM-36603
DB00855	LSM-5677
DB00857	LSM-43227
DB00859	LSM-6626
DB00860	LSM-1425
DB00860	LSM-24954
DB00860	LSM-5778
DB00861	LSM-2490
DB00862	LSM-2292
DB00863	LSM-2298
DB00863	LSM-42885
DB00863	LSM-42886
DB00864	LSM-43009
DB00864	LSM-43010
DB00864	LSM-43224
DB00864	LSM-43302
DB00864	LSM-45484
DB00866	LSM-1238
DB00867	LSM-1664
DB00867	LSM-3138
DB00868	LSM-4052
DB00869	LSM-45672
DB00869	LSM-5597
DB00870	LSM-4406
DB00871	LSM-5065
DB00872	LSM-45291
DB00874	LSM-1896
DB00875	LSM-43011
DB00876	LSM-43101
DB00877	LSM-1052
DB00877	LSM-42782
DB00877	LSM-42783
DB00877	LSM-43134
DB00877	LSM-43269
DB00877	LSM-44623
DB00878	LSM-5633
DB00879	LSM-45730
DB00880	LSM-5942
DB00881	LSM-3620
DB00882	LSM-2072
DB00882	LSM-42849
DB00882	LSM-42850
DB00883	LSM-46167
DB00883	LSM-5454
DB00885	LSM-45285
DB00887	LSM-2848
DB00889	LSM-45509
DB00889	LSM-5231
DB00889	LSM-5283
DB00890	LSM-4142
DB00890	LSM-43043
DB00891	LSM-5531
DB00892	LSM-2069
DB00896	LSM-2685
DB00896	LSM-5414
DB00900	LSM-6017
DB00903	LSM-3420
DB00904	LSM-1375
DB00905	LSM-43159
DB00905	LSM-45826
DB00906	LSM-5700
DB00908	LSM-3325
DB00908	LSM-46038
DB00908	LSM-5109
DB00908	LSM-6020
DB00908	LSM-6452
DB00909	LSM-3062
DB00910	LSM-45519
DB00911	LSM-5948
DB00912	LSM-3863
DB00914	LSM-2233
DB00915	LSM-3571
DB00915	LSM-44958
DB00916	LSM-5628
DB00917	LSM-42919
DB00918	LSM-25659
DB00919	LSM-5298
DB00920	LSM-2637
DB00922	LSM-45954
DB00923	LSM-2838
DB00923	LSM-5241
DB00924	LSM-5537
DB00925	LSM-1729
DB00926	LSM-5491
DB00927	LSM-5201
DB00928	LSM-45701
DB00928	LSM-4967
DB00928	LSM-5218
DB00929	LSM-5066
DB00933	LSM-1329
DB00934	LSM-2043
DB00934	LSM-44956
DB00935	LSM-2353
DB00936	LSM-4763
DB00937	LSM-5038
DB00938	LSM-1240
DB00939	LSM-3108
DB00940	LSM-2202
DB00943	LSM-5915
DB00944	LSM-5622
DB00945	LSM-5288
DB00946	LSM-45746
DB00947	LSM-1895
DB00947	LSM-45338
DB00947	LSM-45768
DB00947	LSM-4986
DB00947	LSM-6504
DB00949	LSM-4232
DB00950	LSM-1770
DB00951	LSM-46042
DB00951	LSM-6682
DB00953	LSM-3691
DB00954	LSM-5636
DB00954	LSM-6519
DB00957	LSM-44968
DB00957	LSM-5384
DB00958	LSM-44959
DB00959	LSM-5485
DB00959	LSM-5889
DB00959	LSM-6457
DB00960	LSM-1953
DB00960	LSM-24941
DB00961	LSM-4306
DB00962	LSM-5971
DB00963	LSM-5585
DB00966	LSM-3657
DB00967	LSM-5887
DB00968	LSM-5596
DB00969	LSM-5576
DB00970	LSM-36885
DB00970	LSM-42703
DB00970	LSM-5783
DB00972	LSM-5127
DB00974	LSM-45734
DB00975	LSM-3927
DB00977	LSM-1251
DB00977	LSM-36887
DB00977	LSM-5593
DB00977	LSM-5945
DB00978	LSM-5145
DB00979	LSM-1800
DB00980	LSM-20965
DB00981	LSM-2558
DB00981	LSM-5037
DB00982	LSM-2135
DB00982	LSM-42854
DB00982	LSM-42855
DB00982	LSM-42856
DB00983	LSM-4251
DB00985	LSM-5581
DB00985	LSM-6066
DB00986	LSM-5163
DB00987	LSM-45355
DB00987	LSM-5470
DB00988	LSM-4630
DB00989	LSM-5280
DB00990	LSM-1773
DB00990	LSM-5474
DB00990	LSM-5984
DB00991	LSM-2553
DB00993	LSM-42936
DB00995	LSM-43205
DB00996	LSM-5716
DB00997	LSM-1622
DB00997	LSM-1799
DB00997	LSM-2078
DB00997	LSM-36423
DB00997	LSM-4062
DB00997	LSM-45684
DB00999	LSM-5308
DB01000	LSM-3987
DB01001	LSM-5178
DB01001	LSM-5480
DB01002	LSM-4301
DB01003	LSM-5370
DB01004	LSM-5382
DB01005	LSM-45988
DB01006	LSM-3980
DB01007	LSM-5028
DB01008	LSM-5388
DB01009	LSM-1955
DB01009	LSM-5547
DB01010	LSM-5867
DB01011	LSM-3035
DB01012	LSM-5815
DB01013	LSM-1414
DB01013	LSM-1697
DB01013	LSM-5281
DB01013	LSM-5904
DB01014	LSM-5532
DB01015	LSM-5422
DB01018	LSM-2716
DB01019	LSM-5196
DB01020	LSM-5883
DB01021	LSM-4383
DB01022	LSM-43150
DB01023	LSM-1447
DB01024	LSM-2681
DB01024	LSM-42933
DB01025	LSM-5432
DB01026	LSM-5148
DB01026	LSM-5430
DB01026	LSM-6434
DB01029	LSM-3338
DB01030	LSM-4296
DB01030	LSM-5662
DB01033	LSM-5963
DB01034	LSM-43210
DB01035	LSM-3681
DB01037	LSM-45964
DB01037	LSM-5920
DB01041	LSM-1914
DB01042	LSM-36838
DB01043	LSM-5154
DB01043	LSM-5966
DB01044	LSM-5139
DB01045	LSM-43162
DB01045	LSM-46033
DB01045	LSM-5207
DB01047	LSM-1337
DB01047	LSM-19002
DB01047	LSM-5579
DB01050	LSM-1354
DB01050	LSM-2323
DB01051	LSM-5910
DB01053	LSM-3229
DB01053	LSM-5595
DB01054	LSM-1246
DB01056	LSM-1909
DB01058	LSM-1387
DB01059	LSM-5286
DB01060	LSM-5654
DB01060	LSM-6540
DB01061	LSM-15179
DB01061	LSM-5812
DB01062	LSM-5111
DB01064	LSM-4311
DB01064	LSM-5393
DB01064	LSM-5503
DB01067	LSM-2251
DB01068	LSM-45776
DB01069	LSM-4440
DB01071	LSM-45474
DB01073	LSM-4828
DB01073	LSM-5023
DB01073	LSM-5747
DB01074	LSM-4353
DB01075	LSM-5581
DB01076	LSM-5164
DB01076	LSM-5771
DB01077	LSM-5508
DB01079	LSM-5375
DB01080	LSM-4959
DB01081	LSM-5534
DB01082	LSM-43341
DB01082	LSM-43343
DB01083	LSM-5724
DB01084	LSM-5331
DB01085	LSM-15522
DB01085	LSM-5909
DB01086	LSM-5830
DB01087	LSM-1649
DB01088	LSM-43147
DB01088	LSM-43345
DB01090	LSM-5561
DB01091	LSM-5956
DB01092	LSM-1580
DB01092	LSM-1740
DB01092	LSM-2781
DB01092	LSM-36355
DB01093	LSM-36361
DB01094	LSM-20933
DB01094	LSM-6444
DB01096	LSM-6378
DB01097	LSM-3771
DB01099	LSM-5878
DB01100	LSM-2001
DB01101	LSM-45531
DB01101	LSM-5705
DB01103	LSM-1577
DB01104	LSM-3843
DB01104	LSM-45979
DB01104	LSM-5673
DB01105	LSM-5000
DB01106	LSM-2731
DB01110	LSM-5165
DB01112	LSM-44947
DB01112	LSM-45094
DB01112	LSM-5500
DB01113	LSM-2338
DB01114	LSM-1263
DB01114	LSM-4008
DB01114	LSM-5517
DB01115	LSM-4176
DB01118	LSM-2379
DB01119	LSM-3639
DB01120	LSM-5096
DB01121	LSM-19006
DB01124	LSM-3907
DB01126	LSM-45861
DB01127	LSM-1617
DB01128	LSM-1437
DB01129	LSM-5045
DB01130	LSM-3017
DB01130	LSM-5993
DB01131	LSM-2618
DB01132	LSM-1592
DB01133	LSM-45491
DB01136	LSM-1310
DB01137	LSM-4370
DB01137	LSM-5270
DB01138	LSM-1491
DB01140	LSM-5722
DB01140	LSM-6468
DB01142	LSM-2803
DB01142	LSM-42947
DB01142	LSM-42948
DB01143	LSM-4721
DB01144	LSM-3602
DB01146	LSM-5385
DB01147	LSM-15183
DB01147	LSM-5392
DB01148	LSM-3050
DB01149	LSM-4031
DB01150	LSM-43968
DB01151	LSM-3351
DB01153	LSM-1938
DB01154	LSM-4367
DB01156	LSM-1267
DB01158	LSM-5607
DB01160	LSM-43267
DB01160	LSM-45599
DB01162	LSM-4997
DB01163	LSM-5528
DB01165	LSM-4370
DB01165	LSM-5270
DB01166	LSM-3491
DB01167	LSM-45773
DB01167	LSM-5032
DB01168	LSM-2272
DB01170	LSM-6719
DB01171	LSM-5247
DB01172	LSM-5261
DB01173	LSM-1630
DB01175	LSM-1585
DB01175	LSM-3569
DB01176	LSM-5857
DB01177	LSM-3917
DB01177	LSM-5769
DB01177	LSM-6192
DB01178	LSM-4356
DB01179	LSM-3055
DB01179	LSM-36850
DB01179	LSM-5703
DB01180	LSM-42980
DB01181	LSM-5118
DB01182	LSM-1416
DB01183	LSM-1499
DB01183	LSM-1749
DB01183	LSM-3504
DB01184	LSM-2850
DB01185	LSM-36859
DB01186	LSM-3352
DB01188	LSM-5307
DB01190	LSM-4366
DB01190	LSM-45814
DB01190	LSM-6406
DB01191	LSM-5685
DB01193	LSM-4384
DB01194	LSM-3677
DB01195	LSM-1297
DB01196	LSM-45460
DB01197	LSM-5648
DB01198	LSM-4408
DB01199	LSM-4245
DB01200	LSM-1670
DB01200	LSM-1746
DB01200	LSM-1817
DB01200	LSM-5805
DB01200	LSM-6550
DB01201	LSM-43188
DB01201	LSM-46028
DB01201	LSM-5420
DB01202	LSM-5603
DB01203	LSM-1879
DB01203	LSM-1950
DB01204	LSM-2481
DB01205	LSM-4228
DB01208	LSM-45959
DB01208	LSM-5251
DB01210	LSM-5810
DB01210	LSM-6578
DB01211	LSM-5606
DB01213	LSM-5671
DB01216	LSM-1842
DB01216	LSM-1999
DB01216	LSM-5692
DB01217	LSM-5631
DB01218	LSM-5072
DB01219	LSM-3823
DB01220	LSM-43244
DB01220	LSM-46032
DB01220	LSM-5951
DB01222	LSM-1472
DB01222	LSM-1673
DB01222	LSM-1835
DB01222	LSM-5090
DB01223	LSM-6010
DB01224	LSM-3543
DB01229	LSM-1102
DB01229	LSM-1400
DB01229	LSM-5923
DB01229	LSM-6346
DB01230	LSM-5159
DB01231	LSM-2008
DB01232	LSM-2205
DB01232	LSM-45573
DB01232	LSM-5773
DB01233	LSM-3689
DB01234	LSM-1248
DB01234	LSM-1303
DB01234	LSM-2864
DB01234	LSM-4412
DB01234	LSM-4466
DB01234	LSM-5202
DB01234	LSM-5512
DB01235	LSM-5481
DB01238	LSM-5776
DB01239	LSM-3310
DB01239	LSM-42990
DB01241	LSM-2227
DB01242	LSM-3171
DB01243	LSM-2371
DB01244	LSM-1898
DB01245	LSM-6606
DB01246	LSM-1599
DB01247	LSM-4101
DB01248	LSM-45649
DB01248	LSM-5444
DB01248	LSM-5535
DB01248	LSM-5723
DB01248	LSM-6360
DB01249	LSM-4960
DB01251	LSM-3809
DB01252	LSM-45488
DB01253	LSM-1771
DB01254	LSM-1020
DB01256	LSM-45949
DB01259	LSM-1051
DB01261	LSM-5363
DB01262	LSM-5855
DB01262	LSM-6440
DB01264	LSM-45520
DB01265	LSM-45942
DB01268	LSM-42800
DB01268	LSM-46130
DB01273	LSM-45774
DB01273	LSM-5358
DB01274	LSM-4251
DB01275	LSM-15370
DB01280	LSM-45931
DB01288	LSM-1948
DB01294	LSM-4763
DB01296	LSM-36429
DB01297	LSM-1531
DB01299	LSM-5657
DB01325	LSM-1666
DB01327	LSM-34744
DB01327	LSM-5113
DB01327	LSM-5632
DB01329	LSM-15520
DB01329	LSM-6526
DB01330	LSM-45671
DB01330	LSM-5961
DB01331	LSM-5786
DB01337	LSM-5168
DB01337	LSM-5931
DB01337	LSM-6388
DB01339	LSM-5367
DB01339	LSM-5452
DB01339	LSM-5709
DB01346	LSM-3325
DB01346	LSM-46038
DB01346	LSM-5109
DB01346	LSM-6020
DB01346	LSM-6452
DB01357	LSM-1332
DB01357	LSM-2693
DB01357	LSM-5275
DB01359	LSM-43256
DB01362	LSM-5095
DB01364	LSM-1633
DB01364	LSM-1961
DB01364	LSM-3885
DB01365	LSM-2396
DB01366	LSM-1391
DB01367	LSM-45548
DB01380	LSM-1635
DB01380	LSM-5917
DB01388	LSM-2192
DB01388	LSM-5062
DB01392	LSM-15381
DB01392	LSM-1614
DB01392	LSM-1877
DB01392	LSM-2124
DB01392	LSM-2779
DB01392	LSM-6031
DB01392	LSM-6465
DB01393	LSM-3015
DB01394	LSM-5199
DB01395	LSM-45614
DB01396	LSM-1913
DB01396	LSM-42702
DB01397	LSM-4763
DB01399	LSM-45517
DB01400	LSM-5360
DB01401	LSM-4763
DB01403	LSM-2778
DB01406	LSM-1379
DB01406	LSM-1906
DB01406	LSM-3073
DB01406	LSM-5373
DB01406	LSM-6384
DB01407	LSM-5144
DB01408	LSM-4346
DB01410	LSM-45682
DB01411	LSM-6006
DB01412	LSM-5483
DB01413	LSM-45262
DB01413	LSM-5686
DB01418	LSM-5112
DB01420	LSM-1594
DB01420	LSM-4025
DB01420	LSM-6663
DB01421	LSM-5194
DB01421	LSM-6407
DB01424	LSM-20000
DB01425	LSM-4953
DB01426	LSM-21619
DB01426	LSM-21654
DB01426	LSM-6400
DB01427	LSM-6600
DB01428	LSM-3309
DB01430	LSM-45641
DB01435	LSM-3038
DB01436	LSM-43246
DB01436	LSM-5918
DB01438	LSM-3705
DB01486	LSM-5416
DB01493	LSM-5515
DB01495	LSM-3038
DB01536	LSM-5464
DB01580	LSM-1554
DB01581	LSM-5979
DB01582	LSM-5295
DB01583	LSM-1780
DB01583	LSM-3991
DB01583	LSM-5447
DB01586	LSM-45742
DB01586	LSM-5353
DB01586	LSM-5509
DB01586	LSM-5720
DB01586	LSM-6555
DB01590	LSM-4258
DB01590	LSM-43054
DB01590	LSM-43055
DB01590	LSM-43172
DB01591	LSM-45423
DB01595	LSM-5681
DB01597	LSM-1894
DB01597	LSM-43242
DB01598	LSM-5539
DB01598	LSM-6568
DB01599	LSM-3617
DB01600	LSM-1769
DB01601	LSM-6027
DB01602	LSM-5027
DB01604	LSM-5767
DB01604	LSM-6580
DB01605	LSM-3494
DB01605	LSM-5651
DB01606	LSM-45434
DB01606	LSM-5323
DB01607	LSM-5160
DB01608	LSM-24971
DB01609	LSM-45297
DB01611	LSM-5193
DB01614	LSM-4609
DB01616	LSM-3988
DB01618	LSM-1709
DB01620	LSM-1397
DB01622	LSM-2170
DB01623	LSM-43048
DB01624	LSM-2631
DB01624	LSM-42927
DB01625	LSM-6549
DB01626	LSM-3878
DB01627	LSM-15374
DB01627	LSM-5602
DB01628	LSM-5650
DB01638	LSM-36877
DB01638	LSM-45695
DB01645	LSM-5549
DB01656	LSM-45821
DB01667	LSM-6615
DB01685	LSM-45827
DB01686	LSM-45294
DB01692	LSM-36870
DB01698	LSM-1477
DB01698	LSM-2457
DB01698	LSM-45936
DB01700	LSM-4460
DB01708	LSM-4359
DB01708	LSM-45807
DB01708	LSM-6506
DB01731	LSM-1364
DB01735	LSM-6205
DB01751	LSM-25628
DB01782	LSM-1163
DB01791	LSM-45391
DB01809	LSM-3047
DB01816	LSM-45891
DB01833	LSM-6602
DB01839	LSM-36856
DB01852	LSM-5304
DB01880	LSM-43168
DB01880	LSM-5272
DB01889	LSM-5400
DB01924	LSM-36789
DB01931	LSM-19039
DB01944	LSM-6195
DB01950	LSM-3514
DB01954	LSM-1471
DB01954	LSM-25607
DB01954	LSM-25638
DB01997	LSM-20959
DB02010	LSM-1103
DB02010	LSM-6442
DB02020	LSM-2775
DB02021	LSM-45733
DB02032	LSM-5648
DB02034	LSM-45602
DB02052	LSM-2430
DB02056	LSM-43167
DB02097	LSM-45355
DB02097	LSM-5470
DB02101	LSM-45733
DB02116	LSM-3857
DB02159	LSM-36856
DB02161	LSM-1299
DB02161	LSM-1782
DB02161	LSM-46037
DB02161	LSM-5047
DB02166	LSM-5329
DB02169	LSM-44932
DB02169	LSM-45373
DB02174	LSM-4741
DB02184	LSM-36870
DB02187	LSM-1881
DB02187	LSM-2063
DB02187	LSM-5682
DB02207	LSM-5222
DB02224	LSM-5990
DB02224	LSM-5997
DB02234	LSM-15215
DB02255	LSM-3143
DB02266	LSM-2973
DB02300	LSM-3254
DB02300	LSM-42986
DB02300	LSM-44621
DB02304	LSM-43031
DB02329	LSM-1963
DB02329	LSM-2267
DB02329	LSM-5378
DB02342	LSM-21593
DB02342	LSM-21627
DB02342	LSM-45490
DB02365	LSM-18864
DB02375	LSM-2957
DB02424	LSM-42789
DB02424	LSM-42815
DB02464	LSM-3700
DB02507	LSM-1405
DB02507	LSM-5404
DB02509	LSM-43184
DB02517	LSM-36375
DB02545	LSM-2746
DB02546	LSM-3828
DB02565	LSM-37091
DB02587	LSM-1644
DB02587	LSM-2193
DB02587	LSM-3745
DB02587	LSM-4467
DB02594	LSM-45794
DB02600	LSM-45567
DB02656	LSM-2597
DB02659	LSM-5541
DB02665	LSM-1562
DB02665	LSM-5578
DB02665	LSM-5943
DB02678	LSM-36429
DB02690	LSM-4643
DB02691	LSM-3222
DB02691	LSM-6431
DB02701	LSM-5428
DB02703	LSM-43063
DB02703	LSM-43308
DB02703	LSM-6487
DB02709	LSM-2557
DB02709	LSM-42917
DB02712	LSM-45835
DB02731	LSM-5710
DB02733	LSM-2923
DB02736	LSM-37224
DB02758	LSM-45797
DB02789	LSM-5489
DB02789	LSM-5550
DB02789	LSM-6429
DB02846	LSM-45901
DB02854	LSM-5019
DB02854	LSM-5513
DB02854	LSM-5861
DB02854	LSM-6438
DB02854	LSM-6494
DB02860	LSM-42823
DB02860	LSM-46034
DB02877	LSM-3525
DB02877	LSM-43006
DB02918	LSM-2833
DB02925	LSM-3959
DB02932	LSM-1437
DB02967	LSM-4219
DB03010	LSM-43208
DB03010	LSM-46001
DB03023	LSM-4153
DB03034	LSM-4370
DB03034	LSM-5270
DB03044	LSM-1170
DB03052	LSM-45588
DB03068	LSM-36362
DB03068	LSM-45142
DB03068	LSM-6181
DB03083	LSM-42870
DB03106	LSM-45237
DB03125	LSM-5246
DB03128	LSM-5888
DB03203	LSM-43218
DB03225	LSM-36836
DB03256	LSM-5146
DB03285	LSM-43093
DB03307	LSM-3612
DB03312	LSM-45383
DB03316	LSM-37087
DB03319	LSM-1708
DB03322	LSM-4329
DB03322	LSM-5318
DB03322	LSM-5972
DB03353	LSM-45242
DB03374	LSM-5697
DB03424	LSM-3323
DB03428	LSM-44082
DB03444	LSM-42780
DB03459	LSM-6202
DB03467	LSM-1927
DB03467	LSM-45876
DB03496	LSM-1011
DB03523	LSM-45952
DB03528	LSM-28568
DB03528	LSM-4491
DB03528	LSM-5800
DB03528	LSM-6461
DB03535	LSM-3340
DB03566	LSM-37075
DB03585	LSM-5029
DB03587	LSM-45148
DB03601	LSM-45621
DB03604	LSM-5706
DB03606	LSM-1471
DB03606	LSM-25607
DB03606	LSM-25638
DB03608	LSM-45976
DB03615	LSM-5091
DB03615	LSM-6376
DB03619	LSM-36393
DB03619	LSM-5529
DB03644	LSM-20979
DB03671	LSM-2405
DB03671	LSM-5656
DB03671	LSM-6480
DB03701	LSM-2703
DB03719	LSM-1481
DB03719	LSM-21607
DB03756	LSM-42954
DB03758	LSM-43197
DB03758	LSM-43303
DB03758	LSM-43318
DB03759	LSM-3911
DB03777	LSM-2677
DB03783	LSM-2851
DB03785	LSM-6191
DB03791	LSM-2738
DB03793	LSM-37118
DB03823	LSM-20967
DB03849	LSM-45782
DB03849	LSM-5719
DB03856	LSM-45424
DB03880	LSM-6276
DB03894	LSM-45548
DB03904	LSM-45688
DB03918	LSM-5120
DB03921	LSM-2120
DB03929	LSM-45895
DB03940	LSM-6631
DB03944	LSM-45380
DB04014	LSM-6558
DB04017	LSM-5808
DB04018	LSM-15203
DB04026	LSM-6411
DB04100	LSM-18864
DB04115	LSM-6553
DB04145	LSM-37188
DB04149	LSM-1471
DB04149	LSM-25607
DB04149	LSM-25638
DB04168	LSM-45243
DB04175	LSM-3330
DB04177	LSM-2401
DB04177	LSM-5974
DB04179	LSM-36964
DB04209	LSM-5846
DB04216	LSM-4199
DB04228	LSM-4358
DB04258	LSM-45464
DB04275	LSM-20977
DB04275	LSM-37132
DB04293	LSM-5429
DB04297	LSM-42814
DB04297	LSM-43005
DB04331	LSM-1809
DB04335	LSM-45268
DB04342	LSM-5527
DB04348	LSM-5866
DB04349	LSM-36856
DB04365	LSM-15214
DB04382	LSM-37253
DB04400	LSM-4949
DB04441	LSM-4828
DB04441	LSM-5023
DB04441	LSM-5747
DB04447	LSM-36870
DB04459	LSM-20945
DB04462	LSM-4192
DB04466	LSM-37165
DB04468	LSM-42848
DB04484	LSM-19018
DB04485	LSM-45942
DB04513	LSM-4021
DB04528	LSM-20951
DB04546	LSM-45781
DB04552	LSM-6016
DB04557	LSM-43316
DB04562	LSM-37013
DB04571	LSM-3223
DB04572	LSM-2194
DB04573	LSM-1365
DB04573	LSM-2368
DB04573	LSM-36949
DB04573	LSM-5468
DB04574	LSM-1389
DB04574	LSM-3126
DB04574	LSM-5780
DB04576	LSM-6633
DB04581	LSM-37046
DB04599	LSM-3969
DB04604	LSM-4349
DB04608	LSM-3862
DB04626	LSM-5098
DB04626	LSM-6381
DB04630	LSM-42770
DB04638	LSM-24990
DB04650	LSM-3994
DB04650	LSM-5727
DB04650	LSM-6430
DB04652	LSM-5436
DB04652	LSM-5814
DB04657	LSM-25660
DB04660	LSM-45427
DB04662	LSM-6356
DB04665	LSM-2519
DB04690	LSM-1442
DB04690	LSM-4611
DB04703	LSM-2858
DB04703	LSM-45813
DB04703	LSM-6379
DB04707	LSM-3744
DB04711	LSM-3496
DB04729	LSM-6037
DB04743	LSM-3718
DB04751	LSM-3118
DB04769	LSM-42784
DB04769	LSM-42785
DB04786	LSM-5775
DB04787	LSM-45780
DB04794	LSM-5184
DB04795	LSM-1997
DB04813	LSM-2862
DB04815	LSM-2186
DB04816	LSM-2208
DB04817	LSM-5839
DB04818	LSM-5940
DB04819	LSM-5582
DB04820	LSM-5300
DB04821	LSM-4388
DB04824	LSM-2432
DB04825	LSM-4963
DB04827	LSM-37020
DB04828	LSM-6673
DB04831	LSM-5478
DB04832	LSM-3042
DB04832	LSM-42965
DB04835	LSM-6182
DB04836	LSM-45457
DB04839	LSM-1519
DB04839	LSM-21631
DB04839	LSM-45961
DB04839	LSM-5071
DB04840	LSM-43253
DB04841	LSM-2250
DB04841	LSM-42878
DB04842	LSM-3748
DB04843	LSM-5102
DB04844	LSM-36891
DB04844	LSM-37018
DB04844	LSM-4151
DB04845	LSM-43293
DB04845	LSM-46135
DB04846	LSM-5187
DB04849	LSM-5926
DB04854	LSM-3064
DB04855	LSM-45428
DB04856	LSM-45970
DB04858	LSM-45275
DB04861	LSM-45235
DB04862	LSM-45503
DB04864	LSM-42822
DB04864	LSM-43177
DB04864	LSM-43203
DB04864	LSM-43204
DB04865	LSM-3716
DB04867	LSM-2780
DB04868	LSM-1099
DB04871	LSM-45745
DB04878	LSM-45566
DB04879	LSM-5774
DB04881	LSM-45579
DB04890	LSM-45480
DB04896	LSM-45870
DB04896	LSM-5211
DB04905	LSM-3805
DB04910	LSM-3153
DB04924	LSM-6004
DB04936	LSM-45839
DB04942	LSM-5493
DB04944	LSM-36941
DB04944	LSM-4498
DB04946	LSM-5598
DB04948	LSM-4951
DB04951	LSM-4190
DB04953	LSM-45405
DB04960	LSM-6258
DB04960	LSM-6259
DB05003	LSM-45234
DB05013	LSM-45681
DB05015	LSM-43181
DB05016	LSM-5991
DB05022	LSM-5667
DB05039	LSM-45506
DB05075	LSM-45980
DB05076	LSM-2616
DB05076	LSM-42925
DB05087	LSM-45679
DB05107	LSM-6294
DB05134	LSM-43056
DB05134	LSM-43238
DB05134	LSM-43239
DB05137	LSM-5744
DB05137	LSM-6479
DB05154	LSM-45767
DB05171	LSM-45770
DB05197	LSM-45400
DB05220	LSM-37184
DB05223	LSM-43290
DB05239	LSM-45714
DB05262	LSM-45232
DB05265	LSM-45939
DB05266	LSM-2357
DB05271	LSM-45883
DB05288	LSM-45607
DB05289	LSM-5174
DB05294	LSM-1199
DB05316	LSM-45960
DB05351	LSM-5064
DB05381	LSM-45288
DB05383	LSM-45273
DB05412	LSM-45867
DB05416	LSM-5330
DB05420	LSM-37076
DB05424	LSM-1120
DB05448	LSM-4918
DB05450	LSM-45816
DB05465	LSM-5949
DB05470	LSM-5252
DB05482	LSM-45563
DB05482	LSM-6189
DB05501	LSM-45591
DB05511	LSM-1380
DB05511	LSM-1595
DB05511	LSM-45709
DB05524	LSM-1160
DB05524	LSM-42796
DB05552	LSM-5731
DB05575	LSM-1042
DB05607	LSM-45523
DB05611	LSM-45286
DB05667	LSM-5148
DB05667	LSM-5430
DB05667	LSM-6434
DB05676	LSM-45894
DB05719	LSM-4929
DB05767	LSM-45595
DB05812	LSM-5658
DB05861	LSM-45815
DB05913	LSM-1179
DB05928	LSM-1127
DB05943	LSM-45934
DB05944	LSM-45403
DB05964	LSM-45748
DB05969	LSM-1132
DB05983	LSM-45471
DB05984	LSM-1207
DB05992	LSM-43250
DB06016	LSM-45253
DB06021	LSM-45753
DB06061	LSM-1165
DB06075	LSM-1135
DB06075	LSM-45278
DB06091	LSM-45919
DB06134	LSM-5795
DB06137	LSM-45890
DB06144	LSM-5765
DB06145	LSM-43114
DB06147	LSM-5327
DB06148	LSM-1374
DB06150	LSM-5790
DB06151	LSM-45626
DB06151	LSM-4672
DB06152	LSM-1492
DB06153	LSM-3695
DB06155	LSM-36994
DB06157	LSM-45263
DB06169	LSM-45387
DB06174	LSM-1613
DB06174	LSM-21629
DB06174	LSM-3997
DB06174	LSM-4043
DB06174	LSM-5741
DB06174	LSM-6422
DB06176	LSM-45396
DB06179	LSM-4924
DB06188	LSM-5732
DB06191	LSM-5782
DB06195	LSM-1001
DB06199	LSM-45787
DB06201	LSM-45759
DB06212	LSM-45837
DB06213	LSM-45927
DB06216	LSM-45575
DB06216	LSM-5679
DB06217	LSM-45707
DB06218	LSM-45385
DB06228	LSM-45951
DB06228	LSM-5499
DB06230	LSM-6644
DB06233	LSM-43190
DB06233	LSM-45997
DB06234	LSM-45590
DB06235	LSM-45482
DB06237	LSM-45456
DB06243	LSM-45424
DB06247	LSM-45388
DB06253	LSM-45889
DB06264	LSM-4381
DB06266	LSM-6272
DB06272	LSM-45401
DB06274	LSM-45414
DB06280	LSM-45645
DB06281	LSM-45543
DB06282	LSM-1544
DB06282	LSM-5412
DB06287	LSM-4295
DB06287	LSM-43061
DB06287	LSM-45994
DB06288	LSM-1669
DB06290	LSM-45598
DB06292	LSM-45664
DB06306	LSM-45514
DB06309	LSM-45886
DB06311	LSM-45613
DB06314	LSM-1123
DB06335	LSM-45955
DB06354	LSM-45407
DB06393	LSM-3966
DB06397	LSM-45966
DB06401	LSM-45508
DB06403	LSM-45789
DB06403	LSM-5031
DB06410	LSM-43175
DB06413	LSM-1343
DB06413	LSM-45603
DB06414	LSM-45824
DB06429	LSM-45828
DB06436	LSM-42995
DB06442	LSM-45417
DB06444	LSM-4978
DB06448	LSM-45716
DB06455	LSM-37025
DB06457	LSM-45608
DB06458	LSM-1489
DB06468	LSM-45738
DB06469	LSM-1231
DB06469	LSM-45844
DB06470	LSM-3110
DB06479	LSM-3315
DB06486	LSM-1069
DB06523	LSM-45572
DB06523	LSM-5189
DB06523	LSM-5701
DB06523	LSM-6426
DB06527	LSM-45751
DB06530	LSM-45841
DB06536	LSM-45922
DB06554	LSM-5947
DB06555	LSM-45705
DB06578	LSM-45914
DB06581	LSM-45795
DB06589	LSM-1114
DB06594	LSM-45989
DB06595	LSM-1221
DB06595	LSM-2287
DB06603	LSM-4284
DB06603	LSM-43059
DB06605	LSM-45660
DB06616	LSM-1190
DB06618	LSM-45619
DB06623	LSM-5616
DB06624	LSM-45803
DB06626	LSM-43191
DB06629	LSM-5453
DB06630	LSM-45618
DB06635	LSM-45819
DB06637	LSM-45521
DB06645	LSM-45737
DB06652	LSM-6059
DB06654	LSM-45956
DB06654	LSM-5906
DB06663	LSM-45412
DB06670	LSM-45851
DB06673	LSM-45611
DB06678	LSM-1706
DB06678	LSM-5894
DB06684	LSM-45389
DB06691	LSM-4206
DB06693	LSM-4123
DB06693	LSM-5461
DB06694	LSM-5262
DB06695	LSM-45249
DB06697	LSM-5519
DB06698	LSM-4044
DB06700	LSM-45451
DB06704	LSM-2969
DB06706	LSM-45213
DB06707	LSM-6525
DB06709	LSM-6405
DB06710	LSM-36837
DB06710	LSM-5902
DB06711	LSM-3737
DB06712	LSM-6501
DB06718	LSM-5853
DB06729	LSM-5279
DB06733	LSM-44624
DB06733	LSM-44931
DB06735	LSM-2072
DB06735	LSM-42849
DB06735	LSM-42850
DB06736	LSM-5762
DB06741	LSM-3097
DB06743	LSM-6414
DB06744	LSM-45504
DB06762	LSM-1557
DB06764	LSM-1430
DB06769	LSM-45554
DB06772	LSM-46002
DB06774	LSM-43179
DB06774	LSM-43180
DB06775	LSM-45453
DB06777	LSM-45742
DB06777	LSM-5353
DB06777	LSM-5509
DB06777	LSM-5720
DB06777	LSM-6555
DB06780	LSM-1787
DB06780	LSM-20964
DB06786	LSM-3832
DB06786	LSM-5794
DB06786	LSM-6509
DB06789	LSM-4900
DB06793	LSM-44977
DB06794	LSM-45990
DB06795	LSM-5445
DB06799	LSM-5440
DB06800	LSM-45638
DB06802	LSM-45729
DB06803	LSM-2787
DB06804	LSM-3971
DB06807	LSM-25664
DB06809	LSM-36826
DB06813	LSM-45944
DB06816	LSM-45210
DB06816	LSM-46029
DB06817	LSM-5233
DB06819	LSM-5751
DB06820	LSM-1751
DB06821	LSM-6683
DB06824	LSM-45752
DB06825	LSM-46025
DB06827	LSM-5937
DB06836	LSM-1191
DB06842	LSM-22623
DB06870	LSM-5185
DB06922	LSM-2825
DB06926	LSM-43243
DB06960	LSM-1629
DB06960	LSM-42957
DB06973	LSM-37080
DB06987	LSM-4355
DB06987	LSM-5562
DB06987	LSM-5757
DB06999	LSM-1049
DB07002	LSM-6244
DB07080	LSM-2509
DB07096	LSM-3103
DB07101	LSM-1101
DB07101	LSM-5068
DB07118	LSM-3025
DB07126	LSM-4287
DB07129	LSM-1700
DB07138	LSM-1169
DB07159	LSM-1040
DB07223	LSM-1653
DB07232	LSM-1146
DB07232	LSM-45805
DB07232	LSM-5067
DB07238	LSM-45670
DB07286	LSM-45662
DB07340	LSM-5842
DB07348	LSM-1349
DB07348	LSM-42812
DB07348	LSM-44631
DB07350	LSM-43231
DB07352	LSM-5206
DB07364	LSM-4110
DB07373	LSM-1933
DB07374	LSM-4047
DB07374	LSM-5886
DB07379	LSM-2151
DB07392	LSM-18990
DB07403	LSM-45675
DB07403	LSM-6250
DB07423	LSM-5880
DB07425	LSM-45487
DB07460	LSM-1208
DB07465	LSM-45955
DB07467	LSM-1936
DB07477	LSM-5965
DB07503	LSM-43222
DB07557	LSM-5041
DB07558	LSM-37060
DB07594	LSM-3461
DB07615	LSM-2388
DB07615	LSM-42898
DB07628	LSM-3830
DB07677	LSM-4130
DB07692	LSM-3273
DB07697	LSM-2975
DB07701	LSM-1598
DB07702	LSM-1365
DB07702	LSM-2368
DB07702	LSM-36949
DB07702	LSM-5468
DB07705	LSM-1617
DB07711	LSM-2600
DB07715	LSM-18994
DB07720	LSM-1518
DB07726	LSM-36677
DB07767	LSM-44126
DB07768	LSM-1628
DB07768	LSM-1643
DB07768	LSM-2564
DB07768	LSM-5153
DB07780	LSM-44625
DB07788	LSM-43344
DB07794	LSM-42790
DB07795	LSM-6579
DB07802	LSM-20498
DB07810	LSM-6221
DB07814	LSM-4083
DB07814	LSM-6641
DB07841	LSM-44619
DB07859	LSM-1155
DB07863	LSM-4097
DB07919	LSM-5451
DB07931	LSM-4300
DB07933	LSM-45465
DB07941	LSM-36373
DB07954	LSM-24983
DB07970	LSM-1003
DB07995	LSM-2608
DB07995	LSM-42924
DB07996	LSM-5082
DB07997	LSM-2410
DB08009	LSM-43098
DB08022	LSM-1034
DB08039	LSM-1219
DB08039	LSM-42805
DB08046	LSM-1417
DB08059	LSM-1318
DB08059	LSM-1788
DB08059	LSM-3947
DB08067	LSM-37023
DB08073	LSM-1045
DB08078	LSM-6012
DB08079	LSM-45438
DB08080	LSM-43068
DB08094	LSM-45812
DB08142	LSM-1004
DB08162	LSM-3715
DB08167	LSM-4555
DB08175	LSM-42820
DB08190	LSM-20986
DB08263	LSM-6270
DB08313	LSM-2260
DB08348	LSM-4937
DB08387	LSM-45476
DB08399	LSM-2575
DB08399	LSM-42918
DB08435	LSM-43081
DB08435	LSM-43082
DB08435	LSM-43305
DB08437	LSM-1431
DB08437	LSM-2788
DB08437	LSM-4379
DB08437	LSM-6734
DB08439	LSM-5316
DB08451	LSM-27989
DB08463	LSM-6707
DB08472	LSM-1449
DB08473	LSM-22611
DB08473	LSM-5138
DB08486	LSM-45515
DB08490	LSM-45524
DB08496	LSM-1405
DB08496	LSM-5404
DB08521	LSM-1168
DB08544	LSM-1449
DB08547	LSM-4401
DB08597	LSM-3207
DB08603	LSM-2211
DB08604	LSM-2929
DB08607	LSM-4890
DB08621	LSM-5858
DB08626	LSM-1652
DB08633	LSM-37119
DB08639	LSM-45463
DB08645	LSM-4383
DB08683	LSM-1274
DB08705	LSM-45152
DB08756	LSM-1177
DB08756	LSM-2974
DB08756	LSM-44936
DB08770	LSM-2444
DB08782	LSM-6551
DB08784	LSM-45323
DB08799	LSM-6023
DB08800	LSM-5896
DB08801	LSM-15526
DB08806	LSM-5874
DB08807	LSM-45796
DB08809	LSM-5314
DB08814	LSM-5797
DB08815	LSM-45843
DB08816	LSM-45528
DB08820	LSM-45975
DB08826	LSM-36972
DB08827	LSM-45564
DB08828	LSM-45691
DB08833	LSM-45947
DB08835	LSM-6003
DB08839	LSM-6589
DB08841	LSM-19016
DB08846	LSM-36455
DB08849	LSM-6517
DB08858	LSM-3222
DB08858	LSM-6431
DB08864	LSM-45777
DB08865	LSM-1027
DB08868	LSM-45416
DB08874	LSM-45998
DB08875	LSM-1195
DB08877	LSM-1139
DB08881	LSM-1068
DB08882	LSM-45916
DB08883	LSM-45792
DB08889	LSM-45547
DB08891	LSM-5169
DB08895	LSM-1227
DB08895	LSM-45505
DB08896	LSM-1226
DB08897	LSM-45884
DB08899	LSM-6254
DB08901	LSM-1151
DB08907	LSM-45965
DB08908	LSM-45569
DB08910	LSM-45637
DB08911	LSM-1143
DB08912	LSM-6303
DB08916	LSM-42794
DB08916	LSM-43226
DB08916	LSM-46132
DB08918	LSM-45870
DB08918	LSM-5211
DB08922	LSM-5912
DB08927	LSM-3159
DB08930	LSM-45596
DB08931	LSM-45758
DB08932	LSM-45420
DB08933	LSM-45409
DB08934	LSM-45846
DB08936	LSM-5088
DB08941	LSM-1346
DB08941	LSM-1778
DB08943	LSM-6515
DB08946	LSM-1545
DB08947	LSM-5833
DB08950	LSM-45580
DB08951	LSM-1564
DB08954	LSM-4369
DB08958	LSM-4988
DB08960	LSM-5277
DB08966	LSM-1753
DB08966	LSM-42831
DB08972	LSM-5129
DB08974	LSM-5916
DB08979	LSM-5410
DB08980	LSM-5133
DB08981	LSM-2258
DB08984	LSM-5813
DB08985	LSM-1302
DB08989	LSM-2846
DB08991	LSM-2868
DB08995	LSM-5989
DB09002	LSM-5161
DB09004	LSM-5055
DB09006	LSM-45783
DB09009	LSM-1750
DB09010	LSM-5293
DB09015	LSM-1434
DB09015	LSM-3029
DB09015	LSM-5643
DB09018	LSM-6656
DB09019	LSM-3048
DB09020	LSM-2883
DB09022	LSM-4365
DB09023	LSM-5908
DB09026	LSM-2653
DB09027	LSM-45925
DB09028	LSM-22634
DB09028	LSM-25650
DB09028	LSM-6464
DB09031	LSM-45587
DB09034	LSM-45422
DB09038	LSM-45879
DB09053	LSM-1129
DB09053	LSM-45830
DB09054	LSM-1205
DB09055	LSM-5726
DB09063	LSM-36374
DB09064	LSM-1600
DB09065	LSM-45771
DB09068	LSM-45585
DB09069	LSM-5938
DB09070	LSM-45847
DB09070	LSM-5274
DB09070	LSM-6652
DB09073	LSM-1071
DB09074	LSM-1145
DB09075	LSM-45848
DB09076	LSM-45495
DB09078	LSM-45581
DB09083	LSM-45499
DB09084	LSM-5423
DB09085	LSM-4633
DB09086	LSM-2720
DB09088	LSM-1292
DB09089	LSM-5182
DB09090	LSM-45920
DB09092	LSM-4950
DB09094	LSM-3055
DB09094	LSM-36850
DB09094	LSM-5703
DB09099	LSM-5326
DB09101	LSM-5647
DB09110	LSM-6047
DB09115	LSM-25652
DB09118	LSM-43154
DB09120	LSM-43179
DB09120	LSM-43180
DB09123	LSM-45823
DB09128	LSM-45790
DB09134	LSM-5116
DB09143	LSM-4938
DB09156	LSM-5134
DB09166	LSM-45652
DB09167	LSM-3221
DB09167	LSM-42984
DB09167	LSM-42985
DB09183	LSM-45402
DB09185	LSM-5092
DB09186	LSM-1934
DB09201	LSM-1911
DB09202	LSM-3204
DB09203	LSM-4956
DB09205	LSM-5868
DB09210	LSM-5364
DB09212	LSM-5054
DB09213	LSM-1354
DB09213	LSM-2323
DB09214	LSM-1955
DB09214	LSM-5547
DB09216	LSM-5612
DB09218	LSM-45215
DB09220	LSM-6009
DB09223	LSM-45717
DB09224	LSM-4090
DB09225	LSM-6636
DB09232	LSM-1284
DB09236	LSM-46031
DB09236	LSM-5236
DB09237	LSM-1388
DB09239	LSM-15284
DB09239	LSM-15285
DB09239	LSM-1688
DB09241	LSM-4555
DB09242	LSM-3743
DB09244	LSM-1636
DB09256	LSM-45985
DB09256	LSM-5155
DB09257	LSM-45923
DB09273	LSM-5779
DB09274	LSM-45731
DB09274	LSM-4916
DB09274	LSM-5859
DB09280	LSM-45571
DB09282	LSM-25617
DB09282	LSM-2777
DB09283	LSM-4152
DB09286	LSM-2586
DB09289	LSM-1626
DB09292	LSM-45643
DB09295	LSM-1960
DB09298	LSM-36943
DB09300	LSM-5008
DB09304	LSM-45982
DB09313	LSM-3781
DB09320	LSM-3229
DB09320	LSM-5396
DB09320	LSM-5595
DB09324	LSM-45631
DB09324	LSM-5553
DB09327	LSM-45985
DB09327	LSM-5155
DB09330	LSM-6344
DB09342	LSM-2397
DB09343	LSM-45561
DB09345	LSM-5573
DB09351	LSM-1255
DB09352	LSM-15206
DB09355	LSM-5698
DB09357	LSM-6472
DB09357	LSM-6650
DB09371	LSM-1237
DB09371	LSM-3807
DB09371	LSM-5895
DB09389	LSM-1612
DB09389	LSM-2768
DB09389	LSM-45699
DB09389	LSM-5824
DB09389	LSM-5955
DB09403	LSM-1498
DB09421	LSM-45252
DB09425	LSM-5524
DB09462	LSM-37180
DB09477	LSM-6026
DB09488	LSM-45461
DB09510	LSM-45688
DB09513	LSM-45688
DB09546	LSM-2969
DB09552	LSM-5312
DB09555	LSM-1263
DB09555	LSM-4008
DB09555	LSM-5517
DB09570	LSM-4944
DB11079	LSM-4763
DB11085	LSM-45913
DB11100	LSM-5190
DB11121	LSM-19962
DB11125	LSM-5804
DB11129	LSM-45688
DB11148	LSM-5413
DB11156	LSM-43219
DB11156	LSM-5721
DB11157	LSM-6530
DB11181	LSM-1299
DB11181	LSM-1782
DB11181	LSM-46037
DB11181	LSM-5047
DB11186	LSM-5240
DB11217	LSM-5255
DB11221	LSM-2493
DB11235	LSM-15371
DB11254	LSM-4250
DB11255	LSM-45282
DB11263	LSM-43202
DB11278	LSM-24985
DB11282	LSM-4114
DB11296	LSM-6466
DB11315	LSM-4308
DB11336	LSM-5740
DB11359	LSM-6001
DB11363	LSM-1202
DB11364	LSM-5556
DB11366	LSM-2046
DB11371	LSM-2922
DB11371	LSM-5504
DB11372	LSM-1424
DB11372	LSM-45810
DB11376	LSM-3012
DB11385	LSM-6554
DB11387	LSM-37229
DB11389	LSM-6008
DB11390	LSM-19025
DB11395	LSM-3536
DB11396	LSM-25663
DB11398	LSM-6383
DB11404	LSM-3709
DB11410	LSM-3134
DB11412	LSM-25615
DB11413	LSM-5287
DB11413	LSM-6423
DB11423	LSM-1767
DB11423	LSM-2214
DB11424	LSM-21613
DB11426	LSM-5799
DB11428	LSM-1722
DB11430	LSM-5659
DB11430	LSM-6511
DB11431	LSM-45247
DB11446	LSM-1466
DB11447	LSM-3324
DB11450	LSM-45256
DB11457	LSM-5260
DB11458	LSM-5383
DB11459	LSM-44969
DB11461	LSM-5456
DB11463	LSM-25665
DB11464	LSM-5791
DB11467	LSM-43142
DB11467	LSM-5075
DB11473	LSM-4995
DB11475	LSM-5361
DB11477	LSM-2477
DB11478	LSM-5005
DB11481	LSM-45983
DB11491	LSM-5263
DB11496	LSM-18993
DB11502	LSM-6030
DB11507	LSM-43613
DB11512	LSM-43254
DB11518	LSM-44982
DB11519	LSM-42934
DB11526	LSM-1130
DB11549	LSM-5020
DB11560	LSM-45661
DB11561	LSM-15516
DB11562	LSM-4319
DB11562	LSM-4326
DB11575	LSM-45592
DB11581	LSM-45468
DB11582	LSM-1316
DB11590	LSM-5710
DB11596	LSM-5146
DB11614	LSM-45384
DB11616	LSM-5899
DB11619	LSM-45597
DB11619	LSM-5694
DB11622	LSM-1701
DB11622	LSM-5268
DB11622	LSM-5960
DB11622	LSM-6391
DB11629	LSM-45907
DB11630	LSM-45995
DB11644	LSM-45558
DB11648	LSM-42768
DB11649	LSM-45853
DB11651	LSM-4255
DB11656	LSM-4343
DB11662	LSM-36359
DB11663	LSM-1047
DB11666	LSM-1148
DB11672	LSM-43083
DB11674	LSM-45303
DB11674	LSM-45825
DB11675	LSM-5042
DB11684	LSM-6249
DB11689	LSM-1056
DB11696	LSM-1286
DB11699	LSM-1851
DB11699	LSM-46040
DB11699	LSM-5617
DB11712	LSM-45570
DB11718	LSM-45655
DB11721	LSM-5100
DB11725	LSM-3241
DB11726	LSM-45538
DB11730	LSM-45221
DB11738	LSM-4253
DB11740	LSM-1153
DB11743	LSM-45747
DB11743	LSM-6341
DB11745	LSM-45969
DB11747	LSM-45885
DB11748	LSM-5213
DB11749	LSM-1387
DB11759	LSM-6263
DB11763	LSM-1141
DB11764	LSM-45948
DB11770	LSM-45852
DB11772	LSM-45674
DB11774	LSM-5745
DB11775	LSM-4254
DB11778	LSM-5253
DB11787	LSM-45439
DB11792	LSM-45289
DB11794	LSM-42766
DB11795	LSM-45667
DB11798	LSM-1058
DB11798	LSM-44952
DB11798	LSM-45244
DB11800	LSM-1005
DB11805	LSM-1032
DB11807	LSM-4990
DB11815	LSM-36418
DB11816	LSM-45390
DB11817	LSM-6709
DB11820	LSM-1232
DB11821	LSM-45532
DB11828	LSM-42778
DB11828	LSM-46128
DB11830	LSM-5344
DB11833	LSM-45680
DB11836	LSM-1206
DB11841	LSM-4811
DB11842	LSM-42772
DB11842	LSM-45287
DB11844	LSM-45719
DB11845	LSM-45728
DB11851	LSM-46165
DB11852	LSM-45236
DB11859	LSM-19998
DB11863	LSM-45793
DB11864	LSM-45967
DB11868	LSM-5603
DB11870	LSM-42762
DB11875	LSM-4610
DB11883	LSM-45502
DB11886	LSM-1184
DB11890	LSM-45233
DB11893	LSM-45535
DB11894	LSM-45726
DB11899	LSM-42765
DB11901	LSM-45475
DB11903	LSM-45586
DB11904	LSM-45582
DB11907	LSM-45736
DB11909	LSM-45526
DB11911	LSM-45601
DB11913	LSM-45915
DB11919	LSM-45743
DB11921	LSM-5999
DB11924	LSM-45620
DB11925	LSM-45472
DB11937	LSM-24962
DB11941	LSM-45766
DB11942	LSM-45842
DB11946	LSM-45513
DB11950	LSM-45594
DB11952	LSM-42769
DB11953	LSM-45238
DB11954	LSM-45284
DB11954	LSM-5873
DB11956	LSM-45410
DB11957	LSM-45537
DB11958	LSM-1178
DB11958	LSM-5421
DB11962	LSM-1173
DB11962	LSM-42798
DB11962	LSM-42799
DB11963	LSM-42808
DB11967	LSM-45640
DB11974	LSM-45239
DB11977	LSM-45804
DB11978	LSM-45612
DB11991	LSM-45496
DB11994	LSM-5766
DB11999	LSM-45617
DB12000	LSM-45724
DB12005	LSM-45940
DB12006	LSM-42763
DB12012	LSM-45946
DB12015	LSM-4256
DB12017	LSM-2442
DB12017	LSM-42902
DB12021	LSM-6306
DB12025	LSM-45996
DB12025	LSM-5518
DB12025	LSM-6185
DB12028	LSM-45493
DB12029	LSM-43324
DB12039	LSM-1682
DB12039	LSM-20956
DB12039	LSM-45741
DB12044	LSM-45875
DB12045	LSM-45627
DB12047	LSM-45281
DB12052	LSM-3462
DB12062	LSM-45277
DB12064	LSM-1144
DB12066	LSM-45634
DB12066	LSM-6184
DB12070	LSM-45820
DB12072	LSM-43214
DB12072	LSM-43215
DB12078	LSM-45447
DB12078	LSM-5346
DB12085	LSM-45968
DB12092	LSM-4302
DB12093	LSM-1560
DB12093	LSM-45477
DB12098	LSM-5169
DB12108	LSM-45140
DB12109	LSM-45873
DB12110	LSM-25627
DB12111	LSM-2443
DB12112	LSM-43225
DB12116	LSM-5661
DB12116	LSM-6228
DB12123	LSM-45866
DB12131	LSM-1372
DB12131	LSM-3178
DB12131	LSM-5249
DB12137	LSM-45984
DB12146	LSM-44531
DB12146	LSM-44954
DB12156	LSM-36450
DB12156	LSM-45779
DB12161	LSM-36891
DB12161	LSM-37018
DB12161	LSM-4151
DB12167	LSM-46026
DB12173	LSM-5625
DB12179	LSM-5964
DB12180	LSM-4257
DB12180	LSM-45720
DB12181	LSM-6227
DB12183	LSM-45462
DB12190	LSM-45735
DB12191	LSM-43178
DB12200	LSM-1131
DB12206	LSM-45697
DB12209	LSM-45953
DB12216	LSM-20001
DB12218	LSM-45868
DB12221	LSM-4360
DB12221	LSM-5203
DB12224	LSM-37240
DB12228	LSM-45822
DB12231	LSM-3148
DB12233	LSM-45469
DB12239	LSM-45647
DB12241	LSM-45834
DB12242	LSM-1006
DB12242	LSM-45536
DB12243	LSM-5486
DB12245	LSM-5875
DB12247	LSM-6308
DB12248	LSM-4417
DB12254	LSM-6285
DB12270	LSM-42767
DB12271	LSM-45511
DB12273	LSM-4115
DB12275	LSM-45264
DB12282	LSM-45153
DB12283	LSM-45905
DB12286	LSM-45954
DB12290	LSM-45723
DB12291	LSM-19036
DB12293	LSM-1811
DB12299	LSM-45666
DB12302	LSM-42777
DB12307	LSM-1158
DB12308	LSM-19998
DB12310	LSM-37121
DB12311	LSM-45610
DB12318	LSM-45494
DB12319	LSM-2239
DB12320	LSM-45512
DB12325	LSM-45958
DB12327	LSM-2433
DB12328	LSM-42705
DB12328	LSM-4433
DB12332	LSM-4947
DB12339	LSM-45296
DB12340	LSM-42776
DB12340	LSM-4738
DB12345	LSM-45394
DB12359	LSM-5627
DB12364	LSM-45445
DB12369	LSM-42761
DB12375	LSM-45656
DB12376	LSM-6324
DB12379	LSM-42899
DB12380	LSM-45425
DB12381	LSM-45706
DB12385	LSM-4685
DB12387	LSM-1063
DB12387	LSM-45146
DB12392	LSM-45663
DB12393	LSM-45516
DB12395	LSM-1561
DB12395	LSM-37047
DB12395	LSM-5462
DB12400	LSM-36356
DB12405	LSM-1546
DB12405	LSM-3810
DB12405	LSM-4969
DB12406	LSM-45727
DB12411	LSM-45574
DB12415	LSM-45479
DB12416	LSM-45436
DB12422	LSM-4919
DB12424	LSM-45896
DB12425	LSM-1780
DB12425	LSM-3991
DB12426	LSM-45785
DB12429	LSM-1048
DB12432	LSM-1186
DB12442	LSM-43241
DB12442	LSM-43297
DB12442	LSM-46133
DB12445	LSM-36980
DB12447	LSM-5007
DB12457	LSM-45712
DB12463	LSM-42753
DB12463	LSM-45411
DB12465	LSM-3092
DB12466	LSM-45283
DB12472	LSM-4385
DB12474	LSM-5854
DB12474	LSM-6592
DB12478	LSM-3057
DB12480	LSM-3004
DB12480	LSM-45415
DB12480	LSM-6421
DB12484	LSM-45757
DB12491	LSM-45725
DB12494	LSM-6307
DB12497	LSM-45399
DB12500	LSM-1142
DB12518	LSM-2064
DB12519	LSM-45898
DB12523	LSM-5377
DB12532	LSM-5672
DB12545	LSM-45704
DB12547	LSM-45433
DB12550	LSM-45539
DB12551	LSM-4350
DB12554	LSM-1296
DB12556	LSM-36812
DB12558	LSM-45507
DB12565	LSM-2269
DB12567	LSM-45854
DB12582	LSM-42991
DB12588	LSM-1140
DB12588	LSM-45764
DB12590	LSM-45562
DB12598	LSM-45274
DB12604	LSM-5048
DB12610	LSM-2644
DB12611	LSM-1112
DB12614	LSM-45694
DB12618	LSM-45904
DB12627	LSM-45911
DB12638	LSM-5492
DB12645	LSM-4807
DB12650	LSM-45964
DB12650	LSM-5920
DB12661	LSM-5807
DB12665	LSM-5818
DB12665	LSM-5907
DB12666	LSM-45673
DB12667	LSM-4210
DB12668	LSM-45525
DB12681	LSM-45698
DB12682	LSM-45710
DB12686	LSM-1073
DB12693	LSM-2906
DB12695	LSM-4926
DB12717	LSM-45718
DB12719	LSM-45859
DB12730	LSM-45943
DB12731	LSM-43216
DB12732	LSM-45715
DB12733	LSM-45908
DB12736	LSM-4774
DB12739	LSM-45435
DB12742	LSM-1118
DB12743	LSM-45765
DB12745	LSM-1128
DB12750	LSM-45279
DB12764	LSM-36424
DB12770	LSM-45448
DB12771	LSM-36968
DB12774	LSM-1007
DB12781	LSM-45744
DB12783	LSM-5097
DB12802	LSM-3055
DB12802	LSM-36850
DB12802	LSM-5703
DB12812	LSM-45432
DB12827	LSM-45449
DB12831	LSM-3314
DB12834	LSM-5131
DB12847	LSM-4534
DB12848	LSM-1166
DB12852	LSM-45266
DB12856	LSM-45901
DB12866	LSM-45255
DB12867	LSM-3792
DB12869	LSM-1677
DB12870	LSM-36606
DB12870	LSM-4915
DB12874	LSM-1037
DB12877	LSM-45932
DB12881	LSM-2011
DB12885	LSM-21638
DB12885	LSM-36932
DB12890	LSM-1965
DB12890	LSM-36453
DB12901	LSM-45763
DB12904	LSM-1053
DB12906	LSM-45658
DB12920	LSM-36363
DB12920	LSM-45371
DB12923	LSM-21596
DB12930	LSM-5548
DB12931	LSM-2917
DB12933	LSM-45489
DB12939	LSM-24313
DB12942	LSM-45798
DB12946	LSM-19971
DB12947	LSM-21653
DB12947	LSM-45881
DB12947	LSM-6359
DB12957	LSM-45957
DB12959	LSM-45258
DB12964	LSM-45633
DB12966	LSM-3584
DB12969	LSM-45754
DB12972	LSM-19998
DB12980	LSM-6247
DB12981	LSM-45553
DB12985	LSM-5900
DB13005	LSM-6708
DB13014	LSM-2650
DB13022	LSM-45659
DB13024	LSM-45756
DB13025	LSM-5676
DB13026	LSM-1548
DB13034	LSM-36992
DB13036	LSM-45892
DB13040	LSM-45265
DB13044	LSM-6229
DB13048	LSM-3119
DB13056	LSM-3663
DB13059	LSM-45437
DB13060	LSM-45849
DB13061	LSM-1066
DB13063	LSM-43050
DB13063	LSM-43074
DB13063	LSM-43089
DB13063	LSM-43090
DB13063	LSM-43298
DB13063	LSM-5227
DB13065	LSM-45909
DB13070	LSM-36982
DB13082	LSM-45762
DB13089	LSM-22618
DB13089	LSM-45606
DB13109	LSM-45478
DB13113	LSM-1157
DB13132	LSM-5566
DB13132	LSM-6546
DB13139	LSM-5178
DB13139	LSM-5480
DB13141	LSM-3260
DB13141	LSM-5551
DB13142	LSM-6520
DB13154	LSM-2913
DB13155	LSM-1968
DB13155	LSM-45981
DB13156	LSM-45268
DB13165	LSM-45986
DB13166	LSM-45492
DB13169	LSM-5630
DB13174	LSM-20950
DB13178	LSM-45237
DB13179	LSM-5510
DB13179	LSM-6416
DB13182	LSM-2935
DB13183	LSM-3430
DB13207	LSM-36375
DB13216	LSM-5538
DB13217	LSM-5342
DB13225	LSM-3783
DB13226	LSM-20975
DB13226	LSM-5235
DB13227	LSM-1671
DB13227	LSM-5070
DB13232	LSM-5851
DB13233	LSM-1333
DB13237	LSM-19955
DB13240	LSM-1756
DB13240	LSM-42701
DB13242	LSM-1265
DB13242	LSM-1341
DB13242	LSM-1926
DB13242	LSM-36395
DB13248	LSM-5730
DB13251	LSM-4975
DB13256	LSM-19970
DB13264	LSM-45211
DB13264	LSM-45657
DB13264	LSM-46163
DB13264	LSM-5173
DB13266	LSM-43263
DB13284	LSM-5683
DB13292	LSM-5936
DB13307	LSM-1476
DB13307	LSM-5290
DB13307	LSM-6737
DB13309	LSM-5053
DB13318	LSM-6590
DB13323	LSM-37096
DB13327	LSM-3497
DB13331	LSM-5490
DB13337	LSM-15176
DB13337	LSM-6410
DB13340	LSM-1469
DB13340	LSM-2946
DB13343	LSM-19008
DB13345	LSM-1568
DB13345	LSM-1707
DB13345	LSM-4200
DB13346	LSM-5494
DB13351	LSM-1951
DB13354	LSM-5380
DB13374	LSM-18556
DB13374	LSM-2907
DB13374	LSM-6687
DB13381	LSM-45734
DB13386	LSM-1857
DB13393	LSM-1410
DB13393	LSM-2041
DB13393	LSM-36454
DB13393	LSM-6738
DB13399	LSM-2104
DB13400	LSM-45857
DB13404	LSM-45734
DB13407	LSM-5583
DB13411	LSM-5879
DB13415	LSM-3287
DB13416	LSM-45928
DB13419	LSM-5125
DB13421	LSM-45811
DB13424	LSM-19015
DB13425	LSM-45542
DB13431	LSM-4439
DB13434	LSM-45431
DB13442	LSM-5089
DB13443	LSM-4355
DB13443	LSM-5562
DB13443	LSM-5757
DB13462	LSM-44981
DB13466	LSM-5115
DB13467	LSM-42696
DB13467	LSM-5496
DB13478	LSM-1252
DB13483	LSM-5788
DB13499	LSM-5865
DB13500	LSM-45393
DB13502	LSM-45817
DB13509	LSM-5288
DB13510	LSM-5365
DB13511	LSM-2375
DB13514	LSM-5110
DB13520	LSM-1441
DB13520	LSM-3265
DB13520	LSM-45893
DB13529	LSM-5788
DB13532	LSM-1529
DB13536	LSM-20949
DB13546	LSM-45382
DB13547	LSM-5445
DB13550	LSM-2413
DB13551	LSM-25646
DB13568	LSM-26236
DB13573	LSM-5551
DB13574	LSM-5026
DB13575	LSM-37027
DB13576	LSM-4676
DB13580	LSM-5210
DB13583	LSM-5081
DB13588	LSM-1730
DB13597	LSM-5675
DB13612	LSM-45688
DB13612	LSM-5288
DB13618	LSM-5981
DB13627	LSM-5811
DB13636	LSM-5551
DB13636	LSM-5581
DB13642	LSM-6559
DB13648	LSM-4972
DB13655	LSM-45832
DB13661	LSM-3174
DB13667	LSM-45260
DB13668	LSM-37163
DB13670	LSM-44971
DB13670	LSM-45212
DB13679	LSM-1263
DB13679	LSM-4008
DB13679	LSM-5517
DB13683	LSM-3647
DB13689	LSM-45518
DB13715	LSM-3068
DB13717	LSM-4363
DB13718	LSM-1275
DB13718	LSM-1805
DB13720	LSM-4102
DB13726	LSM-5563
DB13728	LSM-5473
DB13729	LSM-45240
DB13732	LSM-5424
DB13732	LSM-6514
DB13738	LSM-6513
DB13740	LSM-2325
DB13744	LSM-5506
DB13751	LSM-46003
DB13756	LSM-42695
DB13758	LSM-5273
DB13759	LSM-5905
DB13762	LSM-5045
DB13766	LSM-3397
DB13772	LSM-5715
DB13773	LSM-5204
DB13780	LSM-2427
DB13781	LSM-43260
DB13783	LSM-5753
DB13785	LSM-4385
DB13791	LSM-2334
DB13793	LSM-2891
DB13793	LSM-6667
DB13806	LSM-3317
DB13812	LSM-6010
DB13814	LSM-1304
DB13814	LSM-4962
DB13823	LSM-5267
DB13830	LSM-36956
DB13836	LSM-15186
DB13839	LSM-18995
DB13844	LSM-6459
DB13853	LSM-5969
DB13854	LSM-42900
DB13855	LSM-5405
DB13858	LSM-15287
DB13860	LSM-4763
DB13875	LSM-6691
DB13877	LSM-6317
DB13909	LSM-37191
DB13910	LSM-4620
DB13919	LSM-5903
DB13929	LSM-4185
DB13930	LSM-45974
DB13950	LSM-15494
DB13950	LSM-15495
DB13953	LSM-1488
DB13953	LSM-26352
DB13954	LSM-1899
DB13956	LSM-1523
DB13956	LSM-37162
DB13956	LSM-6672
DB13978	LSM-36370
DB13978	LSM-6271
DB13981	LSM-2598
DB13981	LSM-5796
DB13988	LSM-2529
DB14006	LSM-4763
DB14007	LSM-5524
DB14025	LSM-5183
DB14026	LSM-5710
DB14043	LSM-3518
DB14054	LSM-1768
DB14055	LSM-1405
DB14055	LSM-5404
DB14057	LSM-6389
DB14060	LSM-6616
DB14061	LSM-5614
DB14063	LSM-1298
DB14063	LSM-45139
DB14065	LSM-5717
DB14075	LSM-5114
DB14080	LSM-45626
DB14080	LSM-4672
DB14081	LSM-1719
DB14081	LSM-6412
DB14083	LSM-1345
DB14084	LSM-2161
DB14086	LSM-1682
DB14086	LSM-20956
DB14086	LSM-45741
DB14089	LSM-4749
DB14093	LSM-1628
DB14093	LSM-1643
DB14093	LSM-2564
DB14093	LSM-5153
DB14104	LSM-42867
DB14109	LSM-5255
DB14122	LSM-44652
DB14126	LSM-5340
DB14128	LSM-4965
DB14129	LSM-4768
DB14132	LSM-6066
DB14183	LSM-44633
DB14206	LSM-5958
DB14218	LSM-45772
DB14476	LSM-4487
DB14479	LSM-45626
DB14479	LSM-4672
DB14486	LSM-5428
DB14512	LSM-3349
DB14512	LSM-5968
DB14529	LSM-4676
DB14539	LSM-1718
DB14539	LSM-19960
DB14539	LSM-5640
DB14542	LSM-1578
DB14544	LSM-1407
DB14544	LSM-4999
DB14545	LSM-1280
DB14545	LSM-5816
DB14569	LSM-45778
DB14570	LSM-22632
DB14575	LSM-45929
DB14596	LSM-5522
DB14598	LSM-45734
DB14599	LSM-45734
DB14600	LSM-45734
DB14630	LSM-37105
DB14633	LSM-1810
DB14633	LSM-36396
DB14638	LSM-2223
DB14640	LSM-2641
DB14640	LSM-5205
DB14642	LSM-5977
DB14649	LSM-1904
DB14649	LSM-1915
DB14649	LSM-3049
DB14649	LSM-5441
DB14656	LSM-1516
DB14659	LSM-6024
DB14674	LSM-45379
DB14680	LSM-45498
DB14681	LSM-2965
DB14681	LSM-5860
DB14681	LSM-6476
DB14682	LSM-36603
DB14683	LSM-6466
DB14750	LSM-2803
DB14750	LSM-42947
DB14750	LSM-42948
DB14760	LSM-45473
DB14845	LSM-45924
DB14872	LSM-45962
DB14887	LSM-45293
DB14904	LSM-5946
DB14949	LSM-45251
DB14980	LSM-1059
DB15068	LSM-45568
DB15087	LSM-45839
DB15110	LSM-45818
DB15122	LSM-45727
DB15130	LSM-5243
DB15133	LSM-45557
DB15141	LSM-45975
DB15266	LSM-45644
DB15299	LSM-45882
DB15300	LSM-1275
DB15300	LSM-1805
DB15335	LSM-19000
DB15350	LSM-45237
DB15393	LSM-45625
DB15399	LSM-6218
DB15408	LSM-45467
DB15410	LSM-1416
DB15414	LSM-1008
DB15446	LSM-45600
DB15480	LSM-3915
DB15492	LSM-3109
DB15566	LSM-1243
DB15580	LSM-45377
DB15581	LSM-6566
DB15584	LSM-5229
DB15588	LSM-22617
DB15588	LSM-4889
DB15588	LSM-6404
DB15597	LSM-1745
DB15598	LSM-37076
