drugbank_id	pharmgkb_id
DB00006	PA10032
DB00007	PA450203
DB00014	PA164747674
DB00035	PA449237
DB00050	PA164764506
DB00080	PA164768820
DB00091	PA449167
DB00093	PA164744374
DB00104	PA450678
DB00106	PA164754915
DB00114	PA164749650
DB00116	PA164745110
DB00117	PA449882
DB00118	PA164754994
DB00119	PA164778686
DB00120	PA450931
DB00121	PA448625
DB00122	PA448976
DB00123	PA450280
DB00125	PA448478
DB00127	PA164781199
DB00128	PA448494
DB00129	PA164783814
DB00130	PA10090
DB00131	PA164744376
DB00132	PA449384
DB00133	PA451330
DB00134	PA450423
DB00135	PA451822
DB00136	PA448717
DB00137	PA164748318
DB00138	PA449176
DB00140	PA451242
DB00142	PA449776
DB00144	PA164768860
DB00145	PA449789
DB00146	PA164745614
DB00147	PA164749166
DB00148	PA164778930
DB00149	PA450197
DB00150	PA10323
DB00151	PA449173
DB00152	PA451652
DB00153	PA449484
DB00154	PA164743249
DB00155	PA164747225
DB00156	PA451673
DB00158	PA449692
DB00159	PA164746077
DB00160	PA448055
DB00161	PA451843
DB00162	PA451884
DB00163	PA451900
DB00165	PA451897
DB00166	PA164776929
DB00167	PA164750430
DB00169	PA164748138
DB00170	PA450358
DB00171	PA164743471
DB00172	PA451125
DB00173	PA448048
DB00174	PA164776968
DB00175	PA451089
DB00176	PA449690
DB00177	PA451848
DB00178	PA451223
DB00179	PA164746493
DB00180	PA449661
DB00181	PA448533
DB00182	PA448408
DB00182	PA449269
DB00184	PA450626
DB00185	PA164754754
DB00186	PA450267
DB00187	PA449500
DB00188	PA10252
DB00189	PA164746383
DB00190	PA448794
DB00191	PA164748099
DB00192	PA164754881
DB00193	PA451735
DB00194	PA448049
DB00195	PA448611
DB00196	PA449653
DB00197	PA451799
DB00198	PA450721
DB00199	PA449493
DB00201	PA448710
DB00202	PA451522
DB00203	PA451346
DB00204	PA449389
DB00205	PA451193
DB00206	PA451236
DB00207	PA448519
DB00208	PA451686
DB00209	PA164748976
DB00210	PA448047
DB00211	PA164749381
DB00212	PA164774779
DB00213	PA450774
DB00214	PA451733
DB00215	PA10074
DB00215	PA449015
DB00216	PA134687947
DB00218	PA450555
DB00219	PA164752252
DB00220	PA450606
DB00221	PA450103
DB00222	PA449761
DB00224	PA449977
DB00225	PA164784027
DB00226	PA164745308
DB00227	PA450272
DB00228	PA449461
DB00229	PA164749298
DB00230	PA164754814
DB00231	PA451608
DB00232	PA164748094
DB00233	PA448382
DB00234	PA144614921
DB00235	PA164749171
DB00236	PA164747673
DB00237	PA164743463
DB00238	PA450616
DB00239	PA164754742
DB00241	PA448695
DB00242	PA449027
DB00243	PA164746007
DB00244	PA450384
DB00245	PA448591
DB00246	PA451974
DB00247	PA164743265
DB00248	PA448708
DB00249	PA164781019
DB00250	PA449211
DB00251	PA164768834
DB00252	PA450947
DB00253	PA450346
DB00255	PA449307
DB00257	PA449057
DB00258	PA164712582
DB00258	PA164746897
DB00258	PA448021
DB00259	PA451545
DB00260	PA164764600
DB00262	PA448810
DB00263	PA164748964
DB00264	PA450480
DB00265	PA164745460
DB00267	PA164750569
DB00268	PA164749035
DB00269	PA164768822
DB00270	PA450131
DB00271	PA449281
DB00272	PA164784036
DB00273	PA451728
DB00274	PA164746819
DB00276	PA10309
DB00277	PA451647
DB00278	PA164745516
DB00279	PA164748036
DB00279	PA164778866
DB00280	PA449373
DB00281	PA450226
DB00282	PA450767
DB00283	PA164776997
DB00285	PA451866
DB00287	PA164781371
DB00288	PA164746074
DB00289	PA134688071
DB00290	PA448645
DB00291	PA448926
DB00292	PA164743987
DB00293	PA131625240
DB00294	PA164771231
DB00296	PA451271
DB00297	PA135057240
DB00297	PA164754741
DB00298	PA164749109
DB00299	PA450839
DB00301	PA164781042
DB00302	PA164750514
DB00303	PA164777032
DB00304	PA449238
DB00305	PA450524
DB00307	PA164752250
DB00308	PA449958
DB00309	PA10232
DB00310	PA448970
DB00311	PA164754743
DB00312	PA450859
DB00313	PA451846
DB00314	PA164746226
DB00316	PA448015
DB00317	PA131301952
DB00319	PA450975
DB00320	PA164743028
DB00320	PA164752819
DB00321	PA448385
DB00323	PA451720
DB00324	PA164781355
DB00327	PA449918
DB00328	PA449982
DB00330	PA164784021
DB00331	PA450395
DB00332	PA450082
DB00333	PA450401
DB00335	PA448499
DB00336	PA164754877
DB00337	PA164783790
DB00339	PA451182
DB00340	PA164783811
DB00341	PA448905
DB00342	PA451619
DB00343	PA449334
DB00344	PA451168
DB00345	PA134711723
DB00346	PA164774795
DB00347	PA164744924
DB00348	PA164777037
DB00349	PA10888
DB00352	PA451663
DB00353	PA450461
DB00354	PA164748223
DB00355	PA448523
DB00356	PA448971
DB00357	PA448375
DB00358	PA450348
DB00359	PA451539
DB00360	PA161990676
DB00361	PA451881
DB00362	PA164742938
DB00365	PA449812
DB00366	PA449419
DB00367	PA450218
DB00367	PA450656
DB00368	PA450649
DB00369	PA448997
DB00370	PA450522
DB00371	PA450377
DB00372	PA164748882
DB00373	PA451690
DB00374	PA164768801
DB00376	PA164747026
DB00377	PA10352
DB00378	PA164745443
DB00379	PA450488
DB00380	PA449259
DB00381	PA448388
DB00382	PA451576
DB00383	PA164776910
DB00384	PA451752
DB00385	PA164748616
DB00387	PA164784001
DB00388	PA450935
DB00389	PA164742970
DB00390	PA449319
DB00391	PA164745485
DB00392	PA449531
DB00393	PA450633
DB00395	PA448809
DB00396	PA451123
DB00397	PA164748965
DB00398	PA7000
DB00399	PA10235
DB00400	PA449814
DB00401	PA450634
DB00402	PA10236
DB00402	PA162630444
DB00404	PA448333
DB00405	PA164746251
DB00405	PA448675
DB00406	PA449755
DB00408	PA450273
DB00409	PA164749051
DB00410	PA164764568
DB00411	PA448784
DB00412	PA451283
DB00413	PA164742949
DB00414	PA164777011
DB00415	PA448419
DB00416	PA164749507
DB00417	PA164745442
DB00418	PA164784035
DB00419	PA10140
DB00420	PA451126
DB00421	PA451483
DB00422	PA10054
DB00422	PA450464
DB00423	PA164749506
DB00425	PA451976
DB00426	PA449585
DB00427	PA451797
DB00428	PA451514
DB00429	PA164754883
DB00430	PA164748136
DB00431	PA164754914
DB00432	PA451775
DB00433	PA451114
DB00434	PA164749366
DB00435	PA450635
DB00436	PA448563
DB00437	PA448320
DB00438	PA448861
DB00439	PA448897
DB00440	PA451788
DB00441	PA449748
DB00442	PA164784025
DB00443	PA164754818
DB00443	PA449247
DB00444	PA451611
DB00445	PA449412
DB00445	PA449476
DB00446	PA448927
DB00447	PA164754806
DB00448	PA166110257
DB00448	PA450180
DB00449	PA449364
DB00450	PA449422
DB00451	PA164748036
DB00451	PA164752444
DB00451	PA450221
DB00452	PA164743181
DB00452	PA450608
DB00454	PA450369
DB00455	PA450266
DB00456	PA448886
DB00457	PA451093
DB00458	PA449969
DB00459	PA448039
DB00460	PA451871
DB00461	PA450572
DB00462	PA164784032
DB00463	PA164746525
DB00465	PA450150
DB00466	PA164777007
DB00467	PA449462
DB00468	PA451209
DB00468	PA451213
DB00470	PA449421
DB00471	PA450546
DB00472	PA449673
DB00473	PA164746489
DB00474	PA164784030
DB00477	PA448964
DB00478	PA164748038
DB00479	PA164744372
DB00480	PA162363968
DB00481	PA451221
DB00482	PA448871
DB00484	PA448665
DB00485	PA164749649
DB00486	PA164746998
DB00487	PA164742856
DB00488	PA164743136
DB00489	PA451457
DB00490	PA448689
DB00491	PA164776726
DB00492	PA449710
DB00493	PA448852
DB00494	PA164748726
DB00495	PA451954
DB00496	PA164774901
DB00498	PA164784031
DB00499	PA449685
DB00500	PA451721
DB00501	PA449001
DB00502	PA449841
DB00503	PA166160002
DB00503	PA166163408
DB00503	PA451260
DB00504	PA164749284
DB00505	PA164746229
DB00507	PA164754874
DB00508	PA451773
DB00509	PA164748036
DB00509	PA164752444
DB00509	PA450221
DB00511	PA164746246
DB00512	PA451850
DB00513	PA164774947
DB00514	PA449273
DB00515	PA166131585
DB00517	PA164754880
DB00518	PA164746058
DB00519	PA451737
DB00520	PA164743013
DB00521	PA164768736
DB00522	PA164750572
DB00523	PA164746900
DB00523	PA450128
DB00523	PA451746
DB00524	PA164781022
DB00525	PA164752438
DB00526	PA131285527
DB00527	PA449286
DB00528	PA164769058
DB00529	PA449706
DB00530	PA134687924
DB00531	PA449165
DB00532	PA450373
DB00533	PA451268
DB00534	PA164748977
DB00535	PA164768739
DB00536	PA164781028
DB00537	PA449009
DB00538	PA164743703
DB00539	PA451731
DB00540	PA450657
DB00541	PA451879
DB00542	PA448561
DB00543	PA448405
DB00544	PA128406956
DB00545	PA451185
DB00546	PA164783813
DB00547	PA164746011
DB00548	PA164754850
DB00549	PA451949
DB00550	PA451156
DB00551	PA164749213
DB00552	PA450863
DB00553	PA450433
DB00555	PA450164
DB00556	PA164781354
DB00557	PA449943
DB00558	PA164740891
DB00559	PA10034
DB00561	PA164784026
DB00562	PA164776841
DB00563	PA450428
DB00564	PA448785
DB00565	PA164744925
DB00565	PA164776840
DB00566	PA451521
DB00567	PA448883
DB00568	PA164749342
DB00569	PA164746297
DB00570	PA451877
DB00571	PA451145
DB00572	PA164776844
DB00572	PA448505
DB00573	PA449597
DB00574	PA164747936
DB00574	PA449592
DB00575	PA449051
DB00576	PA164781307
DB00577	PA451839
DB00578	PA448788
DB00579	PA450326
DB00580	PA10226
DB00581	PA164748762
DB00582	PA10233
DB00583	PA450154
DB00584	PA449456
DB00585	PA164752234
DB00586	PA449293
DB00587	PA164743057
DB00588	PA449686
DB00589	PA164749019
DB00590	PA449407
DB00591	PA164754912
DB00592	PA450977
DB00593	PA449533
DB00594	PA448368
DB00597	PA164746463
DB00598	PA164743150
DB00599	PA451664
DB00600	PA164764582
DB00601	PA450233
DB00602	PA450133
DB00604	PA449011
DB00605	PA451565
DB00606	PA449168
DB00607	PA450576
DB00608	PA448948
DB00609	PA164768738
DB00610	PA164748761
DB00611	PA164745398
DB00612	PA448641
DB00613	PA448404
DB00614	PA164746760
DB00615	PA451249
DB00616	PA164764517
DB00617	PA164748880
DB00619	PA10804
DB00620	PA451749
DB00621	PA164749395
DB00622	PA450620
DB00623	PA449676
DB00624	PA451627
DB00625	PA449441
DB00627	PA450617
DB00628	PA164749297
DB00629	PA164774903
DB00630	PA448082
DB00631	PA164754863
DB00632	PA164749211
DB00633	PA449256
DB00634	PA451536
DB00635	PA451100
DB00636	PA449045
DB00637	PA448498
DB00639	PA164781353
DB00640	PA448049
DB00641	PA451363
DB00642	PA10810
DB00643	PA164776669
DB00644	PA449801
DB00645	PA164748037
DB00647	PA451142
DB00648	PA164746157
DB00649	PA451494
DB00650	PA450198
DB00651	PA164748027
DB00652	PA164744326
DB00653	PA164712884
DB00653	PA450302
DB00654	PA164774763
DB00655	PA449512
DB00656	PA451744
DB00657	PA450334
DB00658	PA164781197
DB00659	PA10344
DB00660	PA164747189
DB00661	PA451868
DB00662	PA164764516
DB00664	PA164747038
DB00665	PA450632
DB00666	PA164754805
DB00668	PA449470
DB00670	PA10159
DB00671	PA164768821
DB00672	PA448966
DB00673	PA164747039
DB00674	PA449726
DB00675	PA451581
DB00676	PA164748881
DB00677	PA164748933
DB00678	PA450268
DB00679	PA451666
DB00680	PA164747738
DB00681	PA448415
DB00683	PA450496
DB00684	PA451704
DB00685	PA164749184
DB00686	PA164774806
DB00687	PA164743961
DB00688	PA450566
DB00689	PA164781027
DB00690	PA449681
DB00691	PA164769059
DB00692	PA450926
DB00693	PA164746009
DB00694	PA449212
DB00695	PA449719
DB00696	PA164747651
DB00697	PA451701
DB00698	PA450640
DB00699	PA164743014
DB00700	PA164749044
DB00701	PA448422
DB00703	PA450413
DB00704	PA450588
DB00705	PA449223
DB00706	PA451583
DB00708	PA451527
DB00709	PA450163
DB00710	PA10270
DB00711	PA164748883
DB00712	PA449683
DB00713	PA450725
DB00714	PA164781163
DB00715	PA450801
DB00716	PA450601
DB00717	PA450651
DB00718	PA10005
DB00719	PA164747157
DB00720	PA10239
DB00721	PA451110
DB00722	PA450242
DB00723	PA450431
DB00724	PA449972
DB00725	PA164749405
DB00726	PA451791
DB00727	PA450644
DB00728	PA164754992
DB00730	PA164746466
DB00731	PA450600
DB00732	PA164744925
DB00732	PA164776840
DB00733	PA164744926
DB00734	PA451257
DB00735	PA164748617
DB00736	PA10075
DB00736	PA450704
DB00737	PA450338
DB00738	PA450850
DB00739	PA164746559
DB00740	PA451251
DB00741	PA449905
DB00742	PA450320
DB00742	PA451455
DB00743	PA164745426
DB00744	PA451955
DB00745	PA450530
DB00746	PA164746490
DB00747	PA451308
DB00748	PA164746898
DB00749	PA449550
DB00750	PA451101
DB00751	PA164764489
DB00752	PA451741
DB00753	PA450106
DB00754	PA164768735
DB00755	PA164746900
DB00755	PA450128
DB00755	PA451746
DB00756	PA449871
DB00757	PA449390
DB00758	PA449053
DB00761	PA451055
DB00762	PA450085
DB00763	PA450422
DB00764	PA450541
DB00765	PA450487
DB00766	PA164742987
DB00767	PA164749018
DB00769	PA164745515
DB00770	PA448334
DB00771	PA164781044
DB00772	PA164748092
DB00773	PA449552
DB00774	PA164752557
DB00775	PA451698
DB00776	PA450732
DB00777	PA164778685
DB00778	PA164750505
DB00779	PA164746384
DB00780	PA450903
DB00781	PA451027
DB00782	PA164746224
DB00783	PA449503
DB00784	PA450347
DB00786	PA164748329
DB00787	PA448045
DB00788	PA450595
DB00790	PA450877
DB00791	PA451830
DB00792	PA164764429
DB00793	PA164768737
DB00794	PA451105
DB00797	PA451716
DB00798	PA449753
DB00799	PA164746821
DB00800	PA164784034
DB00801	PA164746526
DB00802	PA448084
DB00803	PA164760862
DB00804	PA164744928
DB00805	PA164748351
DB00806	PA450864
DB00807	PA164776849
DB00808	PA449975
DB00809	PA164749389
DB00810	PA448626
DB00811	PA451241
DB00812	PA450932
DB00813	PA449599
DB00815	PA451398
DB00816	PA450390
DB00817	PA164776843
DB00818	PA451141
DB00819	PA448018
DB00820	PA10333
DB00821	PA164781361
DB00822	PA449376
DB00823	PA164749157
DB00824	PA164749350
DB00825	PA164776605
DB00826	PA164744325
DB00827	PA449007
DB00828	PA164748039
DB00829	PA449283
DB00830	PA164747188
DB00831	PA451771
DB00832	PA164771230
DB00833	PA164749137
DB00834	PA450500
DB00835	PA164746251
DB00835	PA448675
DB00836	PA450262
DB00839	PA164774902
DB00841	PA449381
DB00842	PA450731
DB00843	PA449394
DB00844	PA164745372
DB00845	PA164748759
DB00846	PA164750513
DB00847	PA449171
DB00848	PA450205
DB00849	PA450374
DB00850	PA450882
DB00852	PA449466
DB00852	PA451170
DB00853	PA451609
DB00854	PA164744368
DB00855	PA10015
DB00856	PA164784022
DB00857	PA451614
DB00859	PA450840
DB00860	PA451096
DB00861	PA449313
DB00862	PA10229
DB00863	PA451224
DB00864	PA451578
DB00865	PA448586
DB00866	PA164750541
DB00867	PA451258
DB00868	PA164745459
DB00869	PA164748765
DB00870	PA451569
DB00871	PA451616
DB00872	PA164742939
DB00874	PA449818
DB00875	PA10268
DB00876	PA449481
DB00877	PA451365
DB00878	PA164776863
DB00879	PA10069
DB00880	PA448953
DB00881	PA451205
DB00882	PA449046
DB00883	PA450125
DB00884	PA451255
DB00885	PA164781018
DB00887	PA448682
DB00888	PA450336
DB00889	PA449809
DB00890	PA164745534
DB00891	PA164779050
DB00892	PA164764617
DB00894	PA164743056
DB00895	PA450280
DB00896	PA164752251
DB00897	PA451753
DB00898	PA448073
DB00899	PA451232
DB00900	PA449301
DB00902	PA164743018
DB00903	PA449518
DB00904	PA450705
DB00905	PA164748867
DB00906	PA451682
DB00907	PA449072
DB00908	PA451209
DB00908	PA451213
DB00909	PA451978
DB00910	PA450798
DB00911	PA10813
DB00912	PA451234
DB00913	PA164768817
DB00914	PA1000
DB00915	PA448360
DB00916	PA450484
DB00917	PA449345
DB00918	PA10246
DB00919	PA164781342
DB00920	PA450152
DB00921	PA448685
DB00922	PA164749138
DB00923	PA164746057
DB00924	PA449160
DB00925	PA450919
DB00926	PA449554
DB00927	PA449586
DB00928	PA451996
DB00929	PA450523
DB00933	PA450386
DB00934	PA450322
DB00935	PA164748840
DB00936	PA451299
DB00937	PA164778098
DB00938	PA451300
DB00939	PA450341
DB00940	PA164747037
DB00941	PA164743020
DB00942	PA164749387
DB00943	PA451950
DB00944	PA164745610
DB00945	PA448497
DB00947	PA164747170
DB00948	PA164750540
DB00949	PA449590
DB00950	PA449621
DB00951	PA450112
DB00952	PA450597
DB00953	PA451264
DB00954	PA449368
DB00955	PA164754913
DB00956	PA449900
DB00957	PA164744346
DB00958	PA166131585
DB00959	PA450466
DB00960	PA450966
DB00961	PA164748741
DB00962	PA451952
DB00963	PA448670
DB00964	PA164748866
DB00966	PA451605
DB00967	PA164776964
DB00968	PA450453
DB00969	PA164745502
DB00970	PA151917012
DB00972	PA448517
DB00974	PA449439
DB00975	PA449367
DB00977	PA449527
DB00978	PA164749165
DB00979	PA164743019
DB00980	PA164744896
DB00981	PA450957
DB00982	PA164746900
DB00982	PA450128
DB00982	PA451746
DB00983	PA134687907
DB00983	PA164743977
DB00985	PA449349
DB00986	PA164754882
DB00987	PA449177
DB00988	PA449396
DB00989	PA451262
DB00990	PA449563
DB00991	PA450730
DB00992	PA164784028
DB00993	PA448515
DB00995	PA448510
DB00996	PA449720
DB00997	PA449412
DB00997	PA449476
DB00998	PA164754891
DB00999	PA449899
DB01000	PA164743456
DB01001	PA448068
DB01002	PA135057240
DB01002	PA164754741
DB01004	PA449733
DB01005	PA449942
DB01006	PA450196
DB01007	PA164746156
DB01008	PA448691
DB01009	PA166049175
DB01009	PA450149
DB01010	PA449437
DB01011	PA450486
DB01012	PA164776671
DB01013	PA164744375
DB01015	PA451544
DB01018	PA449825
DB01019	PA448613
DB01020	PA450126
DB01021	PA164752426
DB01022	PA450961
DB01023	PA449591
DB01024	PA164748728
DB01025	PA164745310
DB01026	PA450146
DB01028	PA450434
DB01029	PA450084
DB01030	PA451729
DB01031	PA164745394
DB01033	PA450379
DB01034	PA164764551
DB01035	PA451108
DB01037	PA451316
DB01038	PA164750571
DB01041	PA451644
DB01042	PA450354
DB01043	PA10364
DB01044	PA449738
DB01046	PA164777012
DB01047	PA449664
DB01050	PA166049174
DB01050	PA449957
DB01053	PA450842
DB01054	PA146096020
DB01056	PA451706
DB01057	PA164743139
DB01058	PA164764583
DB01059	PA450654
DB01060	PA448406
DB01061	PA164749135
DB01062	PA164746030
DB01064	PA450121
DB01066	PA164747187
DB01067	PA449762
DB01068	PA449050
DB01069	PA451128
DB01070	PA164744345
DB01071	PA164748010
DB01072	PA10251
DB01074	PA130150436
DB01075	PA449349
DB01076	PA448500
DB01077	PA449548
DB01078	PA164747478
DB01080	PA10231
DB01081	PA164746539
DB01082	PA451512
DB01083	PA164776864
DB01084	PA164751802
DB01085	PA450962
DB01086	PA448576
DB01087	PA451103
DB01089	PA164742966
DB01090	PA164777033
DB01091	PA164745478
DB01092	PA163522138
DB01093	PA449342
DB01094	PA164742902
DB01096	PA164748782
DB01097	PA450192
DB01099	PA449654
DB01100	PA450965
DB01101	PA448771
DB01102	PA164747979
DB01103	PA164745551
DB01104	PA451333
DB01105	PA451344
DB01106	PA164742988
DB01107	PA164746748
DB01108	PA164748507
DB01110	PA450494
DB01111	PA164749509
DB01112	PA448868
DB01113	PA164745550
DB01114	PA448960
DB01115	PA450631
DB01116	PA451784
DB01118	PA448383
DB01119	PA449285
DB01120	PA10892
DB01121	PA164745309
DB01122	PA164764601
DB01123	PA164748742
DB01124	PA451718
DB01125	PA164746467
DB01126	PA164749300
DB01127	PA164746010
DB01128	PA164746255
DB01129	PA451216
DB01130	PA164749394
DB01131	PA451124
DB01132	PA450970
DB01133	PA451688
DB01134	PA449245
DB01135	PA164744927
DB01136	PA448817
DB01137	PA450214
DB01137	PA450684
DB01138	PA451550
DB01139	PA164749340
DB01140	PA448835
DB01141	PA164781026
DB01142	PA449409
DB01143	PA448365
DB01144	PA164745512
DB01145	PA164776911
DB01146	PA164746377
DB01147	PA449059
DB01148	PA164781386
DB01149	PA450603
DB01150	PA164746342
DB01151	PA449233
DB01153	PA164748328
DB01154	PA164746997
DB01156	PA448687
DB01157	PA451790
DB01158	PA448662
DB01159	PA449845
DB01160	PA164781385
DB01161	PA448946
DB01162	PA451612
DB01163	PA164754807
DB01164	PA164712582
DB01164	PA448729
DB01165	PA450214
DB01165	PA450684
DB01166	PA164746334
DB01167	PA450132
DB01168	PA451112
DB01170	PA449823
DB01171	PA452615
DB01172	PA450137
DB01173	PA450715
DB01174	PA450911
DB01175	PA10074
DB01175	PA449015
DB01176	PA164742937
DB01177	PA449961
DB01178	PA448939
DB01179	PA450993
DB01180	PA164768818
DB01181	PA449964
DB01182	PA451131
DB01183	PA450586
DB01184	PA134711056
DB01185	PA164744518
DB01186	PA450873
DB01187	PA164743143
DB01188	PA164747060
DB01189	PA164749136
DB01190	PA449035
DB01191	PA164747936
DB01191	PA449592
DB01193	PA448011
DB01194	PA164744929
DB01195	PA449646
DB01196	PA449507
DB01197	PA448780
DB01198	PA10236
DB01198	PA162630444
DB01199	PA451811
DB01200	PA448671
DB01202	PA450206
DB01203	PA450573
DB01204	PA450526
DB01205	PA449659
DB01206	PA164749407
DB01207	PA164746413
DB01208	PA451472
DB01209	PA164746059
DB01210	PA164747027
DB01211	PA449028
DB01212	PA448866
DB01213	PA449697
DB01214	PA164748727
DB01215	PA449502
DB01216	PA449627
DB01217	PA448432
DB01218	PA449839
DB01219	PA449208
DB01220	PA164752443
DB01221	PA450144
DB01222	PA448681
DB01223	PA164781029
DB01223	PA451647
DB01224	PA451201
DB01226	PA450528
DB01227	PA164746889
DB01227	PA450215
DB01229	PA450761
DB01230	PA450836
DB01231	PA164746037
DB01232	PA451305
DB01233	PA450475
DB01234	PA164754818
DB01234	PA449247
DB01235	PA450213
DB01236	PA451341
DB01237	PA164760854
DB01238	PA10026
DB01239	PA164781400
DB01240	PA449479
DB01241	PA449750
DB01242	PA449048
DB01243	PA164754879
DB01244	PA164754755
DB01245	PA164747980
DB01246	PA164744009
DB01247	PA450101
DB01248	PA449383
DB01249	PA164783998
DB01251	PA164744895
DB01252	PA164748124
DB01253	PA449487
DB01254	PA162372878
DB01255	PA164748975
DB01256	PA164749341
DB01259	PA152241907
DB01260	PA164776996
DB01261	PA164748978
DB01262	PA164749631
DB01263	PA151958574
DB01264	PA163522472
DB01265	PA164760861
DB01267	PA163518919
DB01268	PA162372840
DB01273	PA164781343
DB01274	PA134687907
DB01274	PA164743977
DB01275	PA449894
DB01280	PA164752425
DB01283	PA164769031
DB01284	PA164749052
DB01288	PA10079
DB01289	PA164743233
DB01291	PA450983
DB01294	PA451299
DB01295	PA164743236
DB01296	PA164747613
DB01297	PA164752820
DB01298	PA164754808
DB01299	PA451540
DB01303	PA448976
DB01319	PA10084
DB01320	PA164746820
DB01321	PA164749133
DB01324	PA164748763
DB01325	PA164760863
DB01326	PA448837
DB01327	PA448839
DB01328	PA164743021
DB01329	PA448849
DB01330	PA164784033
DB01331	PA448856
DB01332	PA164748758
DB01333	PA448890
DB01336	PA164749507
DB01337	PA450771
DB01338	PA164764567
DB01339	PA164748865
DB01340	PA164748302
DB01342	PA164776845
DB01346	PA450911
DB01346	PA451209
DB01346	PA451213
DB01347	PA164746338
DB01348	PA164776913
DB01349	PA164769057
DB01351	PA448401
DB01352	PA164754809
DB01353	PA164748035
DB01354	PA164783812
DB01355	PA449875
DB01356	PA450243
DB01357	PA450388
DB01359	PA164749474
DB01362	PA450061
DB01364	PA449466
DB01364	PA451170
DB01365	PA164745533
DB01366	PA164748908
DB01367	PA164764584
DB01370	PA164760864
DB01377	PA164712884
DB01378	PA164712884
DB01380	PA449130
DB01382	PA164748839
DB01384	PA164777035
DB01388	PA450492
DB01390	PA451375
DB01392	PA451946
DB01393	PA162364313
DB01394	PA449092
DB01395	PA164749409
DB01396	PA449316
DB01397	PA164712884
DB01397	PA451299
DB01399	PA164745462
DB01400	PA450611
DB01401	PA164712884
DB01401	PA448976
DB01401	PA451299
DB01403	PA164743234
DB01406	PA164749056
DB01407	PA164745640
DB01408	PA164743113
DB01409	PA164769056
DB01410	PA164781399
DB01412	PA451646
DB01413	PA164754876
DB01414	PA164776752
DB01415	PA164744555
DB01416	PA164746385
DB01419	PA164784000
DB01420	PA164751373
DB01421	PA164784023
DB01422	PA164754993
DB01423	PA164748630
DB01424	PA164748135
DB01425	PA164744894
DB01426	PA164776839
DB01427	PA164746803
DB01428	PA164742933
DB01429	PA164764496
DB01430	PA164750492
DB01431	PA164745307
DB01433	PA164746889
DB01433	PA450215
DB01435	PA448453
DB01436	PA164746469
DB01437	PA164749505
DB01438	PA164746899
DB01440	PA10819
DB01452	PA452619
DB01454	PA131887008
DB01463	PA164747055
DB01483	PA448538
DB01486	PA164748965
DB01494	PA448925
DB01495	PA448453
DB01495	PA448925
DB01522	PA164746889
DB01522	PA450215
DB01544	PA164781320
DB01555	PA164746889
DB01555	PA450215
DB01558	PA10035
DB01559	PA164752437
DB01563	PA448925
DB01567	PA164745609
DB01574	PA164712884
DB01576	PA448408
DB01576	PA449269
DB01577	PA450403
DB01579	PA450902
DB01580	PA10284
DB01581	PA164776842
DB01582	PA451542
DB01583	PA164748036
DB01583	PA164752444
DB01583	PA164778866
DB01583	PA450221
DB01586	PA165958403
DB01586	PA451837
DB01587	PA164749385
DB01588	PA164776668
DB01589	PA164744373
DB01590	PA164746311
DB01591	PA164783810
DB01592	PA450087
DB01593	PA451956
DB01594	PA164748034
DB01595	PA10242
DB01597	PA448998
DB01598	PA449968
DB01599	PA451107
DB01600	PA164764503
DB01601	PA450264
DB01602	PA164745461
DB01603	PA164777034
DB01604	PA164776912
DB01605	PA164750167
DB01606	PA164764504
DB01607	PA451684
DB01608	PA164781043
DB01610	PA10227
DB01611	PA164777036
DB01613	PA164746528
DB01614	PA164783999
DB01615	PA164743727
DB01616	PA164764505
DB01618	PA164746756
DB01619	PA164750491
DB01620	PA164744506
DB01621	PA10158
DB01622	PA164754875
DB01623	PA451669
DB01624	PA452629
DB01625	PA164781398
DB01626	PA450797
DB01627	PA164749212
DB01628	PA164776853
DB01638	PA450320
DB01638	PA451455
DB01645	PA165109660
DB01656	PA165948052
DB01687	PA450161
DB01703	PA450087
DB01708	PA451993
DB01739	PA164750430
DB01746	PA450197
DB01764	PA164746234
DB01786	PA448055
DB01794	PA164712884
DB01853	PA164712884
DB01942	PA449705
DB01954	PA153906323
DB02010	PA165109623
DB02013	PA450087
DB02031	PA164745110
DB02032	PA448780
DB02061	PA450161
DB02097	PA449177
DB02133	PA164712884
DB02165	PA451956
DB02174	PA10090
DB02176	PA448021
DB02266	PA166049190
DB02300	PA448714
DB02325	PA450117
DB02424	PA152031327
DB02517	PA449776
DB02546	PA164748224
DB02556	PA450931
DB02587	PA146096022
DB02626	PA450087
DB02638	PA164781020
DB02648	PA450154
DB02655	PA448494
DB02659	PA166160055
DB02665	PA451741
DB02678	PA164747613
DB02703	PA164749648
DB02709	PA165291838
DB02743	PA450161
DB02745	PA130230921
DB02750	PA449173
DB02772	PA451525
DB02779	PA451988
DB02853	PA451125
DB02893	PA450423
DB02932	PA164746255
DB03033	PA451991
DB03034	PA450214
DB03034	PA450684
DB03109	PA164752287
DB03125	PA451788
DB03128	PA448031
DB03166	PA448021
DB03172	PA152530738
DB03201	PA449173
DB03225	PA10323
DB03252	PA450280
DB03255	PA450913
DB03256	PA450198
DB03322	PA451145
DB03323	PA450161
DB03350	PA166131585
DB03467	PA151958361
DB03496	PA452627
DB03510	PA130230922
DB03528	PA448049
DB03567	PA164752287
DB03574	PA450087
DB03575	PA128406980
DB03585	PA450750
DB03606	PA153906323
DB03700	PA451673
DB03740	PA164752287
DB03783	PA450897
DB03793	PA448578
DB03839	PA451822
DB03843	PA449703
DB03849	PA165948031
DB03894	PA164764584
DB03904	PA451831
DB03918	PA161990676
DB03929	PA451330
DB03943	PA164776968
DB04027	PA448478
DB04115	PA165860812
DB04149	PA153906323
DB04272	PA449021
DB04275	PA140222717
DB04293	PA164754806
DB04304	PA449770
DB04342	PA164743144
DB04465	PA450161
DB04485	PA164760861
DB04506	PA164712884
DB04552	PA164746749
DB04573	PA164769104
DB04574	PA164754789
DB04574	PA165958342
DB04575	PA164749042
DB04650	PA448625
DB04690	PA153590860
DB04711	PA164745532
DB04743	PA137179528
DB04786	PA10292
DB04789	PA166129561
DB04794	PA164746464
DB04817	PA166128206
DB04828	PA166049188
DB04835	PA164768835
DB04837	PA164748134
DB04838	PA164748026
DB04840	PA452616
DB04841	PA164776636
DB04842	PA162565878
DB04843	PA164746250
DB04844	PA140222719
DB04845	PA165110439
DB04851	PA164924560
DB04861	PA151958426
DB04868	PA165958345
DB04874	PA166131585
DB04876	PA165958346
DB04877	PA165958347
DB04878	PA164752433
DB04880	PA164768794
DB04884	PA166151992
DB04890	PA164781356
DB04894	PA164743146
DB04896	PA164752812
DB04898	PA161748474
DB04908	PA166153431
DB04909	PA166115581
DB04930	PA164743137
DB04936	PA449716
DB04942	PA164743464
DB04948	PA164744510
DB04967	PA164748783
DB04996	PA166131585
DB04996	PA448021
DB05016	PA166151864
DB05039	PA165958348
DB05109	PA165958349
DB05220	PA166165015
DB05239	PA166160044
DB05245	PA164744951
DB05246	PA164743145
DB05260	PA164781198
DB05265	PA165958350
DB05266	PA165958351
DB05271	PA165958352
DB05271	PA166165149
DB05289	PA449683
DB05294	PA166118341
DB05296	PA448021
DB05351	PA166110257
DB05351	PA450180
DB05428	PA448021
DB05521	PA165958354
DB05541	PA166153491
DB05575	PA166118340
DB05630	PA164743129
DB05667	PA450146
DB05812	PA166123407
DB05966	PA449021
DB06144	PA164784002
DB06148	PA134687937
DB06150	PA165958357
DB06151	PA448033
DB06155	PA152407999
DB06176	PA166161306
DB06196	PA164749185
DB06201	PA166131606
DB06204	PA166179720
DB06209	PA154410481
DB06213	PA166129536
DB06218	PA166160048
DB06253	PA164776929
DB06267	PA164776753
DB06268	PA165958361
DB06274	PA164754864
DB06282	PA448905
DB06287	PA164746890
DB06288	PA162565877
DB06290	PA166122590
DB06292	PA166104278
DB06311	PA165884699
DB06335	PA165958362
DB06413	PA450530
DB06414	PA166014703
DB06441	PA165945763
DB06448	PA166129466
DB06523	PA451241
DB06532	PA166122486
DB06594	PA165958363
DB06598	PA166119001
DB06603	PA166161307
DB06605	PA166163740
DB06608	PA166115580
DB06623	PA166152829
DB06634	PA166129533
DB06637	PA166123389
DB06678	PA450522
DB06689	PA164746758
DB06691	PA165817939
DB06694	PA165958368
DB06695	PA165958369
DB06697	PA165111698
DB06698	PA165958372
DB06699	PA165958373
DB06700	PA165958374
DB06701	PA10054
DB06701	PA450464
DB06702	PA165958376
DB06703	PA165958377
DB06706	PA165958379
DB06707	PA165958380
DB06708	PA165111722
DB06709	PA165958382
DB06711	PA165958384
DB06712	PA165958385
DB06713	PA164953212
DB06714	PA165958387
DB06715	PA451060
DB06716	PA165958389
DB06717	PA165958390
DB06718	PA165958391
DB06724	PA164712582
DB06726	PA166110256
DB06729	PA130231310
DB06730	PA165958397
DB06735	PA449046
DB06736	PA166049185
DB06751	PA165958398
DB06766	PA165958399
DB06767	PA166131585
DB06768	PA166131585
DB06772	PA165958401
DB06775	PA165958402
DB06777	PA165958403
DB06777	PA451837
DB06781	PA165958405
DB06782	PA165958406
DB06784	PA449021
DB06788	PA448021
DB06793	PA451142
DB06802	PA165958407
DB06803	PA165958408
DB06804	PA450648
DB06809	PA165958410
DB06819	PA166114316
DB06987	PA448499
DB07129	PA450488
DB07232	PA166131609
DB07465	PA165958362
DB07467	PA449975
DB07477	PA166049177
DB07701	PA449394
DB07702	PA164769104
DB07705	PA164746010
DB07768	PA451627
DB08046	PA448970
DB08439	PA166049193
DB08472	PA449673
DB08544	PA449673
DB08607	PA451799
DB08645	PA164752426
DB08815	PA166129557
DB08816	PA165374673
DB08820	PA165950341
DB08820	PA166152935
DB08820	PA166179845
DB08826	PA166118041
DB08858	PA166131585
DB08865	PA165946122
DB08873	PA165948902
DB08877	PA166123386
DB08878	PA165109541
DB08881	PA165946873
DB08884	PA165985534
DB08889	PA166165203
DB08891	PA448533
DB08901	PA165980594
DB08908	PA166152838
DB08911	PA166115364
DB08916	PA165981154
DB08918	PA164752812
DB08922	PA165291546
DB08930	PA166114961
DB08934	PA166122593
DB08934	PA166163416
DB08934	PA166163427
DB08938	PA164712884
DB08942	PA166049183
DB08981	PA166049176
DB09001	PA165958387
DB09001	PA450911
DB09026	PA143487910
DB09027	PA166128166
DB09027	PA166163427
DB09038	PA166163327
DB09039	PA166123486
DB09053	PA166121346
DB09065	PA166165092
DB09068	PA166122595
DB09072	PA10819
DB09073	PA166153469
DB09075	PA166128806
DB09078	PA166153472
DB09083	PA166123415
DB09094	PA450993
DB09099	PA166178990
DB09102	PA166128167
DB09104	PA164712884
DB09116	PA164712582
DB09125	PA449021
DB09128	PA166160053
DB09146	PA451525
DB09154	PA449021
DB09183	PA166160002
DB09183	PA166163411
DB09212	PA166049180
DB09213	PA166049174
DB09213	PA449957
DB09214	PA166049175
DB09214	PA450149
DB09215	PA166049182
DB09216	PA166049189
DB09217	PA166049194
DB09237	PA448388
DB09274	PA165111697
DB09277	PA448976
DB09280	PA166114483
DB09280	PA166152935
DB09281	PA164712884
DB09296	PA166160002
DB09296	PA166163408
DB09296	PA166163409
DB09297	PA166160002
DB09297	PA166163408
DB09297	PA166163410
DB09298	PA166129539
DB09308	PA166165147
DB09320	PA450842
DB09320	PA451110
DB09321	PA451956
DB09326	PA166131585
DB09330	PA166131626
DB09351	PA448611
DB09389	PA450218
DB09389	PA450656
DB09395	PA448021
DB09407	PA164712884
DB09409	PA164712884
DB09409	PA448021
DB09481	PA164712884
DB09501	PA166131585
DB09501	PA449021
DB09510	PA451831
DB09513	PA451831
DB09517	PA449770
DB09517	PA451525
DB09555	PA448960
DB09563	PA448976
DB09571	PA450403
DB11079	PA451299
DB11093	PA164712582
DB11093	PA449021
DB11110	PA164712884
DB11110	PA449021
DB11126	PA164712582
DB11126	PA449770
DB11128	PA166131585
DB11129	PA451831
DB11141	PA449770
DB11154	PA449021
DB11168	PA164712582
DB11189	PA164712884
DB11189	PA449789
DB11195	PA451938
DB11197	PA449173
DB11197	PA449789
DB11200	PA449789
DB11210	PA449789
DB11233	PA449021
DB11246	PA449770
DB11248	PA449770
DB11256	PA166129561
DB11264	PA164712582
DB11315	PA164784032
DB11344	PA164776605
DB11348	PA164712582
DB11363	PA166160050
DB11428	PA449256
DB11525	PA166131585
DB11560	PA166160006
DB11574	PA166163436
DB11575	PA166163437
DB11575	PA166163438
DB11576	PA450087
DB11581	PA166153473
DB11586	PA166128168
DB11596	PA450198
DB11614	PA165107052
DB11629	PA166129564
DB11689	PA166129529
DB11712	PA166179845
DB11718	PA166179872
DB11730	PA166153470
DB11737	PA166114460
DB11749	PA164764583
DB11793	PA166131610
DB11807	PA450334
DB11808	PA166128132
DB11823	PA450144
DB11845	PA166131607
DB11868	PA450206
DB11929	PA166128169
DB11940	PA165858618
DB11947	PA166115441
DB11964	PA165947499
DB11967	PA166179867
DB11995	PA166179849
DB12001	PA166153471
DB12098	PA448533
DB12108	PA166163227
DB12160	PA166123566
DB12161	PA140222719
DB12181	PA166131581
DB12184	PA166123367
DB12267	PA166163482
DB12286	PA164749138
DB12314	PA165857067
DB12332	PA166163418
DB12350	PA166129554
DB12395	PA144614921
DB12425	PA164748036
DB12425	PA164778866
DB12523	PA166129535
DB12628	PA448976
DB12650	PA451316
DB12752	PA165945764
DB12770	PA166110255
DB12783	PA165360203
DB12802	PA450993
DB12804	PA166119201
DB12971	PA165949675
DB12979	PA165360204
DB13132	PA165111696
DB13139	PA448068
DB13142	PA164712582
DB13142	PA449770
DB13145	PA166131585
DB13169	PA164746281
DB13179	PA127840611
DB13180	PA449770
DB13207	PA448478
DB13207	PA449776
DB13220	PA448494
DB13231	PA164712582
DB13232	PA166049191
DB13249	PA164712884
DB13264	PA164745442
DB13317	PA166049179
DB13322	PA164712884
DB13323	PA166115521
DB13381	PA449439
DB13402	PA448925
DB13404	PA449439
DB13443	PA448499
DB13486	PA164712884
DB13509	PA448497
DB13515	PA450401
DB13576	PA450617
DB13582	PA449021
DB13584	PA164745088
DB13590	PA164712582
DB13595	PA164712884
DB13612	PA164712582
DB13612	PA448497
DB13612	PA451831
DB13620	PA449770
DB13626	PA449789
DB13636	PA449349
DB13650	PA449770
DB13679	PA448960
DB13720	PA164748388
DB13725	PA165817950
DB13748	PA448478
DB13749	PA164712884
DB13749	PA449770
DB13762	PA451216
DB13766	PA165818137
DB13783	PA166049184
DB13786	PA164712884
DB13789	PA448021
DB13800	PA164712582
DB13812	PA451647
DB13829	PA164712582
DB13851	PA165260403
DB13860	PA451299
DB13862	PA164712884
DB13910	PA451846
DB13919	PA448765
DB13941	PA166104279
DB13962	PA164712582
DB13972	PA450423
DB13995	PA449021
DB13996	PA164712884
DB13996	PA448021
DB14006	PA448976
DB14006	PA451299
DB14060	PA166049196
DB14063	PA451868
DB14077	PA164712884
DB14080	PA164712884
DB14080	PA448033
DB14089	PA451521
DB14093	PA451627
DB14116	PA164712884
DB14126	PA10204
DB14185	PA166161216
DB14193	PA451956
DB14194	PA451956
DB14476	PA451900
DB14479	PA448033
DB14481	PA164712582
DB14482	PA166163262
DB14483	PA164712582
DB14484	PA164712884
DB14493	PA449789
DB14497	PA164712582
DB14497	PA164712884
DB14498	PA448021
DB14501	PA449789
DB14506	PA450243
DB14507	PA449021
DB14507	PA450243
DB14508	PA450243
DB14509	PA450243
DB14511	PA448021
DB14514	PA164712884
DB14518	PA448021
DB14526	PA449021
DB14528	PA449770
DB14529	PA450617
DB14577	PA164712582
DB14596	PA164764569
DB14598	PA164712582
DB14598	PA449439
DB14599	PA449439
DB14600	PA449439
DB14655	PA164760855
DB14682	PA164744368
DB14704	PA451938
DB14750	PA449409
DB14775	PA166163226
DB14850	PA166128130
DB14872	PA10140
DB15087	PA449716
DB15111	PA448021
DB15130	PA164742949
DB15141	PA165950341
DB15141	PA166152935
DB15141	PA166179845
DB15198	PA450401
DB15393	PA165980595
DB15410	PA451131
DB15414	PA7000
DB15533	PA164712582
DB15555	PA164712884
DB15556	PA449021
DB15556	PA449789
